slug,title,cancer_type,url,word_count
daniel-garza,Daniel’s Stage 2 Squamous Cell Carcinoma Anal Cancer Story,anal-cancer,https://thepatientstory.com/patient-stories/anal-cancer/squamous-cell-carcinoma/daniel-garza,4606
black-patient-series,Bladder Cancer Series: Through the Eyes of Black Women,bladder-cancer,https://thepatientstory.com/patient-stories/bladder-cancer/black-patient-series,2952
bladder-cancer-basics,"Bladder Cancer 101: Understanding Types, Stages, and Spread",bladder-cancer,https://thepatientstory.com/patient-stories/bladder-cancer/bladder-cancer-basics,907
brandon-p,"Diagnosed with Non-Muscle Invasive Bladder Cancer at 21, Brandon Refused to Wait for Answers",bladder-cancer,https://thepatientstory.com/patient-stories/bladder-cancer/brandon-p,3677
causes-symptoms-2,Bladder Cancer Causes & Symptoms – Described by Real Patients,bladder-cancer,https://thepatientstory.com/patient-stories/bladder-cancer/causes-symptoms-2,1036
diagnosis-and-treatment,Diagnosis and Treatment for Bladder Cancer,bladder-cancer,https://thepatientstory.com/patient-stories/bladder-cancer/diagnosis-and-treatment,1084
john-m,"How John Navigated a Muscle-Invasive Bladder Cancer Diagnosis Alongside His Wife and Care Partner, Heike",bladder-cancer,https://thepatientstory.com/patient-stories/bladder-cancer/john-m,5348
jon-t,Relying on My Faith and Family to Get Through Bladder Cancer: Jon’s Story,bladder-cancer,https://thepatientstory.com/patient-stories/bladder-cancer/jon-t,1567
laurent-g,Laurent Gemenick’s Bladder Cancer: A Story of Second Opinions and Self-Advocacy,bladder-cancer,https://thepatientstory.com/patient-stories/bladder-cancer/laurent-g,1785
lori-m,The Pain Felt Like Food Poisoning: Lori’s Path to a Stage 4 Bladder Cancer Diagnosis,bladder-cancer,https://thepatientstory.com/patient-stories/bladder-cancer/lori-m,3578
lyn-u,"Lyn: Muscle-Invasive Bladder Cancer, Hairdressing, and Finding Health Again",bladder-cancer,https://thepatientstory.com/patient-stories/bladder-cancer/lyn-u,6356
michael-v,Michael’s Experience with Stage 1 Non-Muscle Invasive Bladder Cancer (High-Grade),bladder-cancer,https://thepatientstory.com/patient-stories/bladder-cancer/michael-v,399
tony-s,San Francisco Firefighter Tony Survived Bladder Cancer (Transitional Cell Carcinoma) Twice — and Built a Movement to Protect His Brothers and Sisters,bladder-cancer,https://thepatientstory.com/patient-stories/bladder-cancer/transitional-cell-carcinoma-bladder-cancer/tony-s,6291
cat-l,"Cat’s Stage 2B IDC & DCIS, ER+ Breast Cancer Story",breast-cancer,https://thepatientstory.com/patient-stories/breast-cancer/combination-types/cat-l,3686
lashae-r,LaShae’s Stage 2B Multicentric ER+ IDC & DCIS Breast Cancer Story,breast-cancer,https://thepatientstory.com/patient-stories/breast-cancer/combination-types/lashae-r,3125
margaret-a,Margaret’s Stage 2 IDC & DCIS Breast Cancer Story,breast-cancer,https://thepatientstory.com/patient-stories/breast-cancer/combination-types/margaret-a,5442
tina-c,Tina’s Stage 3A ER+ Invasive & Lobular Breast Cancer Story,breast-cancer,https://thepatientstory.com/patient-stories/breast-cancer/combination-types/tina-c,11781
erica-c,Erica’s Stage 0 DCIS Breast Cancer Story,breast-cancer,https://thepatientstory.com/patient-stories/breast-cancer/ductal-carcinoma-in-situ/erica-c,3106
nicole-f,Nicole’s Stage 1 DCIS Breast Cancer Experience: How She Found ‘Beauty in the Breaking’,breast-cancer,https://thepatientstory.com/patient-stories/breast-cancer/ductal-carcinoma-in-situ/nicole-f,5506
amanda-r,"Amanda’s Rare Genetic Condition, Li-Fraumeni Syndrome, Led to Breast Cancer and Osteosarcoma Back to Back",breast-cancer,https://thepatientstory.com/patient-stories/breast-cancer/invasive-ductal-carcinoma/amanda-r,6500
dana-s,Mental Health Care is Always Vital Care: Dana’s Stage 4 IDC Breast Cancer Story,breast-cancer,https://thepatientstory.com/patient-stories/breast-cancer/invasive-ductal-carcinoma/dana-s,2156
monica-h,Monica’s Stage 2B IDC Breast Cancer & Undifferentiated Pleomorphic Sarcoma Story,breast-cancer,https://thepatientstory.com/patient-stories/breast-cancer/invasive-ductal-carcinoma/monica-h,3425
shelby-m,My Breast Cancer Diagnosis at 15 Weeks Pregnant as a Surrogate: Shelby’s Extraordinary Story,breast-cancer,https://thepatientstory.com/patient-stories/breast-cancer/invasive-ductal-carcinoma/shelby-m,4517
kathleen-m,Kathleen Reclaims Body Confidence After Lobular Breast Cancer,breast-cancer,https://thepatientstory.com/patient-stories/breast-cancer/invasive-lobular-carcinoma/kathleen-m,427
megan-claire-c,Megan-Claire’s Stage 2A Invasive Lobular Breast Cancer Story,breast-cancer,https://thepatientstory.com/patient-stories/breast-cancer/invasive-lobular-carcinoma/megan-claire-c,13859
nikoo-m,Nikoo Navigates Stage 4 Lobular Breast Cancer with Targeted Therapy,breast-cancer,https://thepatientstory.com/patient-stories/breast-cancer/invasive-lobular-carcinoma/nikoo-m,1197
lauren-b,Lauren’s Stage 4 Breast and Stage 4 Colon Cancer Story,breast-cancer,https://thepatientstory.com/patient-stories/breast-cancer/lauren-b,401
dalitso-n,“Know Your ‘Why’”: Dalitso Embraces Life Through Stage 4 HER2+ IDC Breast Cancer,breast-cancer,https://thepatientstory.com/patient-stories/breast-cancer/metastatic-breast-cancer-patient-stories/dalitso-n,3376
janice-c,The Gift of Time: Janice Found Purpose and Advocacy Through Stage 4 Triple-Negative Breast Cancer,breast-cancer,https://thepatientstory.com/patient-stories/breast-cancer/metastatic-breast-cancer-patient-stories/janice-c,2018
marissa-t,Finding Comfort: How Marissa Navigates Stage 4 BRCA2+ ILC Breast Cancer,breast-cancer,https://thepatientstory.com/patient-stories/breast-cancer/metastatic-breast-cancer-patient-stories/marissa-t,2440
nicole-b-3,Finding Strength Through Art: Nicole’s Stage 4 Triple-Negative Breast Cancer Experience,breast-cancer,https://thepatientstory.com/patient-stories/breast-cancer/metastatic-breast-cancer-patient-stories/nicole-b-3,1369
erika-s,Erika’s BRCA 2 Previvor Breast Cancer Story,breast-cancer,https://thepatientstory.com/patient-stories/breast-cancer/previvor/erika-s,4844
jes-s,More Than a Diagnosis: Finding Community Became Jes’ Lifeline Through Triple-Negative Breast Cancer,breast-cancer,https://thepatientstory.com/patient-stories/breast-cancer/triple-negative-tnbc/jes-s,4292
marina-b,How an Athlete’s Mindset Guided Marina’s Triple-Negative Breast Cancer Experience – Twice,breast-cancer,https://thepatientstory.com/patient-stories/breast-cancer/triple-negative-tnbc/marina-b,6935
kristine-m,Kristine’s Stage 2B Adenocarcinoma Cervical Cancer Story,cervical-cancer,https://thepatientstory.com/patient-stories/cervical-cancer/adenocarcinoma/kristine-m,9638
aj-h,AJ Shows the World the True Face of Stage 4B Cervical Cancer,cervical-cancer,https://thepatientstory.com/patient-stories/cervical-cancer/aj-h,3033
alicia-r,"Twice Diagnosed, Fully Empowered: Ali on Stage 4 Cervical Cancer, a Radical Hysterectomy, and the Pap Smear That Could Save Your Life",cervical-cancer,https://thepatientstory.com/patient-stories/cervical-cancer/alicia-r,5562
amanda-l,How Misdiagnoses Delayed Amanda’s Stage 3 Cervical Cancer Diagnosis,cervical-cancer,https://thepatientstory.com/patient-stories/cervical-cancer/amanda-l,443
cervical-cancer#,"Cervical Cancer 101: Understanding Causes, Types, and Stages",cervical-cancer,https://thepatientstory.com/patient-stories/cervical-cancer/cervical-cancer#,1254
a-firefighters-story,Bladder Cancer Awareness: A Firefighter’s Story,bladder-cancer,https://thepatientstory.com/patient-stories/bladder-cancer/a-firefighters-story,2957
danny-g,"Bladder Cancer Changed Me, But It Didn’t Break Me: Danny’s Story",bladder-cancer,https://thepatientstory.com/patient-stories/bladder-cancer/danny-g,2283
dorinda-g,Why Speaking Up Matters: Dorinda’s Life with Bladder Cancer,bladder-cancer,https://thepatientstory.com/patient-stories/bladder-cancer/dorinda-g,4464
ebony-g,Ebony’s Stage N2 Muscle-Invasive Bladder Cancer Story,bladder-cancer,https://thepatientstory.com/patient-stories/bladder-cancer/ebony-g,11120
karen-r,Karen’s Stage 1 High-Grade Urothelial Cancer Story,bladder-cancer,https://thepatientstory.com/patient-stories/bladder-cancer/karen-r,3613
lasonya-d,LaSonya’s High-Grade Bladder Cancer Story,bladder-cancer,https://thepatientstory.com/patient-stories/bladder-cancer/lasonya-d,9244
margo-w,Margo’s Plasmacytoid Bladder Cancer Story,bladder-cancer,https://thepatientstory.com/patient-stories/bladder-cancer/margo-w,10680
michelle-r,Michelle’s Recurrent Stage 1 Bladder Cancer Story,bladder-cancer,https://thepatientstory.com/patient-stories/bladder-cancer/michelle-r,5249
one-womans-bladder-cancer-story,Breaking the Silence: One Woman’s Bladder Cancer Story,bladder-cancer,https://thepatientstory.com/patient-stories/bladder-cancer/one-womans-bladder-cancer-story,2358
the-lasting-impact-bladder-cancer-in-those-who-served,The Lasting Impact: Bladder Cancer in Those Who Served,bladder-cancer,https://thepatientstory.com/patient-stories/bladder-cancer/the-lasting-impact-bladder-cancer-in-those-who-served,3087
vickie-d,Vickie’s Muscle-Invasive Bladder Cancer Story,bladder-cancer,https://thepatientstory.com/patient-stories/bladder-cancer/vickie-d,8364
natalie-w,Natalie’s Stage 0 ER+ DCIS & Paget’s Disease Breast Cancer Story,breast-cancer,https://thepatientstory.com/patient-stories/breast-cancer/combination-types/natalie-w,6986
april-d,April’s Metastatic Triple-Negative Breast Cancer Story,breast-cancer,https://thepatientstory.com/patient-stories/breast-cancer/metastatic-breast-cancer-patient-stories/april-d,6798
teresa-b,"Four-Time Cancer Survivor Teresa is the Definition of Perseverance and Hope through Melanoma, Lip, and Breast Cancer",breast-cancer,https://thepatientstory.com/patient-stories/breast-cancer/teresa-b,1017
chance-o,Chance’s Stage 2 Triple-Negative Breast Cancer Story,breast-cancer,https://thepatientstory.com/patient-stories/breast-cancer/triple-negative-tnbc/chance-o,4247
maggie-c,A Second Chance at Life: Maggie’s Stage 4 PD-L1+ Triple-Negative Breast Cancer Story,breast-cancer,https://thepatientstory.com/patient-stories/breast-cancer/triple-negative-tnbc/maggie-c,480
susan-s,Susan’s Recurrent Triple-Negative Breast Cancer & Parkinson’s Story,breast-cancer,https://thepatientstory.com/patient-stories/breast-cancer/triple-negative-tnbc/susan-s,7138
leanne-b,Leanne’s Stage 4 Cervical Cancer Story,cervical-cancer,https://thepatientstory.com/patient-stories/cervical-cancer/leanne-b,3028
macy-l,"Macy on Parenting, Pain, and Self-Advocacy With Stage 3B Cervical Cancer",cervical-cancer,https://thepatientstory.com/patient-stories/cervical-cancer/macy-l,3350
michelle-b,"Michelle’s Story of Faith, Strength, and Self-Care to Overcome Stage 3 Cervical Cancer",cervical-cancer,https://thepatientstory.com/patient-stories/cervical-cancer/michelle-b,441
candace-c,Finding New Ways to Start a Family: Candace’s Life Beyond Stage 3C Cervical Cancer,cervical-cancer,https://thepatientstory.com/patient-stories/cervical-cancer/small-cell-cervical-cancer/candace-c,464
brittany-w,Brittany’s Stage 4B Squamous Cell Metastatic Cervical Cancer Story,cervical-cancer,https://thepatientstory.com/patient-stories/cervical-cancer/squamous-cell-carcinoma-cervical-cancer/brittany-w,9965
chrystal-m,Strength in Family & Advocacy: Chrystal’s Story of Stage 3C  Cervical Cancer with PALB2 Mutation,cervical-cancer,https://thepatientstory.com/patient-stories/cervical-cancer/squamous-cell-carcinoma-cervical-cancer/chrystal-m,4996
marissa-n,Marissa’s Stage 3B Squamous Cell Cervical Cancer Story,cervical-cancer,https://thepatientstory.com/patient-stories/cervical-cancer/squamous-cell-carcinoma-cervical-cancer/marissa-n,7004
chloe-w,Living Boldly After Stage 3 Colon Cancer: Chloe’s Empowering Message,colorectal-cancer,https://thepatientstory.com/patient-stories/colorectal-cancer/colon/chloe-w,332
crystal-w,Colon Cancer at 36: How Crystal Faced Diagnosis and Found Connection,colorectal-cancer,https://thepatientstory.com/patient-stories/colorectal-cancer/colon/crystal-w,362
emily-k,Emily’s Stage 4 Colon Cancer Story,colorectal-cancer,https://thepatientstory.com/patient-stories/colorectal-cancer/colon/emily-k,393
jessica-t-2,Jessica’s Stage 4 BRAF Mutation Colon Cancer Story,colorectal-cancer,https://thepatientstory.com/patient-stories/colorectal-cancer/colon/jessica-t-2,373
kate-j,Kate’s Stage 4 Colon Cancer Story,colorectal-cancer,https://thepatientstory.com/patient-stories/colorectal-cancer/colon/kate-j,431
maddee-m,Maddee’s Stage 2 Colon Cancer Story,colorectal-cancer,https://thepatientstory.com/patient-stories/colorectal-cancer/colon/maddee-m,399
mario-p,Managing Neuropathy and Chemotherapy for Stage 3B Colon Cancer,colorectal-cancer,https://thepatientstory.com/patient-stories/colorectal-cancer/colon/mario-p,6749
adrienne-f,“I Have Stage 4 Cancer and I’m Living My Best Life”: Adrienne’s Stage 4 Colon Cancer Story,colorectal-cancer,https://thepatientstory.com/patient-stories/colorectal-cancer/colon/metastatic-colon/adrienne-f,4954
amber-k,Amber’s Stage 4 Colon Cancer Symptoms: How She Pushed Past “You’re Too Young” to Get Answers,colorectal-cancer,https://thepatientstory.com/patient-stories/colorectal-cancer/colon/metastatic-colon/amber-k,4385
jim-s,“I Was Weeks Away from Liver Failure”: Jim’s Unexpected Path Through Stage 4 Colon Cancer,colorectal-cancer,https://thepatientstory.com/patient-stories/colorectal-cancer/colon/metastatic-colon/jim-s,2928
mariana-t,"Stage 4 Colon Cancer at 26: Mariana’s Story of Missed Signs, Major Surgery, and Finding Her Voice",colorectal-cancer,https://thepatientstory.com/patient-stories/colorectal-cancer/colon/metastatic-colon/mariana-t,4848
nathan-g,Living From Scan to Scan: Young Dad Nathan’s Stage 4 Colon Cancer Story,colorectal-cancer,https://thepatientstory.com/patient-stories/colorectal-cancer/colon/metastatic-colon/nathan-g,8671
monica-a,Monica’s Stage 4 Colon Cancer Story,colorectal-cancer,https://thepatientstory.com/patient-stories/colorectal-cancer/colon/monica-a,370
rachael-m,Rachael’s Stage 4 Sigmoid Colon Cancer Story,colorectal-cancer,https://thepatientstory.com/patient-stories/colorectal-cancer/colon/rachael-m,408
carrie-h,From Sudden Stomach Pain to Stage 4 Colon Cancer: How Carrie Keeps Dancing Through It,colorectal-cancer,https://thepatientstory.com/patient-stories/colorectal-cancer/colon/signet-ring-cell-carcinoma-colon/metastatic-signet-ring-cell-carcinoma-colon/carrie-h,5444
sydney-s,Self-Advocacy Saved Sydney’s Life: Diagnosed with Stage 4 Colon Cancer,colorectal-cancer,https://thepatientstory.com/patient-stories/colorectal-cancer/colon/sydney-s,3309
zed-d,Diagnosed at 35: Zed’s Stage 3 Colon Cancer and the Power of Early Screening,colorectal-cancer,https://thepatientstory.com/patient-stories/colorectal-cancer/colon/zed-d,1995
colorectal-cancer-101,"Colorectal Cancer 101 Overview: Stages, Screening, and Treatment",colorectal-cancer,https://thepatientstory.com/patient-stories/colorectal-cancer/colorectal-cancer-101,723
jeffrey-r,Two Cancer Diagnoses in 14 Months: How Jeff Advocated Through Stage 3B Colorectal Cancer Treatment,colorectal-cancer,https://thepatientstory.com/patient-stories/colorectal-cancer/crc/jeffrey-r,7793
caroline-m-2,Stage 4 Colorectal Cancer and a Second Chance at Life: Caroline’s Story of Hope,colorectal-cancer,https://thepatientstory.com/patient-stories/colorectal-cancer/crc/metastatic-colorectal-cancer/caroline-m-2,5479
helen-d,“It Saved My Life”: Helen’s Stage 4 Colon Cancer and the Chemo Pump You May Not Have Heard Of,colorectal-cancer,https://thepatientstory.com/patient-stories/colorectal-cancer/crc/metastatic-colorectal-cancer/helen-d,6850
jackson-l,How Faith and Family Keep Jackson Going Amid Stage 4 Colon Cancer,colorectal-cancer,https://thepatientstory.com/patient-stories/colorectal-cancer/crc/metastatic-colorectal-cancer/jackson-l,6213
joe-c,From Losing His Appetite to Stage 4 Colon Cancer: Joe’s Story,colorectal-cancer,https://thepatientstory.com/patient-stories/colorectal-cancer/crc/metastatic-colorectal-cancer/joe-c,4754
kayleigh-g-p,Planning Love and Life with Stage 4 Colorectal Cancer: Kayleigh’s Story,colorectal-cancer,https://thepatientstory.com/patient-stories/colorectal-cancer/crc/metastatic-colorectal-cancer/kayleigh-g-p,1946
rylie-t,Life Changed Overnight: Rylie’s Experience with Stage 4 Colorectal Cancer,colorectal-cancer,https://thepatientstory.com/patient-stories/colorectal-cancer/crc/metastatic-colorectal-cancer/rylie-t,2103
shayla-l,Shayla’s Metastatic Colorectal Cancer Story,colorectal-cancer,https://thepatientstory.com/patient-stories/colorectal-cancer/crc/shayla-l,340
tracy-r,Tracy’s Stage 2B Colorectal Cancer Story,colorectal-cancer,https://thepatientstory.com/patient-stories/colorectal-cancer/crc/tracy-r,443
marisa-s,Marisa’s Colorectal Cancer Diagnosis at 37 Led to a BRCA2 Discovery,colorectal-cancer,https://thepatientstory.com/patient-stories/colorectal-cancer/marisa-s,8184
nicola-h,Early Testing Could Have Changed My Colorectal Cancer Story—Don’t Ignore the Signs,colorectal-cancer,https://thepatientstory.com/patient-stories/colorectal-cancer/nicola-h,305
rashawn-m,Rashawn’s Stage 1 Colorectal Cancer Story,colorectal-cancer,https://thepatientstory.com/patient-stories/colorectal-cancer/rashawn-m,389
jessenia-l,Jessenia’s Stage 3 Rectal Cancer Story,colorectal-cancer,https://thepatientstory.com/patient-stories/colorectal-cancer/rectal/jessenia-l,441
kalei-m,Cancer is Not Just an Older Person’s Disease: Kalei’s Stage 4 Rectal Cancer Story,colorectal-cancer,https://thepatientstory.com/patient-stories/colorectal-cancer/rectal/kalei-m,3213
kalei-m-2,Kalei’s Stage 4 Rectal Cancer Story: Has My Cancer Returned?,colorectal-cancer,https://thepatientstory.com/patient-stories/colorectal-cancer/rectal/metastatic-rectal/kalei-m-2,5127
roshonda-c,Roshonda’s Stage 4 Rectal Cancer Story,colorectal-cancer,https://thepatientstory.com/patient-stories/colorectal-cancer/rectal/roshonda-c,466
sarah-g,From Shock to Strength: Sarah’s Stage 2A Rectal Cancer Diagnosis and Recovery,colorectal-cancer,https://thepatientstory.com/patient-stories/colorectal-cancer/rectal/sarah-g,2219
shiva-s,"From Doctor to Patient, Shiva Faces a Double Cancer Diagnosis: Rectal Cancer and Kidney Cancer",colorectal-cancer,https://thepatientstory.com/patient-stories/colorectal-cancer/rectal/shiva-s,4060
taylor-m,"At 19, Every Nurse Told Taylor She Was Too Young for Rectal Cancer; She Wasn’t",colorectal-cancer,https://thepatientstory.com/patient-stories/colorectal-cancer/rectal/taylor-m,3638
amanda-p-2,Amanda’s Stage 4 Hodgkin Lymphoma Story,hodgkin-lymphoma,https://thepatientstory.com/patient-stories/hodgkin-lymphoma/amanda-p-2,380
brescia-d,Brescia’s Hodgkin Lymphoma Story,hodgkin-lymphoma,https://thepatientstory.com/patient-stories/hodgkin-lymphoma/classical/brescia-d,312
danielle-d-2,Danielle’s Stage 1 Classical Hodgkin’s Lymphoma Story,hodgkin-lymphoma,https://thepatientstory.com/patient-stories/hodgkin-lymphoma/classical/danielle-d-2,5283
nicole-d,Nicole’s Hodgkin’s Lymphoma Story,hodgkin-lymphoma,https://thepatientstory.com/patient-stories/hodgkin-lymphoma/classical/nicole-d,4309
patrick-c,Patrick’s Stage 2B Hodgkin’s Lymphoma Story,hodgkin-lymphoma,https://thepatientstory.com/patient-stories/hodgkin-lymphoma/classical/patrick-c,3145
stephenie-p,Stephenie’s Classical Hodgkin Lymphoma Story,hodgkin-lymphoma,https://thepatientstory.com/patient-stories/hodgkin-lymphoma/classical/stephenie-p,7383
daniel-h,"“I’m Still Here”: Daniel on Hodgkin Lymphoma, MDS, AML, and Learning to Love His Body",hodgkin-lymphoma,https://thepatientstory.com/patient-stories/hodgkin-lymphoma/daniel-h,5912
hodgkin-lymphoma-101,"Hodgkin’s Lymphoma 101: Causes, Types, and Stages",hodgkin-lymphoma,https://thepatientstory.com/patient-stories/hodgkin-lymphoma/hodgkin-lymphoma-101,654
rachel-h,"From Active Duty to Lifelong Cancer Patient: Rachel on Living with Recurrent, Incurable Lymphoma",hodgkin-lymphoma,https://thepatientstory.com/patient-stories/hodgkin-lymphoma/nodular-lymphocyte-predominant-hodgkin-lymphoma-nlphl/rachel-h,3481
riley-g,Rylie’s Stage 4 Hodgkin Lymphoma Story,hodgkin-lymphoma,https://thepatientstory.com/patient-stories/hodgkin-lymphoma/riley-g,356
nina-n,Nina’s Stage 2 Chromophobe Renal Cell Carcinoma Kidney Cancer Story,kidney-cancer,https://thepatientstory.com/patient-stories/kidney-cancer/chromophobe-renal-cell-carcinoma/nina-n,9853
emily-r,From Crohn’s Flare to Incidental Kidney and Appendix Cancer: 30-Year-Old Mom Emily’s Experience,kidney-cancer,https://thepatientstory.com/patient-stories/kidney-cancer/emily-r,3652
lynn-t,"No Symptoms, No Warning: How a Fertility Scan Revealed Lynn’s Stage 4 HLRCC Kidney Cancer",kidney-cancer,https://thepatientstory.com/patient-stories/kidney-cancer/hereditary-leiomyomatosis-and-renal-cell-cancer/lynn-t,6685
laura-e-2,Laura’s Stage 4 Kidney Cancer Story,kidney-cancer,https://thepatientstory.com/patient-stories/kidney-cancer/laura-e-2,4859
bill-p,"Bill’s Stage 3, Type 1 Papillary Renal Cell Carcinoma Kidney Cancer Story",kidney-cancer,https://thepatientstory.com/patient-stories/kidney-cancer/papillary-renal-cell-carcinoma/bill-p,3366
laurel-m,The “Luckiest Unlucky Person”: Young Mom Laurel’s Kidney Cancer Experience,kidney-cancer,https://thepatientstory.com/patient-stories/kidney-cancer/renal-cell-carcinoma/clear-cell-renal-cell-carcinoma/laurel-m,4289
anjee-a,Finding Her Voice: Anjee’s Path Through Metastatic Kidney Cancer,kidney-cancer,https://thepatientstory.com/patient-stories/kidney-cancer/renal-cell-carcinoma/clear-cell-renal-cell-carcinoma/metastatic-clear-cell-renal-cell-carcinoma/anjee-a,7594
laura-f,Laura’s Stage 4 Renal Cell Carcinoma Kidney Cancer Story,kidney-cancer,https://thepatientstory.com/patient-stories/kidney-cancer/renal-cell-carcinoma/laura-f,10281
mia-h,"A Life Defined by Strength, Hope, and Community: Mia Hamant’s Stage 4 Kidney Cancer Story",kidney-cancer,https://thepatientstory.com/patient-stories/kidney-cancer/renal-cell-carcinoma/mia-h,3470
rachel-r,Rachel’s Stage 2 Renal Cell Carcinoma Kidney Cancer Story,kidney-cancer,https://thepatientstory.com/patient-stories/kidney-cancer/renal-cell-carcinoma/rachel-r,6983
kevin-r,Kevin’s Invasive Transitional Cell Carcinoma Kidney Cancer Story,kidney-cancer,https://thepatientstory.com/patient-stories/kidney-cancer/transitional-cell-carcinoma/kevin-r,6238
maria-f,“I’m Still Affected 25 Years Later”: Maria’s Experience with Kidney Cancer as a Child and Colon Cancer as a Young Adult,kidney-cancer,https://thepatientstory.com/patient-stories/kidney-cancer/wilms-tumor/maria-f,4054
anna-t,Anna’s Ph- B-Cell Acute Lymphoblastic Leukemia Story,leukemia,https://thepatientstory.com/patient-stories/leukemia/acute-lymphoblastic-leukemia-all/anna-t,4349
safyaa-i,Listen to Your Body: Lessons from Safyaa’s Experience with B-Cell Acute Lymphoblastic Leukemia (B-ALL),leukemia,https://thepatientstory.com/patient-stories/leukemia/acute-lymphoblastic-leukemia-all/b-cell-acute-lymphoblastic-leukemia-b-all/safyaa-i,386
lauren-j,Lauren’s Acute Lymphoblastic Leukemia Story,leukemia,https://thepatientstory.com/patient-stories/leukemia/acute-lymphoblastic-leukemia-all/lauren-j,8456
renata-r,Renata’s Ph+ B-Cell Acute Lymphoblastic Leukemia Story,leukemia,https://thepatientstory.com/patient-stories/leukemia/acute-lymphoblastic-leukemia-all/renata-r,6040
jesse-g,How Jesse Faced Early T‑cell Precursor Acute Lymphoblastic Leukemia (ETP-ALL) and a Bone Marrow Transplant,leukemia,https://thepatientstory.com/patient-stories/leukemia/acute-lymphoblastic-leukemia-all/t-cell-acute-lymphoblastic-leukemia-t-all/early-t-cell-precursor-acute-lymphoblastic-leukemia-etp-all/jesse-g,7568
lauren-m,How Lauren Found Clarity Beyond T-cell Acute Lymphoblastic Leukemia (T-ALL) and Treatment Challenge,leukemia,https://thepatientstory.com/patient-stories/leukemia/acute-lymphoblastic-leukemia-all/t-cell-acute-lymphoblastic-leukemia-t-all/lauren-m,301
tatijane-w,Tatijane’s Acute Lymphoblastic Leukemia (ALL) Story,leukemia,https://thepatientstory.com/patient-stories/leukemia/acute-lymphoblastic-leukemia-all/tatijane-w,4856
william-y,William’s B-Cell Acute Lymphoblastic Leukemia Story,leukemia,https://thepatientstory.com/patient-stories/leukemia/acute-lymphoblastic-leukemia-all/william-y,6204
acute-myeloid-leukemia-aml,Acute Myeloid Leukemia: Learn from the Experiences of Other Patients,leukemia,https://thepatientstory.com/patient-stories/leukemia/acute-myeloid-leukemia-aml,1522
russ-d,Acute Myelomonocytic Leukemia (AMML): Russ’ Clinical Trial Story,leukemia,https://thepatientstory.com/patient-stories/leukemia/acute-myeloid-leukemia-aml/acute-myelomonocytic-leukemia/russ-d,5947
anni-a,College Freshman and Suddenly Fighting Leukemia: Anni’s APL Diagnosis Story,leukemia,https://thepatientstory.com/patient-stories/leukemia/acute-myeloid-leukemia-aml/acute-promyelocytic-leukemia-apl/anni-a,3932
joseph-a,Acute Myeloid Leukemia (AML): Biomarker Testing and a Clinical Trial Gave Joseph Hope,leukemia,https://thepatientstory.com/patient-stories/leukemia/acute-myeloid-leukemia-aml/joseph-a,3565
mackenzie-p,"Acute Myeloid Leukemia (AML) Stories: Mackenzie Navigates with Faith, Joy, and Family",leukemia,https://thepatientstory.com/patient-stories/leukemia/acute-myeloid-leukemia-aml/mackenzie-p,2474
nicole-t,Nicole’s Myelodysplastic Syndrome & Acute Myeloid Leukemia Story,leukemia,https://thepatientstory.com/patient-stories/leukemia/acute-myeloid-leukemia-aml/nicole-t,2671
shelley-g,Why Clinical Trials Matter: How New AML Treatment Options Saved Shelley’s Life,leukemia,https://thepatientstory.com/patient-stories/leukemia/acute-myeloid-leukemia-aml/shelley-g,1871
hannah-d,Hannah’s Chronic Lymphocytic Leukemia (CLL) Story,leukemia,https://thepatientstory.com/patient-stories/leukemia/chronic-lymphocytic-leukemia/hannah-d,6421
jeff-f,Jeff’s Chronic Lymphocytic Leukemia (CLL) Story,leukemia,https://thepatientstory.com/patient-stories/leukemia/chronic-lymphocytic-leukemia/jeff-f,7297
leesa-t,Leesa’s Chronic Lymphocytic Leukemia (CLL) Story,leukemia,https://thepatientstory.com/patient-stories/leukemia/chronic-lymphocytic-leukemia/leesa-t,6062
lynn-s,"Diagnosed with CLL, Lynn’s Experience as An Oncology Nurse Leads to Patient Advocacy in Congress",leukemia,https://thepatientstory.com/patient-stories/leukemia/chronic-lymphocytic-leukemia/lynn-s,3261
margie-h,How I Learned to Live with CLL—And Stop Letting It Control Me,leukemia,https://thepatientstory.com/patient-stories/leukemia/chronic-lymphocytic-leukemia/margie-h,1364
michele-n,Michele’s Chronic Lymphocytic Leukemia Story,leukemia,https://thepatientstory.com/patient-stories/leukemia/chronic-lymphocytic-leukemia/michele-n,7972
serena-v,Embracing Life with Chronic Lymphocytic Leukemia (CLL): Serena’s Empowering Story,leukemia,https://thepatientstory.com/patient-stories/leukemia/chronic-lymphocytic-leukemia/serena-v,3835
susan-k,Susan’s Chronic Lymphocytic Leukemia (CLL) Story,leukemia,https://thepatientstory.com/patient-stories/leukemia/chronic-lymphocytic-leukemia/susan-k,4903
tamsin-w,Tamsin’s Stage C Chronic Lymphocytic Leukemia with 11q Deletion Story,leukemia,https://thepatientstory.com/patient-stories/leukemia/chronic-lymphocytic-leukemia/tamsin-w,6507
michele-t,Michele’s Chronic Myeloid Leukemia Story,leukemia,https://thepatientstory.com/patient-stories/leukemia/chronic-myeloid-leukemia-cml/michele-t,7551
jim-c,I Went From Short of Breath to a Rare Blood Cancer! Jim’s Myelodysplastic Syndrome Story,leukemia,https://thepatientstory.com/patient-stories/leukemia/myelodysplastic-syndrome-mds/jim-c,2494
linda-m,Navigating an MDS Diagnosis and Severe Fatigue After Losing My Spouse to AML,leukemia,https://thepatientstory.com/patient-stories/leukemia/myelodysplastic-syndrome-mds/linda-m,2713
myelodysplastic-syndromes-mds,Myelodysplastic Syndromes (MDS),leukemia,https://thepatientstory.com/patient-stories/leukemia/myelodysplastic-syndromes-mds,569
amanda-b,Amanda’s Stage 4 ALK+ Lung Cancer Story,lung-cancer,https://thepatientstory.com/patient-stories/lung-cancer/amanda-b,4227
calvin-m,Calvin’s Stage 1 Lung Cancer Story,lung-cancer,https://thepatientstory.com/patient-stories/lung-cancer/calvin-m,2020
lauren-c-3,Lauren’s Stage 1 Lung Cancer Story,lung-cancer,https://thepatientstory.com/patient-stories/lung-cancer/lauren-c-3,4296
jake-l-2,"Diagnosed at 15 with Stage 4 ALK+ Lung Cancer, Jake Chose to Put Life First and Never Looked Back",lung-cancer,https://thepatientstory.com/patient-stories/lung-cancer/non-small-cell/alk-positive/metastatic-alk-positive/jake-l-2,8174
jennifer-w-2,From Pneumonia to Stage 4 ALK-Positive Lung Cancer: How Jennifer Learned to Push Back and Speak Up,lung-cancer,https://thepatientstory.com/patient-stories/lung-cancer/non-small-cell/alk-positive/metastatic-alk-positive/jennifer-w-2,3080
jennifer-w-3,The Financial Cost of Stage 4 ALK-Positive Lung Cancer: Jennifer’s Two Years of Self-Advocacy,lung-cancer,https://thepatientstory.com/patient-stories/lung-cancer/non-small-cell/alk-positive/metastatic-alk-positive/jennifer-w-3,4199
ashley-s-2,Ashley’s Stage 4 ROS1+ Non-Small Cell Lung Cancer Story,lung-cancer,https://thepatientstory.com/patient-stories/lung-cancer/non-small-cell/ashley-s-2,3429
donnita-b,Breaking the Stigma: Donnita’s Stage 1A Non-Small Cell Lung Cancer Story,lung-cancer,https://thepatientstory.com/patient-stories/lung-cancer/non-small-cell/donnita-b,2857
jill-f-and-dr-eric-singhi,Living Longer With Lung Cancer: Jill’s Experience with Targeted Therapy,lung-cancer,https://thepatientstory.com/patient-stories/lung-cancer/non-small-cell/egfr-positive-nsclc/metastatic-egfr-positive-nsclc/jill-f-and-dr-eric-singhi,2016
maggie-m,The Power of Personalized Medicine: Biomarker Testing Guided Maggie in Her Stage 4 Lung Cancer,lung-cancer,https://thepatientstory.com/patient-stories/lung-cancer/non-small-cell/egfr-positive-nsclc/metastatic-egfr-positive-nsclc/maggie-m,4989
shannon-m-2,"Young Mom, Big Diagnosis: Shannon’s Story of Stage 4 EGFR+ Lung Cancer with TP53 Mutation, and Her Life on Targeted Therapy",lung-cancer,https://thepatientstory.com/patient-stories/lung-cancer/non-small-cell/egfr-positive-nsclc/metastatic-egfr-positive-nsclc/shannon-m-2,5284
tiffany-f,“Always Have Hope”: Tiffany’s Stage 4 EGFR-Positive Lung Cancer Experience,lung-cancer,https://thepatientstory.com/patient-stories/lung-cancer/non-small-cell/egfr-positive-nsclc/metastatic-egfr-positive-nsclc/tiffany-f,3712
michelle-w,Michelle’s Accidental EGFR+ Non-Small Cell Lung Cancer Diagnosis,lung-cancer,https://thepatientstory.com/patient-stories/lung-cancer/non-small-cell/egfr-positive-nsclc/michelle-w,6419
roxanne-c,Roxanne’s Life as a Single Parent with Stage 3 EGFR+ Non-Small Cell Lung Cancer (NSCLC),lung-cancer,https://thepatientstory.com/patient-stories/lung-cancer/non-small-cell/egfr-positive-nsclc/roxanne-c,3227
shira-b,“One Scan Saved My Life:” Shira’s Surprising Diagnosis With EGFR+ Lung Cancer,lung-cancer,https://thepatientstory.com/patient-stories/lung-cancer/non-small-cell/egfr-positive-nsclc/shira-b,6405
jill-f,Jill Feldman’s EGFR+ Non-Small Cell Lung Cancer Story,lung-cancer,https://thepatientstory.com/patient-stories/lung-cancer/non-small-cell/jill-f,5183
camila-b,Camila’s Stage 4 Non-Small Cell Lung Cancer Was Misdiagnosed for a Year,lung-cancer,https://thepatientstory.com/patient-stories/lung-cancer/non-small-cell/kras-non-small-cell/camila-b,4456
roy-b,From Nighttime Chest Rattle to Boston Marathon: Roy’s KRAS+ Non-Small Cell Lung Cancer Story,lung-cancer,https://thepatientstory.com/patient-stories/lung-cancer/non-small-cell/kras-non-small-cell/roy-b,5762
luna-o,Hope and Health: Luna’s Experience With Stage 4 ROS1+ Non-Small Cell Lung Cancer,lung-cancer,https://thepatientstory.com/patient-stories/lung-cancer/non-small-cell/luna-o,2859
kelsey-d,Reclaiming Movement: Kelsey’s Stage 4 EGFR+ and ALK+ Non-Small Cell Lung Cancer Story,lung-cancer,https://thepatientstory.com/patient-stories/lung-cancer/non-small-cell/metastatic-non-small-cell/kelsey-d,1449
brian-m,Brian’s Limited-Stage Small Cell Lung Cancer Story,lung-cancer,https://thepatientstory.com/patient-stories/lung-cancer/small-cell/brian-m,446
kristen-p,Kristen Embraces Joy While Living with Stage 4 Small Cell Lung Cancer,lung-cancer,https://thepatientstory.com/patient-stories/lung-cancer/small-cell/kristen-p,431
montessa-l,Montessa’s Small Cell Lung Cancer Story,lung-cancer,https://thepatientstory.com/patient-stories/lung-cancer/small-cell/montessa-l,7626
the-white-ribbon-project,Lung Cancer Awareness Month,lung-cancer,https://thepatientstory.com/patient-stories/lung-cancer/the-white-ribbon-project,781
lung-cancer-awareness,Anyone with Lungs Can Get Lung Cancer,lung-cancer,https://thepatientstory.com/patient-stories/lung-cancer/the-white-ribbon-project/lung-cancer-awareness,6949
myelofibrosis-101,Myelofibrosis 101,mpn-2,https://thepatientstory.com/patient-stories/mpn-2/myelofibrosis/myelofibrosis-101,679
andrea-s,Andrea’s Myelofibrosis & Essential Thrombocythemia Story,mpn,https://thepatientstory.com/patient-stories/mpn/myelofibrosis/andrea-s,2390
demetria-j,What Myelofibrosis Taught Demetria About Showing Up for Herself,mpn,https://thepatientstory.com/patient-stories/mpn/myelofibrosis/demetria-j,4418
nick-napolitano,Nick Napolitano’s Polycythemia Vera Story,mpn,https://thepatientstory.com/patient-stories/mpn/nick-napolitano,4354
jeremy-smith-with-dr-angela-fleischman,40 Years Living with an MPN: Jeremy’s Polycythemia Vera (PV) and Myelofibrosis Story,mpn,https://thepatientstory.com/patient-stories/mpn/polycythemia-vera/jeremy-smith-with-dr-angela-fleischman,3048
taja-s,From Confusing Symptoms to Motherhood and Advocacy: Taja’s Polycythemia Vera Story,mpn,https://thepatientstory.com/patient-stories/mpn/polycythemia-vera/taja-s,2563
todd-s,Directing My Life with Polycythemia Vera: Filmmaker Todd Strauss-Schulson’s 17-Year Story,mpn,https://thepatientstory.com/patient-stories/mpn/polycythemia-vera/todd-s,3314
neal-h,"Living with Prefibrotic Myelofibrosis: A Father’s Journey Through Pain, Perseverance, and Purpose",mpn,https://thepatientstory.com/patient-stories/mpn/prefibrotic-myelofibrosis/neal-h,2075
ruth-r,Ruth Fein: Myeloproliferative Neoplasm (MPN) Story,mpn,https://thepatientstory.com/patient-stories/mpn/ruth-r,3631
melissa-v,Melissa’s Stage 3 Multiple Myeloma Story,multiple-myeloma,https://thepatientstory.com/patient-stories/multiple-myeloma/1st-line-treatment/melissa-v,5889
erin-h,Erin’s Stage 3 Multiple Myeloma Story,multiple-myeloma,https://thepatientstory.com/patient-stories/multiple-myeloma/active-myeloma/erin-h,4675
gregory-p,Gregory’s IgA kappa Multiple Myeloma Story,multiple-myeloma,https://thepatientstory.com/patient-stories/multiple-myeloma/active-myeloma/gregory-p,6309
jenny-a,Jenny Ahlstrom’s Multiple Myeloma Story,multiple-myeloma,https://thepatientstory.com/patient-stories/multiple-myeloma/jenny-a,7361
julie-c,Julie’s High-Risk Multiple Myeloma Story,multiple-myeloma,https://thepatientstory.com/patient-stories/multiple-myeloma/julie-c,4382
keith-g,Keith Guernsey’s Multiple Myeloma Story,multiple-myeloma,https://thepatientstory.com/patient-stories/multiple-myeloma/keith-g,3794
carlos-c,Carlos’ Stage 2 Light Chain Multiple Myeloma Story,multiple-myeloma,https://thepatientstory.com/patient-stories/multiple-myeloma/light-chain/carlos-c,5298
michelle-c-2,Michelle’s Multiple Myeloma Story,multiple-myeloma,https://thepatientstory.com/patient-stories/multiple-myeloma/michelle-c-2,2677
multiple-myeloma-health-equity-dr-brandon-blue,Dr. Brandon Blue on Improving Myeloma Care for Black Patients,multiple-myeloma,https://thepatientstory.com/patient-stories/multiple-myeloma/multiple-myeloma-health-equity-dr-brandon-blue,2639
the-latest-in-multiple-myeloma-ash-2023,The Latest in Multiple Myeloma,multiple-myeloma,https://thepatientstory.com/patient-stories/multiple-myeloma/myeloma_updates/the-latest-in-multiple-myeloma-ash-2023,10846
oya-g,"Hip-Hop, Hope, and Health: Oya Gilbert’s Multiple Myeloma Story",multiple-myeloma,https://thepatientstory.com/patient-stories/multiple-myeloma/oya-g,2231
beth-a,Beth’s Relapsed Refractory Multiple Myeloma Story,multiple-myeloma,https://thepatientstory.com/patient-stories/multiple-myeloma/relapsed-refractory-myeloma/beth-a,11763
dr-yvonne-d,Thriving with Multiple Myeloma: Yvonne’s Story of Strength Through Advocacy,multiple-myeloma,https://thepatientstory.com/patient-stories/multiple-myeloma/relapsed-refractory-myeloma/dr-yvonne-d,2117
laura-e,Laura’s IgG kappa Multiple Myeloma Story,multiple-myeloma,https://thepatientstory.com/patient-stories/multiple-myeloma/relapsed-refractory-myeloma/laura-e,4276
michele-j,From Back Pain to Cancer: Michele’s Multiple Myeloma Story,multiple-myeloma,https://thepatientstory.com/patient-stories/multiple-myeloma/relapsed-refractory-myeloma/michele-j,1951
scott-c,Scott’s Stage 3 Refractory Multiple Myeloma Story,multiple-myeloma,https://thepatientstory.com/patient-stories/multiple-myeloma/relapsed-refractory-myeloma/scott-c,5119
theresa-t,Theresa’s Relapsed/Refractory Multiple Myeloma Story,multiple-myeloma,https://thepatientstory.com/patient-stories/multiple-myeloma/relapsed-refractory-myeloma/theresa-t,3413
brad-h,Brad’s Smoldering High-Risk Multiple Myeloma Story,multiple-myeloma,https://thepatientstory.com/patient-stories/multiple-myeloma/smoldering-myeloma/brad-h,3814
maui-bigelow,Maui’s Smoldering Multiple Myeloma Story,multiple-myeloma,https://thepatientstory.com/patient-stories/multiple-myeloma/smoldering-myeloma/maui-bigelow,2721
spencer-s,Spencer’s Stage 3 High-Risk Multiple Myeloma Story,multiple-myeloma,https://thepatientstory.com/patient-stories/multiple-myeloma/spencer-s,371
tim-h-2,Tim’s Multiple Myeloma Story,multiple-myeloma,https://thepatientstory.com/patient-stories/multiple-myeloma/tim-h-2,4663
jude-a,Jude’s Stage 3 Typical Multiple Myeloma Story,multiple-myeloma,https://thepatientstory.com/patient-stories/multiple-myeloma/typical-myeloma/jude-a,6289
valarie-t,Valarie Traynham:My Multiple Myeloma Story,multiple-myeloma,https://thepatientstory.com/patient-stories/multiple-myeloma/valarie-t,8163
yolanda-b,Why Listening to Your Body Matters: Yolanda’s Multiple Myeloma Story,multiple-myeloma,https://thepatientstory.com/patient-stories/multiple-myeloma/yolanda-b,357
brianna-b,Brianna’s Stage 2B ALK+ ALCL Non-Hodgkin’s Lymphoma Story,non-hodgkin-lymphoma,https://thepatientstory.com/patient-stories/non-hodgkin-lymphoma/anaplastic-large-cell-lymphoma-alcl/brianna-b,5736
aleeshia-t,"Trust Your Body, Trust Your Care Team: How Aleeshia Faced Rare Burkitt Lymphoma at 33",non-hodgkin-lymphoma,https://thepatientstory.com/patient-stories/non-hodgkin-lymphoma/burkitt-lymphoma/aleeshia-t,8665
ashlee-k,Ashlee’s Stage 4 Burkitt Lymphoma Story,non-hodgkin-lymphoma,https://thepatientstory.com/patient-stories/non-hodgkin-lymphoma/burkitt-lymphoma/ashlee-k,402
emily-s,Emily’s Stage 4 Burkitt Lymphoma Story,non-hodgkin-lymphoma,https://thepatientstory.com/patient-stories/non-hodgkin-lymphoma/burkitt-lymphoma/emily-s,402
jessica-s,Every Symptom Had an Explanation: One Young Mom’s Burkitt Lymphoma Experience,non-hodgkin-lymphoma,https://thepatientstory.com/patient-stories/non-hodgkin-lymphoma/burkitt-lymphoma/jessica-s,4948
alesia-a,Alesia’s Diffuse Large B-Cell Lymphoma (DLBCL) Cancer Story,non-hodgkin-lymphoma,https://thepatientstory.com/patient-stories/non-hodgkin-lymphoma/diffuse-large-b-cell-dlbcl/alesia-a,3006
anna-m,From Life with a Newborn to Stage 4 DLBCL: Anna Navigates Her Diagnosis Through Positivity,non-hodgkin-lymphoma,https://thepatientstory.com/patient-stories/non-hodgkin-lymphoma/diffuse-large-b-cell-dlbcl/anna-m,6665
ashley-p-2,Non-Hodgkin Lymphoma at 29: How Ashley Navigated Motherhood and DLBCL,non-hodgkin-lymphoma,https://thepatientstory.com/patient-stories/non-hodgkin-lymphoma/diffuse-large-b-cell-dlbcl/ashley-p-2,2357
cindy-m,Cindy’s Stage 4 Diffuse Large B-Cell Lymphoma (DLBCL) Story,non-hodgkin-lymphoma,https://thepatientstory.com/patient-stories/non-hodgkin-lymphoma/diffuse-large-b-cell-dlbcl/cindy-m,2923
don-s,Don’s Relapsed Diffuse Large B-cell Lymphoma (DLBCL) Story,non-hodgkin-lymphoma,https://thepatientstory.com/patient-stories/non-hodgkin-lymphoma/diffuse-large-b-cell-dlbcl/don-s,1305
erin-r,Erin’s Stage 4 Diffuse Large B-Cell Lymphoma (DLBCL) & Burkitt Non-Hodgkin’s Lymphoma Story,non-hodgkin-lymphoma,https://thepatientstory.com/patient-stories/non-hodgkin-lymphoma/diffuse-large-b-cell-dlbcl/erin-r,7023
harriet-c,Harriet’s Diffuse Large B-Cell Lymphoma Story,non-hodgkin-lymphoma,https://thepatientstory.com/patient-stories/non-hodgkin-lymphoma/diffuse-large-b-cell-dlbcl/harriet-c,4818
jen-n,The Power of Mindset and Family: Jen’s Stage 4B Diffuse Large B-Cell Lymphoma (DLBCL) Story,non-hodgkin-lymphoma,https://thepatientstory.com/patient-stories/non-hodgkin-lymphoma/diffuse-large-b-cell-dlbcl/jen-n,377
jim-z,Jim’s Diffuse Large B-Cell Lymphoma (DLBCL) Story,non-hodgkin-lymphoma,https://thepatientstory.com/patient-stories/non-hodgkin-lymphoma/diffuse-large-b-cell-dlbcl/jim-z,3564
melissa-b-2,Melissa’s Life After DLBCL Relapse: Finding Strength in the In-Between,non-hodgkin-lymphoma,https://thepatientstory.com/patient-stories/non-hodgkin-lymphoma/diffuse-large-b-cell-dlbcl/melissa-b-2,4539
nolan-w,Nolan’s Stage 4 Diffuse Large B-cell Lymphoma (DLBCL) Story,non-hodgkin-lymphoma,https://thepatientstory.com/patient-stories/non-hodgkin-lymphoma/diffuse-large-b-cell-dlbcl/nolan-w,390
shahzad-b,Shahzad’s Stage 4 Refractory DLBCL Non-Hodgkin’s Lymphoma Story,non-hodgkin-lymphoma,https://thepatientstory.com/patient-stories/non-hodgkin-lymphoma/diffuse-large-b-cell-dlbcl/shahzad-b,2714
emily-g,Emily’s Stage 4 Diffuse Large B-Cell Lymphoma (DLBCL) Story,non-hodgkin-lymphoma,https://thepatientstory.com/patient-stories/non-hodgkin-lymphoma/emily-g,5195
courtney-l,From Shock to Strength: A Young Mom’s Follicular Lymphoma Story,non-hodgkin-lymphoma,https://thepatientstory.com/patient-stories/non-hodgkin-lymphoma/follicular-lymphoma/courtney-l,2768
david-k,David’s Stage 4 Follicular Lymphoma Story,non-hodgkin-lymphoma,https://thepatientstory.com/patient-stories/non-hodgkin-lymphoma/follicular-lymphoma/david-k,6034
hayley-h,Stage 3B Follicular Lymphoma: Hayley’s Patient Story,non-hodgkin-lymphoma,https://thepatientstory.com/patient-stories/non-hodgkin-lymphoma/follicular-lymphoma/hayley-h,1593
john-s,John’s Stage 4 Follicular Lymphoma Story,non-hodgkin-lymphoma,https://thepatientstory.com/patient-stories/non-hodgkin-lymphoma/follicular-lymphoma/john-s,2664
laura-c,Living Scan to Scan with Follicular Lymphoma: Laura’s Experience with Watchful Waiting & Treatment Decisions,non-hodgkin-lymphoma,https://thepatientstory.com/patient-stories/non-hodgkin-lymphoma/follicular-lymphoma/laura-c,6840
laurie-a,Laurie’s Stage 4 Follicular Lymphoma Story,non-hodgkin-lymphoma,https://thepatientstory.com/patient-stories/non-hodgkin-lymphoma/follicular-lymphoma/laurie-a,534
meg-l,Meg’s Stage 4 Non-Hodgkin Lymphoma Story: Saying Yes to Bispecific Antibodies & Watching forCytokine Release Syndrome (CRS),non-hodgkin-lymphoma,https://thepatientstory.com/patient-stories/non-hodgkin-lymphoma/follicular-lymphoma/meg-l,6437
tawanna-t,"Living With (Not Under) Follicular Lymphoma: Tawanna and Barry on Watch & Wait, Marriage, and Faith",non-hodgkin-lymphoma,https://thepatientstory.com/patient-stories/non-hodgkin-lymphoma/follicular-lymphoma/tawanna-t,8057
bobby-j,Bobby’s Stage 4 Mantle Cell Lymphoma (MCL) Story,non-hodgkin-lymphoma,https://thepatientstory.com/patient-stories/non-hodgkin-lymphoma/mantle-cell-lymphoma-mcl/bobby-j,7106
cherylinn-n,Cherylinn’s Stage 4 Mantle Cell Lymphoma (MCL) Story,non-hodgkin-lymphoma,https://thepatientstory.com/patient-stories/non-hodgkin-lymphoma/mantle-cell-lymphoma-mcl/cherylinn-n,6981
jason-w,Jason’s Stage 4 Mantle Cell Lymphoma (MCL) Story,non-hodgkin-lymphoma,https://thepatientstory.com/patient-stories/non-hodgkin-lymphoma/mantle-cell-lymphoma-mcl/jason-w,10598
shari-b,Shari’s Stage 4 MCL Non-Hodgkin’s Lymphoma Story,non-hodgkin-lymphoma,https://thepatientstory.com/patient-stories/non-hodgkin-lymphoma/mantle-cell-lymphoma-mcl/shari-b,8529
sheryl-b,Sheryl’s Stage 4 MCL Non-Hodgkin’s Lymphoma Story,non-hodgkin-lymphoma,https://thepatientstory.com/patient-stories/non-hodgkin-lymphoma/mantle-cell-lymphoma-mcl/sheryl-b,7467
stephanie-r,Stephanie’s Stage 4 MCL Non-Hodgkin’s Lymphoma Story,non-hodgkin-lymphoma,https://thepatientstory.com/patient-stories/non-hodgkin-lymphoma/mantle-cell-lymphoma-mcl/stephanie-r,7761
tim-h,Tim’s Stage 2 MCL Non-Hodgkin’s Lymphoma Story,non-hodgkin-lymphoma,https://thepatientstory.com/patient-stories/non-hodgkin-lymphoma/mantle-cell-lymphoma-mcl/tim-h,8211
kimberly-o,Kimberly’s MZL Non-Hodgkin’s Lymphoma Story,non-hodgkin-lymphoma,https://thepatientstory.com/patient-stories/non-hodgkin-lymphoma/marginal-zone-lymphoma-mzl/kimberly-o,6271
nick-m,Nick’s Stage 3-4 Marginal Zone Lymphoma Story,non-hodgkin-lymphoma,https://thepatientstory.com/patient-stories/non-hodgkin-lymphoma/marginal-zone-lymphoma-mzl/nick-m,7639
rachel-p,Rachel’s Gastric MALT MZL Non-Hodgkin’s Lymphoma Story,non-hodgkin-lymphoma,https://thepatientstory.com/patient-stories/non-hodgkin-lymphoma/marginal-zone-lymphoma-mzl/rachel-p,3196
mike-e,Mike’s Stage 4 Diffuse Large B-Cell Lymphoma (DLBCL) Story,non-hodgkin-lymphoma,https://thepatientstory.com/patient-stories/non-hodgkin-lymphoma/mike-e,2701
daniella-s,Daniella’s Stage 2 Primary Mediastinal B-Cell Lymphoma (PMBCL) Story,non-hodgkin-lymphoma,https://thepatientstory.com/patient-stories/non-hodgkin-lymphoma/pmbcl/daniella-s,7070
lauren-mae-d,Navigating Life After Cancer at 18: Lauren’s Primary Mediastinal Large B-Cell Lymphoma Story,non-hodgkin-lymphoma,https://thepatientstory.com/patient-stories/non-hodgkin-lymphoma/pmbcl/lauren-mae-d,379
mags-b,Mags’ Stage 4 Primary Mediastinal Large B-cell Lymphoma (PMBCL) Story,non-hodgkin-lymphoma,https://thepatientstory.com/patient-stories/non-hodgkin-lymphoma/pmbcl/mags-b,8626
sonia-s,Sonia’s Stage 1-2 Relapsed PMBCL Non-Hodgkin’s Lymphoma Story,non-hodgkin-lymphoma,https://thepatientstory.com/patient-stories/non-hodgkin-lymphoma/pmbcl/sonia-s,11465
stephanie-chuang,Stephanie’s Stage 3 PMBCL Non-Hodgkin’s Lymphoma Story,non-hodgkin-lymphoma,https://thepatientstory.com/patient-stories/non-hodgkin-lymphoma/pmbcl/stephanie-chuang,8277
stephanie-v,Stephanie’s Stage 4 Primary Mediastinal Large B-cell Lymphoma (PMBCL) Story,non-hodgkin-lymphoma,https://thepatientstory.com/patient-stories/non-hodgkin-lymphoma/pmbcl/stephanie-v,7082
lynn-b,Lynn’s Small Lymphocytic Lymphoma (SLL) Story,non-hodgkin-lymphoma,https://thepatientstory.com/patient-stories/non-hodgkin-lymphoma/sll-cll/lynn-b,7189
stephanies-story-5-years-cancer-free,Stephanie’s Story:5 Years Cancer-Free,non-hodgkin-lymphoma,https://thepatientstory.com/patient-stories/non-hodgkin-lymphoma/stephanies-story-5-years-cancer-free,2154
cindy-s,Cindy’s WM Non-Hodgkin’s Lymphoma Story,non-hodgkin-lymphoma,https://thepatientstory.com/patient-stories/non-hodgkin-lymphoma/waldenstrom/cindy-s,3898
pete-d,Pete DeNardis’s Waldenström Macroglobulinemia Story,non-hodgkin-lymphoma,https://thepatientstory.com/patient-stories/non-hodgkin-lymphoma/waldenstrom/pete-d,7035
sheree-n,Sheree’s Waldenstrom Macroglobulinemia Story,non-hodgkin-lymphoma,https://thepatientstory.com/patient-stories/non-hodgkin-lymphoma/waldenstrom/sheree-n,4602
amanda-w,Amanda’s Extraovarian Primary Peritoneal Carcinoma Story,ovarian-cancer,https://thepatientstory.com/patient-stories/ovarian-cancer/amanda-w,5081
kim-c,How Asking for Help Can Lead to Healing: Kim’s Stage 2 Ovarian Cancer Story,ovarian-cancer,https://thepatientstory.com/patient-stories/ovarian-cancer/clear-cell-carcinoma-of-the-ovary/kim-c,349
kim-c-2,Doubling Down on Hope: Kim’s Experience with Stage 4 Clear Cell Ovarian Cancer,ovarian-cancer,https://thepatientstory.com/patient-stories/ovarian-cancer/clear-cell-carcinoma-of-the-ovary/kim-c-2,2924
sara-i,Sara’s Stage 3A High-Grade Serous & Clear Cell Carcinoma Ovarian Cancer Story,ovarian-cancer,https://thepatientstory.com/patient-stories/ovarian-cancer/clear-cell-carcinoma-of-the-ovary/sara-i,12991
spencer-l,Spencer’s Fertility Journey and an Unexpected Ovarian Cancer Diagnosis,ovarian-cancer,https://thepatientstory.com/patient-stories/ovarian-cancer/clear-cell-carcinoma-of-the-ovary/spencer-l,5373
jennifer-w,Jennifer’s Mental Strength Living with Stage 3 Kidney and Stage 4 Ovarian Cancer,ovarian-cancer,https://thepatientstory.com/patient-stories/ovarian-cancer/jennifer-w,415
bruce-m,"Bruce’s Gleason Score 8/9, Stage 4A Prostate Cancer Story",prostate-cancer,https://thepatientstory.com/patient-stories/prostate-cancer/bruce-m,11100
dennis-golden,Dennis’s Gleason Score 9 Contained Prostate Cancer Story,prostate-cancer,https://thepatientstory.com/patient-stories/prostate-cancer/dennis-golden,8431
eve-g,Eve’s Gleason 9 Prostate Cancer Story,prostate-cancer,https://thepatientstory.com/patient-stories/prostate-cancer/eve-g,1713
john-b,"Diagnosed with Gleason 9, Stage 4 Prostate Cancer: John’s Blueprint for Living Well",prostate-cancer,https://thepatientstory.com/patient-stories/prostate-cancer/john-b,440
joseph-m,“Go Get a Checkup.” – Joseph’s Prostate Cancer Advice,prostate-cancer,https://thepatientstory.com/patient-stories/prostate-cancer/joseph-m,630
craig-n,A Routine Physical Found Craig’s Stage 4 Prostate Cancer Before Any Symptoms Showed,prostate-cancer,https://thepatientstory.com/patient-stories/prostate-cancer/metastatic-prostate-cancer/craig-n,3636
daniel-d,From Exhaustion to Answers: Daniel’s Metastatic Prostate Cancer Story,prostate-cancer,https://thepatientstory.com/patient-stories/prostate-cancer/metastatic-prostate-cancer/daniel-d,4749
jim-d,“That’s Unacceptable”: Jim Fought for More Time After a Stage 4 Prostate Cancer Diagnosis,prostate-cancer,https://thepatientstory.com/patient-stories/prostate-cancer/metastatic-prostate-cancer/jim-d,1444
mike-j,How a Repeat PSA Test Caught Mike’s Prostate Cancer Before It Was Too Late,prostate-cancer,https://thepatientstory.com/patient-stories/prostate-cancer/mike-j,6163
rob-m,How a PSA Test and Peer Mentoring Helped Rob Face Stage 4 Prostate Cancer,prostate-cancer,https://thepatientstory.com/patient-stories/prostate-cancer/rob-m,425
tom-h,Tom’s Stage 2 Prostate Cancer Story,prostate-cancer,https://thepatientstory.com/patient-stories/prostate-cancer/tom-h,420
sian-m,Sian’s Neuroendocrine Carcinoma Diagnosis Was Followed by HER2+ Breast Cancer and a Recurrence,rare,https://thepatientstory.com/patient-stories/rare/neuroendocrine-carcinoma/sian-m,2997
burt-r,Burt’s Pancreatic Neuroendocrine Tumor (pNET) & Kidney Cancer Story,rare,https://thepatientstory.com/patient-stories/rare/neuroendocrine-tumors/burt-r,6482
the-ros1ders-cancer-awareness,ROS1+ Cancer,rare,https://thepatientstory.com/patient-stories/rare/the-ros1ders-cancer-awareness,319
willow-b,"Willow’s Rare Grade 1, Stage 2.5 Pelvic Cancer Story",rare,https://thepatientstory.com/patient-stories/rare/willow-b,316
ruth-r,Ruth Fein: Myeloproliferative Neoplasm (MPN) Story,ruth-r,https://thepatientstory.com/patient-stories/ruth-r,3631
louis-d,Louis’ Gastrointestinal Stromal Tumor Sarcoma Story,sarcoma,https://thepatientstory.com/patient-stories/sarcoma/gastrointestinal-stromal-tumor-gist/louis-d,2371
alicia-b,Alicia’s Stage 4 Desmoid Tumor Soft Tissue Sarcoma Story,sarcoma,https://thepatientstory.com/patient-stories/sarcoma/soft-tissue/desmoid-tumor/alicia-b,3566
ashley-w,Ashley’s Desmoid Tumor Soft Tissue Sarcoma Story,sarcoma,https://thepatientstory.com/patient-stories/sarcoma/soft-tissue/desmoid-tumor/ashley-w,10543
demi-d,Demi’s Desmoid Tumor Soft Tissue Sarcoma Story,sarcoma,https://thepatientstory.com/patient-stories/sarcoma/soft-tissue/desmoid-tumor/demi-d,1975
julee-p,"Diagnosed with Leiomyosarcoma, Julee Was Given 18 to 24 Months to Live",sarcoma,https://thepatientstory.com/patient-stories/sarcoma/soft-tissue/leiomyosarcoma/julee-p,6779
michelle-c-and-jolene-s,"How Michelle and Jolene Each Live with Malignant PEComa, an Incredibly Rare Type of Cancer",sarcoma,https://thepatientstory.com/patient-stories/sarcoma/soft-tissue/pecoma/michelle-c-and-jolene-s,2259
jillian-j,Jillian’s Stage 3 Metastatic Synovial Sarcoma Story,sarcoma,https://thepatientstory.com/patient-stories/sarcoma/soft-tissue/synovial-sarcoma/jillian-j,3472
julie-k,How Stage 4 Synovial Sarcoma Redefined Julie’s Life,sarcoma,https://thepatientstory.com/patient-stories/sarcoma/soft-tissue/synovial-sarcoma/julie-k,455
kara-l,Kara’s Stage 1B Synovial Sarcoma Story,sarcoma,https://thepatientstory.com/patient-stories/sarcoma/soft-tissue/synovial-sarcoma/kara-l,6590
marisa-c,Marisa’s Stage 4 Synovial Sarcoma Story,sarcoma,https://thepatientstory.com/patient-stories/sarcoma/soft-tissue/synovial-sarcoma/marisa-c,319
mckenna-a,Listening to Her Body Led McKenna Through Stage 3 Grade 3B Synovial Sarcoma,sarcoma,https://thepatientstory.com/patient-stories/sarcoma/soft-tissue/synovial-sarcoma/mckenna-a,3593
sorcha-b,Finding Light Through Advocacy in Stage 3 Synovial Sarcoma: Sorcha’s Experience,sarcoma,https://thepatientstory.com/patient-stories/sarcoma/soft-tissue/synovial-sarcoma/sorcha-b,5362
nicole-b,Nicole’s Stage 3 Undifferentiated Pleomorphic Sarcoma Story,sarcoma,https://thepatientstory.com/patient-stories/sarcoma/soft-tissue/undifferentiated-pleomorphic/nicole-b,8969
sheree-n,Sheree’s Waldenstrom Macroglobulinemia Story,sheree-n,https://thepatientstory.com/patient-stories/sheree-n,4602
brittanny-g,From a Tanning Obsession to Stage 3A Melanoma: Brittanny’s Unexpected Skin Cancer Experience,skin-cancer,https://thepatientstory.com/patient-stories/skin-cancer/melanoma/brittanny-g,2437
cheryl-m,A Darker Mole on Her Face: How a Skin Check and Self-Advocacy Caught Cheryl’s Stage 1 Melanoma,skin-cancer,https://thepatientstory.com/patient-stories/skin-cancer/melanoma/cheryl-m,5688
cheyenne-e,Cheyenne’s Stage 3B Melanoma Taught Her the Power of Self-Advocacy,skin-cancer,https://thepatientstory.com/patient-stories/skin-cancer/melanoma/cheyenne-e,5711
jennifer-m-2,From Persistent Cough to Stage 4 Melanoma: Jennifer’s Story of Taking One Day at a Time,skin-cancer,https://thepatientstory.com/patient-stories/skin-cancer/melanoma/jennifer-m-2,3521
kirsten-r,Kirsten’s Metastatic Melanoma Story: A Back Injury at 37 That Turned Out to Be Stage 4 Cancer,skin-cancer,https://thepatientstory.com/patient-stories/skin-cancer/melanoma/kirsten-r,3853
mart-h,Beneath the Surface: A Surfer’s Story of Melanoma and Self-Advocacy,skin-cancer,https://thepatientstory.com/patient-stories/skin-cancer/melanoma/mart-h,485
megan-s,How Flu-Like Symptoms Led to Megan’s Stage 4 Melanoma Diagnosis,skin-cancer,https://thepatientstory.com/patient-stories/skin-cancer/melanoma/megan-s,444
chris-k,"Stage 4 Melanoma Experience: Chris on Faith, Scanxiety, and New Treatments",skin-cancer,https://thepatientstory.com/patient-stories/skin-cancer/melanoma/metastatic-melanoma/chris-k,6970
jenn-f,From Fitness-Focused to Stage 4 Melanoma: Jenn’s Cancer Story,skin-cancer,https://thepatientstory.com/patient-stories/skin-cancer/melanoma/metastatic-melanoma/jenn-f,5108
marie-r,"The Lump She Dismissed for Months Turned Out to Be Stage 3C Melanoma: Marie’s Story of Self-Sacrifice, Survival, and Reclaiming Her Identity",skin-cancer,https://thepatientstory.com/patient-stories/skin-cancer/melanoma/metastatic-melanoma/marie-r,4907
megan-and-justin-c,When Cancer Progressed to Stage 4 Melanoma: Megan and Justin’s Story of Support,skin-cancer,https://thepatientstory.com/patient-stories/skin-cancer/melanoma/metastatic-melanoma/megan-and-justin-c,3370
megan-c-2,Living With Stage 4 Melanoma: How Megan Found Her Groove Again,skin-cancer,https://thepatientstory.com/patient-stories/skin-cancer/melanoma/metastatic-melanoma/megan-c-2,7367
megan-g,Diagnosed With Stage 4 Melanoma: A Mole on Megan’s Back and Two Recurrences,skin-cancer,https://thepatientstory.com/patient-stories/skin-cancer/melanoma/metastatic-melanoma/megan-g,4414
robin-a,Robin’s Zest for Life Helped Him Overcome Stage 4 Melanoma,skin-cancer,https://thepatientstory.com/patient-stories/skin-cancer/melanoma/robin-a,430
tara-s-2,"When a Mole Becomes Melanoma: Tara on Body Image, Wellness, and Being Heard",skin-cancer,https://thepatientstory.com/patient-stories/skin-cancer/melanoma/tara-s-2,5800
alyssa-b-hospice-update,Finding Peace in Hospice: Alyssa’s Stage 4 Stomach Cancer Experience,stomach-cancer,https://thepatientstory.com/patient-stories/stomach-cancer/alyssa-b-hospice-update,5159
luwen-s,Stage 4 Cardia Cancer Transformed Luwen’s Life and Perspective,stomach-cancer,https://thepatientstory.com/patient-stories/stomach-cancer/cardia-cancer/metastatic-cardia-cancer/luwen-s,2774
amy-m-2,"Community, Music, and Life Without a Stomach: Amy’s Experience with Stage 3B Stomach Cancer",stomach-cancer,https://thepatientstory.com/patient-stories/stomach-cancer/gastric-adenocarcinoma/amy-m-2,4394
frank-b,Outspoken Self-Advocacy: Frank’s 2nd Opinion Found His EBV-Positive Stage 4 Stomach Cancer (Gastric Adenocarcinoma),stomach-cancer,https://thepatientstory.com/patient-stories/stomach-cancer/gastric-adenocarcinoma/ebv-positive-gastric-adenocarcinoma/metastatic-ebv-positive-gastric-adenocarcinoma/frank-b,2183
arelly-r,Stage 4 Stomach Cancer Surgery at 28 Weeks Pregnant: Arelly’s Surprising Story,stomach-cancer,https://thepatientstory.com/patient-stories/stomach-cancer/gastric-adenocarcinoma/metastatic-gastric-adenocarcinoma/arelly-r,4764
dawn-c,New Motherhood and Stomach Cancer: Dawn’s Story,stomach-cancer,https://thepatientstory.com/patient-stories/stomach-cancer/hereditary-diffuse-gastric-cancer-hdgc/dawn-c,2574
lisa-b,Living With Stage 4 Stomach Cancer: How Lisa Balances Cancer and Life as a Mother,stomach-cancer,https://thepatientstory.com/patient-stories/stomach-cancer/lisa-b,5579
kris-m,"Living Fully With Stage 4 Signet Ring Cell Stomach Cancer: Kris’ Story of Movement, Faith, and Community",stomach-cancer,https://thepatientstory.com/patient-stories/stomach-cancer/signet-ring-cell-carcinoma/metastatic-signet-ring-cell-carcinoma/kris-m,8798
taking-control-of-my-health,My Dad’s Cancer Journey: How He Inspired Me to Take Control of My Health,taking-control-of-my-health,https://thepatientstory.com/patient-stories/taking-control-of-my-health,3595
matt-b,“Enjoy Every Sunset”: Matt’s Stage 3 Testicular Cancer (Embryonal Carcinoma) Story,testicular-cancer,https://thepatientstory.com/patient-stories/testicular-cancer/embryonal-carcinoma/matt-b,4987
jake-l,"Jake’s Testicular Cancer Story, IVF, and the Family He Was Told He’d Never Have",testicular-cancer,https://thepatientstory.com/patient-stories/testicular-cancer/jake-l,5752
andrew-ryan-p,Andrew Ryan Finds New Meaning After Stage 3 Metastatic Testicular Cancer,testicular-cancer,https://thepatientstory.com/patient-stories/testicular-cancer/metastatic-testicular-cancer/andrew-ryan-p,2438
ben-f,Ben’s Metastatic Testicular Cancer Story,testicular-cancer,https://thepatientstory.com/patient-stories/testicular-cancer/metastatic-testicular-cancer/ben-f,4004
callan-r,Callan’s Stage 3 Testicular Cancer Story,testicular-cancer,https://thepatientstory.com/patient-stories/testicular-cancer/metastatic-testicular-cancer/callan-r,313
ryan-l,“There’s A Whole Life Waiting For You:” Ryan’s Metastatic Testicular Cancer Experience at 25,testicular-cancer,https://thepatientstory.com/patient-stories/testicular-cancer/metastatic-testicular-cancer/ryan-l,2160
rob-k,"Losing a Testicle, Not My Identity: Rob’s Stage 3 Testicular Cancer Story",testicular-cancer,https://thepatientstory.com/patient-stories/testicular-cancer/rob-k,535
shawn-h-2,A Trainer’s Strength Tested: Shawn’s Stage 3C Testicular Cancer Journey,testicular-cancer,https://thepatientstory.com/patient-stories/testicular-cancer/shawn-h-2,3363
jannette-j,Navigating Thyroid Cancer AND Chronic Myeloid Leukemia (CML): Jannette’s Story,thyroid-cancer,https://thepatientstory.com/patient-stories/thyroid-cancer/jannette-j,1619
grace-b,Metastatic Thyroid Cancer in College: Grace’s Story of Self‑Advocacy and Softball,thyroid-cancer,https://thepatientstory.com/patient-stories/thyroid-cancer/metastatic-thyroid-cancer/grace-b,3392
taylor-scheib-2,Navigating the “Good Cancer” Guilt: Taylor Scheib’s Story of Self-Advocacy and Finding Her Voice,thyroid-cancer,https://thepatientstory.com/patient-stories/thyroid-cancer/oncocytic-thyroid-cancer/taylor-scheib-2,6344
jess-h,A Lump Jess Found on Her Neck During a Road Trip Turned Out to Be Thyroid Cancer,thyroid-cancer,https://thepatientstory.com/patient-stories/thyroid-cancer/papillary-thyroid-cancer/jess-h,8640
carmen-y,Carmen’s Stage 1 Papillary Thyroid Cancer Story,thyroid-cancer,https://thepatientstory.com/patient-stories/thyroid-cancer/papillary/carmen-y,5484
cyndi-f,Finding Cancer by Chance: Cyndi’s Papillary Thyroid Cancer Story,thyroid-cancer,https://thepatientstory.com/patient-stories/thyroid-cancer/papillary/cyndi-f,1819
greg-s,Greg’s Stage 2 Papillary Thyroid Cancer Story,thyroid-cancer,https://thepatientstory.com/patient-stories/thyroid-cancer/papillary/greg-s,10923
jamie-k,Jamie’s Stage 1 Papillary Thyroid Cancer Story,thyroid-cancer,https://thepatientstory.com/patient-stories/thyroid-cancer/papillary/jamie-k,4697
jenna-c,Jenna’s Stage 2 Papillary Thyroid Cancer Story,thyroid-cancer,https://thepatientstory.com/patient-stories/thyroid-cancer/papillary/jenna-c,9720
valerie-v,"Family, Loss, and a Second Chance: Valerie’s Metastatic Thyroid Cancer Story",thyroid-cancer,https://thepatientstory.com/patient-stories/thyroid-cancer/papillary/metastatic-papillary/valerie-v,4436
sarah-j,Sarah’s Stage 1 Papillary Thyroid Cancer Story,thyroid-cancer,https://thepatientstory.com/patient-stories/thyroid-cancer/papillary/sarah-j,4719
alyse-v,Living with Metastatic Papillary Thyroid Cancer (Tall Cell Variant): Alyse’s Story,thyroid-cancer,https://thepatientstory.com/patient-stories/thyroid-cancer/papillary/tall-cell/metastatic-tall-cell/alyse-v,3332
acute-myeloid-leukemia-aml,Acute Myeloid Leukemia: Learn from the Experiences of Other Patients,leukemia,https://www.thepatientstory.com/patient-stories/leukemia/acute-myeloid-leukemia-aml,1522
myelodysplastic-syndromes-mds,Myelodysplastic Syndromes (MDS),leukemia,https://www.thepatientstory.com/patient-stories/leukemia/myelodysplastic-syndromes-mds,569
al-roker,Al Roker’s Gleason Score 7+ Prostate Cancer Story,prostate-cancer,https://www.thepatientstory.com/patient-stories/prostate-cancer/al-roker,2070
greg-s,Greg’s Stage 2 Papillary Thyroid Cancer Story,thyroid-cancer,https://www.thepatientstory.com/patient-stories/thyroid-cancer/papillary/greg-s,10923
jamie-k,Jamie’s Stage 1 Papillary Thyroid Cancer Story,thyroid-cancer,https://www.thepatientstory.com/patient-stories/thyroid-cancer/papillary/jamie-k,4697
jenna-c,Jenna’s Stage 2 Papillary Thyroid Cancer Story,thyroid-cancer,https://www.thepatientstory.com/patient-stories/thyroid-cancer/papillary/jenna-c,9720
