slug,title,author,date,url,word_count
living-with-a-monster,,Anon,"August 23, 2019",https://theocdstories.com/stories/living-with-a-monster/,6642
my-ocd-journey,,Anon,"August 1, 2019",https://theocdstories.com/stories/my-ocd-journey/,1175
sword-and-shield,,Anon,"June 19, 2019",https://theocdstories.com/stories/sword-and-shield/,1513
my-ocd-story-irrational-and-rational-themes,,Anon,"May 24, 2019",https://theocdstories.com/stories/my-ocd-story-irrational-and-rational-themes/,749
there-is-hope-for-me-and-for-you,,Anon,"May 9, 2019",https://theocdstories.com/stories/there-is-hope-for-me-and-for-you/,2419
ocd-existential-questions-and-treatment,,Anon,"May 9, 2019",https://theocdstories.com/stories/ocd-existential-questions-and-treatment/,1000
ocd-land,,Anon,"May 9, 2019",https://theocdstories.com/stories/ocd-land/,860
this-is-ocd,,Anon,"May 9, 2019",https://theocdstories.com/stories/this-is-ocd/,708
a-worthwhile-struggle-for-freedom,,Anon,"April 11, 2019",https://theocdstories.com/stories/a-worthwhile-struggle-for-freedom/,1379
somatic-ocd-and-the-fear-of-forever,,Anon,"April 5, 2019",https://theocdstories.com/stories/somatic-ocd-and-the-fear-of-forever/,1573
my-no-googling-symptoms-rule,,Anon,"April 5, 2019",https://theocdstories.com/stories/my-no-googling-symptoms-rule/,1573
toughness-and-beauty-in-ocd-recovery,,Anon,"April 5, 2019",https://theocdstories.com/stories/toughness-and-beauty-in-ocd-recovery/,1650
in-my-mind-there-was-a-war,,Anon,"March 28, 2019",https://theocdstories.com/stories/in-my-mind-there-was-a-war/,2532
the-warrior-within,,Anon,"March 21, 2019",https://theocdstories.com/stories/the-warrior-within/,699
this-is-my-story-but-it-is-still-being-written,,Anon,"March 14, 2019",https://theocdstories.com/stories/this-is-my-story-but-it-is-still-being-written/,1859
that-is-progress-and-that-is-a-good-day,,Anon,"February 15, 2019",https://theocdstories.com/stories/that-is-progress-and-that-is-a-good-day/,1551
we-are-not-the-only-ones-with-these-thoughts,,Anon,"February 14, 2019",https://theocdstories.com/stories/we-are-not-the-only-ones-with-these-thoughts/,1369
my-acceptance-of-its-permanence,,Anon,"February 14, 2019",https://theocdstories.com/stories/my-acceptance-of-its-permanence/,999
im-getting-there,,Anon,"February 14, 2019",https://theocdstories.com/stories/im-getting-there/,1637
i-stepped-onto-the-road-to-recovery,,Anon,"January 23, 2019",https://theocdstories.com/stories/i-stepped-onto-the-road-to-recovery/,3223
yesterday-i-couldnt-today-i-could,,Anon,"January 23, 2019",https://theocdstories.com/stories/yesterday-i-couldnt-today-i-could/,449
i-assumed-that-this-ocd-was-too-weird,,Anon,"January 9, 2019",https://theocdstories.com/stories/i-assumed-that-this-ocd-was-too-weird/,2707
i-am-growing-and-so-are-you-finding-beauty-in-ocd-growth,,Anon,"November 19, 2018",https://theocdstories.com/stories/i-am-growing-and-so-are-you-finding-beauty-in-ocd-growth/,1018
a-human-mental-health-issue,,Anon,"November 16, 2018",https://theocdstories.com/stories/a-human-mental-health-issue/,2397
my-post-partum-ocd,,Anon,"November 1, 2018",https://theocdstories.com/stories/my-post-partum-ocd/,1285
wedding-bells-or-alarm-bells,,Anon,"October 7, 2018",https://theocdstories.com/stories/wedding-bells-or-alarm-bells/,1981
ocd-realization-the-long-story,,Anon,"October 7, 2018",https://theocdstories.com/stories/ocd-realization-the-long-story/,1341
life-along-the-path-of-obsessive-compulsive-disorder,,Anon,"September 12, 2018",https://theocdstories.com/stories/life-along-the-path-of-obsessive-compulsive-disorder/,5487
keep-strong-it-gets-better,,Anon,"September 8, 2018",https://theocdstories.com/stories/keep-strong-it-gets-better/,836
psychic-scrupulosity-evil-spirits-and-bad-vibes,,Anon,"August 15, 2018",https://theocdstories.com/stories/psychic-scrupulosity-evil-spirits-and-bad-vibes/,1130
it-wasnt-easy-but-i-could-feel-myself-getting-better,,Anon,"August 3, 2018",https://theocdstories.com/stories/it-wasnt-easy-but-i-could-feel-myself-getting-better/,2863
reflections-on-relapse,,Anon,"July 23, 2018",https://theocdstories.com/stories/reflections-on-relapse/,2246
i-have-hope-now,,Anon,"June 26, 2018",https://theocdstories.com/stories/i-have-hope-now/,1379
i-worked-hard-every-single-day,,Anon,"June 18, 2018",https://theocdstories.com/stories/i-worked-hard-every-single-day/,584
the-intangible-demons-in-my-head,,Anon,"June 15, 2018",https://theocdstories.com/stories/the-intangible-demons-in-my-head/,1195
my-ocd-took-all-of-my-primary-school-years,,Anon,"June 4, 2018",https://theocdstories.com/stories/my-ocd-took-all-of-my-primary-school-years/,518
baby-steps,,Anon,"May 17, 2018",https://theocdstories.com/stories/baby-steps/,2767
our-thoughts-do-not-define-who-we-are,,Anon,"May 17, 2018",https://theocdstories.com/stories/our-thoughts-do-not-define-who-we-are/,635
living-with-brian,,Anon,"May 17, 2018",https://theocdstories.com/stories/living-with-brian/,1061
ocd-and-the-prince-of-peace,,Anon,"April 12, 2018",https://theocdstories.com/stories/ocd-and-the-prince-of-peace/,791
taking-ocd-for-a-drive,,Anon,"April 12, 2018",https://theocdstories.com/stories/taking-ocd-for-a-drive/,1374
my-ocd-story-part-one-living-with-ocd,,Anon,"April 3, 2018",https://theocdstories.com/stories/my-ocd-story-part-one-living-with-ocd/,1915
80-happiness-and-20-fleeting-what-ifs,,Anon,"March 21, 2018",https://theocdstories.com/stories/80-happiness-and-20-fleeting-what-ifs/,3542
time-to-stop-hiding,,Anon,"March 18, 2018",https://theocdstories.com/stories/time-to-stop-hiding/,1817
recovering-from-postnatal-ocd,,Anon,"March 18, 2018",https://theocdstories.com/stories/recovering-from-postnatal-ocd/,1303
my-still-undiagnosed-ocd-story,,Anon,"March 2, 2018",https://theocdstories.com/stories/my-still-undiagnosed-ocd-story/,3001
the-one-you-should-keep,,Anon,"January 23, 2018",https://theocdstories.com/stories/the-one-you-should-keep/,1427
the-illness-that-haunted-my-life,,Anon,"December 29, 2017",https://theocdstories.com/stories/the-illness-that-haunted-my-life/,2599
ocd-collapse-and-rebuilding,,Anon,"December 19, 2017",https://theocdstories.com/stories/ocd-collapse-and-rebuilding/,2044
summer-2015,,Anon,"November 28, 2017",https://theocdstories.com/stories/summer-2015/,2391
facing-my-fears-with-cbt,,Anon,"November 14, 2017",https://theocdstories.com/stories/facing-my-fears-with-cbt/,2763
im-standing-im-living,,Anon,"October 19, 2017",https://theocdstories.com/stories/im-standing-im-living/,1211
overcoming-ocd-is-not-a-fight-is-an-act-of-love,,Anon,"October 1, 2017",https://theocdstories.com/stories/overcoming-ocd-is-not-a-fight-is-an-act-of-love/,1303
just-another-day-and-new-realities,,Anon,"September 19, 2017",https://theocdstories.com/stories/just-another-day-and-new-realities/,1568
90-better-from-ocd,,Anon,"September 19, 2017",https://theocdstories.com/stories/90-better-from-ocd/,1061
learning-to-give-thoughts-less-attention,,Anon,"August 29, 2017",https://theocdstories.com/stories/learning-to-give-thoughts-less-attention/,2912
my-ocd-struggle,,Anon,"August 29, 2017",https://theocdstories.com/stories/my-ocd-struggle/,2198
free-at-last,,Anon,"August 24, 2017",https://theocdstories.com/stories/free-at-last/,701
embracing-uncertainty-in-ocd-recovery,,Anon,"August 24, 2017",https://theocdstories.com/stories/embracing-uncertainty-in-ocd-recovery/,1608
help-hope-and-healing,,Anon,"July 27, 2017",https://theocdstories.com/stories/help-hope-and-healing/,687
punching-ocd-in-the-face,,Anon,"July 27, 2017",https://theocdstories.com/stories/punching-ocd-in-the-face/,1276
present-moment-a-poem,,Anon,"July 27, 2017",https://theocdstories.com/stories/present-moment-a-poem/,124
taming-olivia,,Anon,"July 20, 2017",https://theocdstories.com/stories/taming-olivia/,1216
it-started-as-a-thought-of-hit-and-run,,Anon,"July 11, 2017",https://theocdstories.com/stories/it-started-as-a-thought-of-hit-and-run/,2044
taking-the-necessary-steps-to-recovery,,Anon,"July 2, 2017",https://theocdstories.com/stories/taking-the-necessary-steps-to-recovery/,773
recovery-through-faith-and-exposure,,Anon,"June 27, 2017",https://theocdstories.com/stories/recovery-through-faith-and-exposure/,879
how-do-you-know-its-right,,Anon,"June 15, 2017",https://theocdstories.com/stories/how-do-you-know-its-right/,1615
my-disorder-does-not-define-me,,Anon,"June 8, 2017",https://theocdstories.com/stories/my-disorder-does-not-define-me/,2342
ocd-focused-on-racism-and-anti-semitism,,Anon,"June 1, 2017",https://theocdstories.com/stories/ocd-focused-on-racism-and-anti-semitism/,843
lessons-learned-from-relationship-focused-ocd,,Anon,"May 19, 2017",https://theocdstories.com/stories/lessons-learned-from-relationship-focused-ocd/,1268
conquering-my-battle,,Anon,"May 11, 2017",https://theocdstories.com/stories/conquering-my-battle/,1991
it-started-with-a-thought,,Anon,"May 11, 2017",https://theocdstories.com/stories/it-started-with-a-thought/,689
the-ocd-burglar,,Anon,"April 24, 2017",https://theocdstories.com/stories/the-ocd-burglar/,2065
little-victories,,Anon,"April 14, 2017",https://theocdstories.com/stories/little-victories/,1941
finding-a-way,,Anon,"April 14, 2017",https://theocdstories.com/stories/finding-a-way/,2414
ocd-or-recovery-the-choice,,Anon,"March 29, 2017",https://theocdstories.com/stories/ocd-or-recovery-the-choice/,1671
transmuting-pain-into-art,,Anon,"March 29, 2017",https://theocdstories.com/stories/transmuting-pain-into-art/,898
the-rise-and-fall-of-ocd,,Anon,"March 29, 2017",https://theocdstories.com/stories/the-rise-and-fall-of-ocd/,962
the-millions-of-intrusive-thoughts-that-took-over-my-life,,Anon,"March 10, 2017",https://theocdstories.com/stories/the-millions-of-intrusive-thoughts-that-took-over-my-life/,1196
ocd-caused-me-to,,Anon,"March 10, 2017",https://theocdstories.com/stories/ocd-caused-me-to/,377
in-the-midst,,Anon,"February 28, 2017",https://theocdstories.com/stories/in-the-midst/,1407
on-the-road-to-recovery,,Anon,"February 27, 2017",https://theocdstories.com/stories/on-the-road-to-recovery/,632
early-memories-of-ocd,,Anon,"February 23, 2017",https://theocdstories.com/stories/early-memories-of-ocd/,887
pit-of-despair,,Anon,"February 10, 2017",https://theocdstories.com/stories/pit-of-despair/,731
from-ocd-to-university,,Anon,"February 2, 2017",https://theocdstories.com/stories/from-ocd-to-university/,832
learning-in-recovery-from-ocd,,Anon,"January 8, 2017",https://theocdstories.com/stories/learning-in-recovery-from-ocd/,713
it-all-started-when-i-was-3-years-old,,Anon,"January 8, 2017",https://theocdstories.com/stories/it-all-started-when-i-was-3-years-old/,1009
what-if-i-harm-my-child-an-ocd-story,,Anon,"December 6, 2016",https://theocdstories.com/stories/what-if-i-harm-my-child-an-ocd-story/,667
it-all-seemed-too-weird,,Anon,"December 1, 2016",https://theocdstories.com/stories/it-all-seemed-too-weird/,351
my-pure-o-and-harm-ocd-story,,Anon,"December 1, 2016",https://theocdstories.com/stories/my-pure-o-and-harm-ocd-story/,388
meditation-and-other-methods-my-ocd-recovery,,Anon,"November 26, 2016",https://theocdstories.com/stories/meditation-and-other-methods-my-ocd-recovery/,641
you-deserve-to-be-happy,,Anon,"November 18, 2016",https://theocdstories.com/stories/you-deserve-to-be-happy/,552
dear-ocd,,Anon,"November 10, 2016",https://theocdstories.com/stories/dear-ocd/,334
a-mothers-journey-helping-her-son-recover-from-ocd,,Anon,"October 24, 2016",https://theocdstories.com/stories/a-mothers-journey-helping-her-son-recover-from-ocd/,2764
the-daily-struggle-have-hope,,Anon,"October 14, 2016",https://theocdstories.com/stories/the-daily-struggle-have-hope/,1682
the-ocd-rabbit-hole,,Anon,"October 12, 2016",https://theocdstories.com/stories/the-ocd-rabbit-hole/,1793
the-ocd-nightmare,,Anon,"October 11, 2016",https://theocdstories.com/stories/the-ocd-nightmare/,397
a-strange-thing-to-talk-about-my-life-with-ocd,,Anon,"September 25, 2016",https://theocdstories.com/stories/a-strange-thing-to-talk-about-my-life-with-ocd/,985
the-blessing-of-accepting-uncertainty-in-ocd,,Anon,"September 22, 2016",https://theocdstories.com/stories/the-blessing-of-accepting-uncertainty-in-ocd/,487
petrified-of-plagiarism,,Anon,"September 18, 2016",https://theocdstories.com/stories/petrified-of-plagiarism/,461
on-avoiding-writing-this-essay,,Anon,"September 12, 2016",https://theocdstories.com/stories/on-avoiding-writing-this-essay/,1591
beating-ocd-by-embracing-uncertainty,,Anon,"September 12, 2016",https://theocdstories.com/stories/beating-ocd-by-embracing-uncertainty/,396
emotional-abusive-relationship-with-somatosensory-ocd,,Anon,"August 24, 2016",https://theocdstories.com/stories/emotional-abusive-relationship-with-somatosensory-ocd/,978
taming-the-beast-ocd-body-dysmorphia-and-depression,,Anon,"August 17, 2016",https://theocdstories.com/stories/taming-the-beast-ocd-body-dysmorphia-and-depression/,1421
have-hope-in-ocd-recovery,,Anon,"August 8, 2016",https://theocdstories.com/stories/have-hope-in-ocd-recovery/,189
university-rugby-and-sexual-orientation-ocd,,Anon,"August 3, 2016",https://theocdstories.com/stories/university-rugby-and-sexual-orientation-ocd/,1662
from-abuse-and-ocd-to-travelling-the-world-and-inspiring-others,,Anon,"July 15, 2016",https://theocdstories.com/stories/from-abuse-and-ocd-to-travelling-the-world-and-inspiring-others/,1521
my-40-year-journey-with-ocd,,Anon,"July 8, 2016",https://theocdstories.com/stories/my-40-year-journey-with-ocd/,343
i-hate-you-an-ocd-obsession,,Anon,"June 22, 2016",https://theocdstories.com/stories/i-hate-you-an-ocd-obsession/,1557
rational-and-irrational-parts,,Anon,"June 8, 2016",https://theocdstories.com/stories/rational-and-irrational-parts/,1550
february-fifteenth-my-obsession-with-obsession,,Anon,"June 7, 2016",https://theocdstories.com/stories/february-fifteenth-my-obsession-with-obsession/,1563
ocd-recovery-i-am-going-to-achieve-my-dreams,,Anon,"June 6, 2016",https://theocdstories.com/stories/ocd-recovery-i-am-going-to-achieve-my-dreams/,1287
whack-a-mole-brain-a-poem,,Anon,"May 28, 2016",https://theocdstories.com/stories/whack-a-mole-brain-a-poem/,543
ocd-wanted-it-not-me,,Anon,"May 25, 2016",https://theocdstories.com/stories/ocd-wanted-it-not-me/,869
the-ocd-comic,,Anon,"May 23, 2016",https://theocdstories.com/stories/the-ocd-comic/,8
maternal-ocd-and-facing-the-ocd-monster-head-on,,Anon,"May 18, 2016",https://theocdstories.com/stories/maternal-ocd-and-facing-the-ocd-monster-head-on/,1028
ocd-and-education,,Anon,"May 17, 2016",https://theocdstories.com/stories/ocd-and-education/,1053
standing-at-the-gate-of-the-journey,,Anon,"April 24, 2016",https://theocdstories.com/stories/standing-at-the-gate-of-the-journey/,4136
my-ocd-transformation,,Anon,"April 14, 2016",https://theocdstories.com/stories/my-ocd-transformation/,3808
postpartum-ocd-and-faith,,Anon,"April 12, 2016",https://theocdstories.com/stories/postpartum-ocd-and-faith/,1108
erics-ocd-story-version-2,,Anon,"April 11, 2016",https://theocdstories.com/stories/erics-ocd-story-version-2/,2620
my-naturopathic-ocd-recovery,,Anon,"March 29, 2016",https://theocdstories.com/stories/my-naturopathic-ocd-recovery/,3485
glimpses-of-a-life-without-ocd,,Anon,"March 22, 2016",https://theocdstories.com/stories/glimpses-of-a-life-without-ocd/,2637
i-am-not-an-ocd-unicorn,,Anon,"March 9, 2016",https://theocdstories.com/stories/i-am-not-an-ocd-unicorn/,942
parenting-with-intrusive-thoughts,,Anon,"March 8, 2016",https://theocdstories.com/stories/parenting-with-intrusive-thoughts/,1739
my-ocd-story-experience-hope-and-recovery,,Anon,"February 22, 2016",https://theocdstories.com/stories/my-ocd-story-experience-hope-and-recovery/,1331
postpartum-ocd-intrusive-thoughts-and-recovery,,Anon,"February 18, 2016",https://theocdstories.com/stories/postpartum-ocd-intrusive-thoughts-and-recovery/,856
so-much-better-than-i-was,,Anon,"February 13, 2016",https://theocdstories.com/stories/so-much-better-than-i-was/,305
a-true-paradox,,Anon,"February 12, 2016",https://theocdstories.com/stories/a-true-paradox/,886
ocd-the-monster-in-my-mind,,Anon,"February 2, 2016",https://theocdstories.com/stories/ocd-the-monster-in-my-mind/,1591
my-obsession-the-fear-of-farting,,Anon,"January 29, 2016",https://theocdstories.com/stories/my-obsession-the-fear-of-farting/,494
chasing-calm-my-life-with-pure-ocd,,Anon,"January 28, 2016",https://theocdstories.com/stories/chasing-calm-my-life-with-pure-ocd/,1407
exiting-the-maze-a-spiritual-answer-to-psychological-chaos,,Anon,"January 12, 2016",https://theocdstories.com/stories/exiting-the-maze-a-spiritual-answer-to-psychological-chaos/,967
my-road-to-recovery,,Anon,"January 9, 2016",https://theocdstories.com/stories/my-road-to-recovery/,1755
what-if-im-a-paedophile,,Anon,"January 1, 2016",https://theocdstories.com/stories/what-if-im-a-paedophile/,610
but-he-had-everything-to-live-for,,Anon,"December 30, 2015",https://theocdstories.com/stories/but-he-had-everything-to-live-for/,350
learning-to-live,,Anon,"December 23, 2015",https://theocdstories.com/stories/learning-to-live/,1439
me-and-my-bully,,Anon,"December 16, 2015",https://theocdstories.com/stories/me-and-my-bully/,581
the-intruder,,Anon,"December 15, 2015",https://theocdstories.com/stories/the-intruder/,875
recovering-from-ocd-one-day-at-a-time,,Anon,"December 8, 2015",https://theocdstories.com/stories/recovering-from-ocd-one-day-at-a-time/,839
ocd-is-not-a-disease-that-bothers-its-a-disease-that-tortures,,Anon,"November 18, 2015",https://theocdstories.com/stories/ocd-is-not-a-disease-that-bothers-its-a-disease-that-tortures/,2449
the-fear-of-bad-things-and-the-optimism-of-recovery,,Anon,"November 17, 2015",https://theocdstories.com/stories/the-fear-of-bad-things-and-the-optimism-of-recovery/,559
overcoming-ocd-and-ptsd,,Anon,"November 12, 2015",https://theocdstories.com/stories/overcoming-ocd-and-ptsd/,746
ocd-and-emetophobia-gaining-my-life-back,,Anon,"November 3, 2015",https://theocdstories.com/stories/ocd-and-emetophobia-gaining-my-life-back/,1151
defeating-the-pain-of-ocd,,Anon,"October 28, 2015",https://theocdstories.com/stories/defeating-the-pain-of-ocd/,626
living-with-obsessive-compulsive-disorder,,Anon,"October 20, 2015",https://theocdstories.com/stories/living-with-obsessive-compulsive-disorder/,1215
ignorance-total-annihilation-two-odd-supports-for-ocd-recovery,,Anon,"October 16, 2015",https://theocdstories.com/stories/ignorance-total-annihilation-two-odd-supports-for-ocd-recovery/,865
harm-ocd-religious-ocd-recovery-from-them-haleys-ocd-story,,Anon,"October 8, 2015",https://theocdstories.com/stories/harm-ocd-religious-ocd-recovery-from-them-haleys-ocd-story/,59
pien-suffers-from-obsessive-compulsive-disorder,,Anon,"September 27, 2015",https://theocdstories.com/stories/pien-suffers-from-obsessive-compulsive-disorder/,439
from-contamination-ocd-to-the-bbc,,Anon,"September 6, 2015",https://theocdstories.com/stories/from-contamination-ocd-to-the-bbc/,1123
extracts-of-my-life,,Anon,"September 4, 2015",https://theocdstories.com/stories/extracts-of-my-life/,2157
fear-of-death-writing-the-alphabet-and-the-importance-of-embracing-ocd,,Anon,"September 1, 2015",https://theocdstories.com/stories/fear-of-death-writing-the-alphabet-and-the-importance-of-embracing-ocd/,586
succeeding-despite-ocd,,Anon,"September 1, 2015",https://theocdstories.com/stories/succeeding-despite-ocd/,1495
