embedding,scheme,metric,n,epsilon2,p_kw,g_OCD,mean_OCD,g_depression,mean_depression,g_ptsd,mean_ptsd,g_ADHD,mean_ADHD,p_bh
minilm,global05,RR,10316,0.056541241312294425,1.063640540283851e-126,0.41295455491196537,0.10913479933300417,-0.42508840338230325,0.05743193294787076,-0.14476524195460022,0.07292739752225742,0.018894374280308268,0.09306790928345787,5.743658917532796e-125
minilm,global05,DET,10316,0.016933132091469735,2.8881152119366494e-38,0.25985898601001794,0.2140545446329927,-0.29193486796752355,0.1340164616998597,-0.03815143329092566,0.16999811620443572,-0.017642840559256995,0.18222439202398424,4.45594918413083e-38
minilm,global05,LAM,10316,0.03489071227772827,2.531962588963912e-78,0.3545220424756033,0.314772464225302,-0.40440610517922204,0.2032300408909742,-0.08799041857315237,0.2508911790578703,0.010729535394915805,0.27215611167953035,1.5191775533783472e-77
minilm,global05,TT,10316,0.04313133205089764,9.916307778021325e-97,0.15785656792480082,2.078973047640361,-0.17892675433974634,1.7509647867821854,-0.04067220619614485,1.9222707019344183,0.004916326988116172,1.903707256158371,1.7849354000438384e-95
minilm,global05,L,10316,0.03665385452982091,2.9238264656174306e-82,0.16539882040905124,1.6870550019144526,-0.20933516180503914,1.2765977135979567,-0.022576938297599904,1.5355073796563827,0.0027878401114098937,1.4718398394546754,1.9735828642917655e-81
minilm,global05,Lmax,10316,0.038779242035095106,5.233846043342301e-87,0.15770867047189074,2.077823691460055,-0.16675107713282433,1.4868494683827644,-0.04080206964841272,1.7962202136400987,-0.0029451916811824067,1.7107489815104984,4.7104614390080704e-86
minilm,global05,ENTR,10316,0.030448190721049845,2.0994715361082534e-68,0.24784688464605312,0.2919489104018691,-0.26777814643842374,0.1342614453703701,-0.07679608079600776,0.20522547891288268,0.010164761031921259,0.21335115759342727,1.0306496631804152e-67
minilm,global10,RR,10340,0.04019908973404568,2.178612204033189e-90,0.3546264029854355,0.1820118248663358,-0.38490449942891397,0.11803702176146821,-0.08003048052684872,0.14024835890810844,-0.008083588250776576,0.16304612887896403,2.941126475444805e-89
minilm,global10,DET,10340,0.017452497468698494,1.635149369378774e-39,0.2559624974038739,0.32950821194698193,-0.2794500176394435,0.24685029470499334,-0.020353023732841296,0.2839446325276393,-0.03678818892519376,0.2963495659582342,2.7593145608266813e-39
minilm,global10,LAM,10340,0.030233937979063933,4.398371234729424e-68,0.3088354620642728,0.43896048390992876,-0.38236849326450495,0.3377165781621092,-0.05054700571552132,0.38548160672135207,0.007315535913945311,0.4038654421944077,1.9792670556282406e-67
minilm,global10,TT,10340,0.026915350147273445,1.1663158834988798e-60,0.09171198714054155,2.425579644698283,-0.065125136447796,2.2894578814534965,-0.03019157442327657,2.3311368253578566,-0.017489968265050487,2.317533085169769,3.3147925109968166e-60
minilm,global10,L,10340,0.021856103381139306,2.3857872026907938e-49,0.10448370157520628,2.2086855847517306,-0.09397155939669156,2.0229714592975054,-0.01920681653938754,2.114794555058567,-0.019463798406361785,2.07194058127048,5.1533003578121145e-49
minilm,global10,Lmax,10340,0.025743488366549026,4.869567183744791e-58,0.141526711900666,3.1816930488644184,-0.13873349641040517,2.67056856187291,-0.023284599010441543,2.9651496514965148,-0.020940537400427763,2.794439237738207,1.3147831396110936e-57
minilm,global10,ENTR,10340,0.01958243577014168,2.8669466857950025e-44,0.21737989009963382,0.605979332255349,-0.26943416471845666,0.40871135497156663,-0.009817238045090479,0.5311385498230639,-0.016417374946529163,0.5053063319315385,5.529111465461791e-44
minilm,global15,RR,10340,0.031626334458723634,3.371139228919837e-71,0.31697557456745934,0.24618414502869496,-0.34851564411041003,0.176985577202241,-0.043738909063279284,0.20263052134808113,-0.02797123179163684,0.2257059567530293,1.820415183616712e-70
minilm,global15,DET,10340,0.017271187772873526,4.1522998836870937e-39,0.24279384762162778,0.41912791952637507,-0.27589464118780804,0.3371034753469685,0.006077827593696817,0.37690187962317595,-0.049211887039278396,0.38703976309081994,6.594829227032442e-39
minilm,global15,LAM,10340,0.02732966469235296,1.3809363847153488e-61,0.28295244387937774,0.5272131539722313,-0.36537437696878267,0.43624070156285094,-0.017599526026252043,0.4826975430665879,-0.007693103918431527,0.4962811646797107,4.386503810272284e-61
minilm,global15,TT,10340,0.021938072794764788,1.5647757377548975e-49,0.07341109925062919,2.612239381345518,-0.05244618874219001,2.4994150417172194,-0.02213236509602318,2.5340340883734713,-0.015519726011699467,2.5277539664259514,3.520745409948519e-49
minilm,global15,L,10340,0.012470595297559324,2.110783543193048e-28,0.060850280450078134,2.418931585033518,-0.03769958059573535,2.3293227765013436,-0.011745296481422982,2.3597061883932255,-0.022310054485667495,2.3368529998367813,2.849557783310615e-28
minilm,global15,Lmax,10340,0.01853299284567422,6.326448254274843e-42,0.13100488852041325,4.03785271851342,-0.1260569476429457,3.5646599777034558,-0.013268715585894897,3.867158671586716,-0.027968972527030594,3.6344892221180882,1.1387606857694717e-41
minilm,global15,ENTR,10340,0.013972278732679975,9.502407007107544e-32,0.20263187079996223,0.8821227468425767,-0.243296615090134,0.6886397117916596,0.030417630043549544,0.8214851117413673,-0.0538934881485776,0.7703961143232567,1.3157178932918137e-31
minilm,pertext10,DET,10340,0.001605807724744352,0.00020565572452245826,-0.03528631995994399,0.21519446170113293,0.04882413924181986,0.23110864900953831,0.04927499367031768,0.2315767528030946,-0.04094770447210477,0.21175854746742806,0.0002467868694269499
minilm,pertext10,LAM,10340,0.00022960047051847016,0.1464255764095167,0.015984858201630144,0.32258925997423954,-0.05881198266860479,0.3267022858421527,0.018848295905059913,0.3352684037681512,0.0084428180776481,0.31712269375046903,0.14918832313422456
minilm,pertext10,TT,10340,0.002226633235852555,9.471054048527026e-06,0.0064548883571362466,2.2026356272652734,0.011066547147246744,2.2412752400060096,-0.010211106770863893,2.23769468835322,-0.004915986964221986,2.1828978608696628,1.1893881828382777e-05
minilm,pertext10,L,10340,0.0010667433817535088,0.002870163915868465,-0.05706677443313778,1.84078798700385,0.050051283804369365,1.9878397835892287,0.05001352993324723,1.9955144355526757,-0.021809998909527863,1.823996926230714,0.0032976351373807896
minilm,pertext10,Lmax,10340,0.0008003371789881901,0.010341062698502808,-0.04182959257241599,2.2216104611149348,0.05764865033192303,2.6677814938684503,0.008231378095149042,2.5928659286592866,-0.0060721441463435725,2.178381755701343,0.011396273177941868
minilm,pertext10,ENTR,10340,0.0005224163374923847,0.03843460288865097,-0.0788964029399383,0.27452339870252546,0.027214664407629763,0.36445526004699025,0.034577055562456625,0.3731334718192137,0.027127931444278244,0.2771781452468054,0.041509371119743045
mpnet,global05,RR,10325,0.0492112763951409,2.062306333810869e-110,0.37316251541611145,0.1075260448983536,-0.4021798624122861,0.06012988345512768,-0.11111710842797695,0.07545592517600587,0.011924723610494785,0.09394505309479802,5.568227101289346e-109
mpnet,global05,DET,10325,0.01112477611208715,2.275921291312031e-25,0.19938068211961313,0.21648492597731042,-0.2233376972191177,0.1541064447877994,0.030077638868568603,0.18925054927093646,-0.06414218946202659,0.18668184106307384,2.9261845174011825e-25
mpnet,global05,LAM,10325,0.028904725782141833,5.138701521590432e-65,0.3152376798539254,0.3169648101972687,-0.361150187257719,0.220106101909855,-0.061311139787839315,0.2637005563084214,-0.003785461640712976,0.278795324552331,1.8499325477725556e-64
mpnet,global05,TT,10325,0.03963152513430542,5.467225142824086e-89,0.13344152074349483,2.102365512721435,-0.14463914061798946,1.8379810620900907,-0.03983272505302556,1.9665423625440772,0.004367586236959976,1.9568013086913008,5.904603154250013e-88
mpnet,global05,L,10325,0.027915553749941882,8.323922102276385e-63,0.15159454528545935,1.7344276701390853,-0.17095664381683326,1.3933492444712379,0.004767880481379362,1.6280610897040286,-0.03278843416572126,1.5035733536228764,2.8093237095182797e-62
mpnet,global05,Lmax,10325,0.030257271237572315,4.890245430141127e-68,0.13830159144385834,2.1167355371900825,-0.14097571098115733,1.6241610738255035,-0.014723906858628706,1.9265490356996307,-0.023828423593806356,1.7518773466833542,2.0313327171355448e-67
mpnet,global05,ENTR,10325,0.0248595308008143,5.555113442890904e-56,0.2095130348918686,0.28629147589818116,-0.2503534004389692,0.14807055573676026,-0.02698084072911369,0.22965469785292603,-0.007558154581677002,0.21290768074181707,1.4284577424576611e-55
mpnet,global10,RR,10340,0.037026439973058205,2.762812028447862e-83,0.32727942493214174,0.1849501039884793,-0.3697459829122389,0.12324987560604214,-0.06679486452873656,0.14499278186837689,-0.004127619589124472,0.16857494100083154,2.131312136231208e-82
mpnet,global10,DET,10340,0.014861533907113724,9.883783520686763e-34,0.21752240837775025,0.3399633291554368,-0.26443053276580913,0.2639113452683609,0.027015945560364518,0.3049433431260535,-0.05092903716982547,0.31045328976897474,1.4424981354515815e-33
mpnet,global10,LAM,10340,0.027100502842294667,4.494855210090603e-61,0.296221453886613,0.4526613018748988,-0.3488216798937452,0.35983982454024765,-0.018671213569039873,0.4056736607024304,-0.029831193845286756,0.4160064449417235,1.348456563027181e-60
mpnet,global10,TT,10340,0.021702736462090654,5.252398450616141e-49,0.06490663948194098,2.4292665680173298,-0.04854208666536424,2.333808811003488,-0.024652560303771623,2.36236179399982,-0.007984244619645964,2.3572692695525874,1.0908827551279676e-48
mpnet,global10,L,10340,0.01736245540574631,2.59751446655166e-39,0.07686376883788318,2.241204651516821,-0.07909553385472089,2.0987108315412777,-0.0025776033886158282,2.1887606149786336,-0.01740521418023808,2.138392389625205,4.250478217993626e-39
mpnet,global10,Lmax,10340,0.023397149493517354,8.577115961213344e-53,0.1350002006781721,3.3372333103922918,-0.13331813293889822,2.8444816053511706,-0.0025562204074520097,3.1767117671176712,-0.03590784154184309,2.92814745392065,2.013757660458785e-52
mpnet,global10,ENTR,10340,0.01901741600311996,5.240427388258594e-43,0.203398332263382,0.6490526396958475,-0.2674791972569607,0.4558674212443698,0.04550346658818116,0.6026155109167095,-0.051324314971642915,0.5395136820261908,9.758037205722898e-43
mpnet,global15,RR,10340,0.029689947226275708,7.250418634203348e-67,0.2953381686340735,0.2510070424437754,-0.3430045879391332,0.18282042228721804,-0.03188013102524653,0.20876695729882871,-0.021683631783424126,0.23321181137269684,2.796590044621291e-66
mpnet,global15,DET,10340,0.0158322208153363,6.75461526100364e-36,0.2127543007321912,0.43101879266365767,-0.27054510096962836,0.35374245581255476,0.04650598829602969,0.39754198387438305,-0.05888113402808322,0.40230210429866586,1.0131922891505461e-35
mpnet,global15,LAM,10340,0.024694820488511852,1.0771968683516935e-55,0.27361322512983427,0.5435427169566311,-0.33852932389183443,0.45952659847207655,0.011815899128153649,0.5044204092143287,-0.04142068002234776,0.5113225254584857,2.6440286768632476e-55
mpnet,global15,TT,10340,0.02087162675071671,3.7795273218482402e-47,0.07101929063611721,2.6407078968896798,-0.046812637573462594,2.5355327988335983,-0.01894997497622875,2.5668500730374775,-0.01972352524357488,2.5561857317402725,7.5590546436964805e-47
mpnet,global15,L,10340,0.011404792447098463,4.987949827050255e-26,0.04574855122318296,2.455068502866662,-0.034730961554670245,2.3805882478040616,0.010041950253076595,2.428578667448407,-0.028410799030421298,2.3843256017351617,6.569494894163751e-26
mpnet,global15,Lmax,10340,0.018053945739493933,7.426924920015039e-41,0.12566955821223438,4.245698554714384,-0.12973902079316443,3.7642140468227425,0.014825180573794994,4.153341533415334,-0.0441860393203434,3.8053733208372384,1.2937224054219745e-40
mpnet,global15,ENTR,10340,0.014536725832509641,5.239471501830655e-33,0.1901562877477278,0.9253273390004069,-0.2512762429715156,0.7346031884920086,0.07905411925594506,0.8921844066693753,-0.07796493992300028,0.8097019810464913,7.445564765759352e-33
mpnet,pertext10,DET,10340,0.001745438982632514,0.00010323923583528188,-0.03838162351897467,0.22342014182440503,0.04067296470476726,0.23970513348538047,0.07632898970653122,0.24405806339928263,-0.05535657010861398,0.21853373087939917,0.00012670269852511866
mpnet,pertext10,LAM,10340,0.0003055486378765194,0.1041643041485678,0.028841522542576884,0.3297242061039924,-0.024227942129458856,0.33810691080278726,0.039408628497284263,0.3452527470731037,-0.044246225354200204,0.318355153382393,0.10817062353889734
mpnet,pertext10,TT,10340,0.000969228495761634,0.004597957047683727,0.025919846728595458,2.2165202685423435,-0.03359357784708068,2.2355761515354775,-0.0034913323675837275,2.249688427675057,0.0009786970787053824,2.193457336084798,0.005172701678644194
mpnet,pertext10,L,10340,0.0003689762074982533,0.07807758641045118,-0.010825914454441166,1.8904054225787097,0.032101451618657274,1.997592004392397,0.04027701032330317,2.0105654683616168,-0.045270947756455376,1.837155942271605,0.08267038561106595
mpnet,pertext10,Lmax,10340,0.0002016608133823091,0.16572265591504984,-0.04745463101402725,2.3282863041982105,0.03444916730600252,2.6449275362318843,0.08079019335998922,2.7129971299712996,-0.046358124812805775,2.224304904717276,0.16572265591504984
mpnet,pertext10,ENTR,10340,0.0012532420798365914,0.001159144418107812,-0.06588435691460866,0.30658024826738206,-0.001957585740754819,0.3877589470018309,0.10361046703448902,0.42713228804625336,-0.02371924153234607,0.2911688809464031,0.0013607347516917793
