slug,source,ebook_id,segment,word_count
autobiography-benjamin-franklin-seg001,autobiography-benjamin-franklin,148,1,66982
up-from-slavery-washington-seg001,up-from-slavery-washington,2376,1,5190
up-from-slavery-washington-seg002,up-from-slavery-washington,2376,2,3272
up-from-slavery-washington-seg003,up-from-slavery-washington,2376,3,5018
up-from-slavery-washington-seg004,up-from-slavery-washington,2376,4,4361
up-from-slavery-washington-seg005,up-from-slavery-washington,2376,5,3898
up-from-slavery-washington-seg006,up-from-slavery-washington,2376,6,2639
up-from-slavery-washington-seg007,up-from-slavery-washington,2376,7,3212
up-from-slavery-washington-seg008,up-from-slavery-washington,2376,8,2717
up-from-slavery-washington-seg009,up-from-slavery-washington,2376,9,3475
up-from-slavery-washington-seg010,up-from-slavery-washington,2376,10,3352
up-from-slavery-washington-seg011,up-from-slavery-washington,2376,11,3448
up-from-slavery-washington-seg012,up-from-slavery-washington,2376,12,3169
up-from-slavery-washington-seg013,up-from-slavery-washington,2376,13,4381
up-from-slavery-washington-seg014,up-from-slavery-washington,2376,14,4721
up-from-slavery-washington-seg015,up-from-slavery-washington,2376,15,7022
up-from-slavery-washington-seg016,up-from-slavery-washington,2376,16,5850
up-from-slavery-washington-seg017,up-from-slavery-washington,2376,17,6267
up-from-slavery-washington-seg018,up-from-slavery-washington,2376,18,4733
narrative-frederick-douglass-seg001,narrative-frederick-douglass,23,1,4449
narrative-frederick-douglass-seg002,narrative-frederick-douglass,23,2,2041
narrative-frederick-douglass-seg003,narrative-frederick-douglass,23,3,2009
narrative-frederick-douglass-seg004,narrative-frederick-douglass,23,4,1449
narrative-frederick-douglass-seg005,narrative-frederick-douglass,23,5,1570
narrative-frederick-douglass-seg006,narrative-frederick-douglass,23,6,1655
narrative-frederick-douglass-seg007,narrative-frederick-douglass,23,7,1280
narrative-frederick-douglass-seg008,narrative-frederick-douglass,23,8,2457
narrative-frederick-douglass-seg009,narrative-frederick-douglass,23,9,1787
narrative-frederick-douglass-seg010,narrative-frederick-douglass,23,10,12753
narrative-frederick-douglass-seg011,narrative-frederick-douglass,23,11,7149
narrative-frederick-douglass-seg012,narrative-frederick-douglass,23,12,2031
story-of-my-life-helen-keller-seg001,story-of-my-life-helen-keller,2397,1,477
story-of-my-life-helen-keller-seg002,story-of-my-life-helen-keller,2397,2,1491
story-of-my-life-helen-keller-seg003,story-of-my-life-helen-keller,2397,3,2265
story-of-my-life-helen-keller-seg004,story-of-my-life-helen-keller,2397,4,919
story-of-my-life-helen-keller-seg005,story-of-my-life-helen-keller,2397,5,1059
story-of-my-life-helen-keller-seg006,story-of-my-life-helen-keller,2397,6,995
story-of-my-life-helen-keller-seg007,story-of-my-life-helen-keller,2397,7,992
story-of-my-life-helen-keller-seg008,story-of-my-life-helen-keller,2397,8,2026
story-of-my-life-helen-keller-seg009,story-of-my-life-helen-keller,2397,9,1675
story-of-my-life-helen-keller-seg010,story-of-my-life-helen-keller,2397,10,704
story-of-my-life-helen-keller-seg011,story-of-my-life-helen-keller,2397,11,1417
story-of-my-life-helen-keller-seg012,story-of-my-life-helen-keller,2397,12,676
story-of-my-life-helen-keller-seg013,story-of-my-life-helen-keller,2397,13,1437
story-of-my-life-helen-keller-seg014,story-of-my-life-helen-keller,2397,14,2742
story-of-my-life-helen-keller-seg015,story-of-my-life-helen-keller,2397,15,1762
story-of-my-life-helen-keller-seg016,story-of-my-life-helen-keller,2397,16,776
story-of-my-life-helen-keller-seg017,story-of-my-life-helen-keller,2397,17,1749
story-of-my-life-helen-keller-seg018,story-of-my-life-helen-keller,2397,18,1534
story-of-my-life-helen-keller-seg019,story-of-my-life-helen-keller,2397,19,2462
story-of-my-life-helen-keller-seg020,story-of-my-life-helen-keller,2397,20,3805
story-of-my-life-helen-keller-seg021,story-of-my-life-helen-keller,2397,21,100199
story-of-my-life-helen-keller-seg022,story-of-my-life-helen-keller,2397,22,3688
personal-memoirs-ulysses-grant-v1-seg001,personal-memoirs-ulysses-grant-v1,4390,1,6126
personal-memoirs-ulysses-grant-v1-seg002,personal-memoirs-ulysses-grant-v1,4390,2,5293
personal-memoirs-ulysses-grant-v1-seg003,personal-memoirs-ulysses-grant-v1,4390,3,6999
personal-memoirs-ulysses-grant-v1-seg004,personal-memoirs-ulysses-grant-v1,4390,4,543
personal-memoirs-ulysses-grant-v1-seg005,personal-memoirs-ulysses-grant-v1,4390,5,3724
personal-memoirs-ulysses-grant-v1-seg006,personal-memoirs-ulysses-grant-v1,4390,6,3006
personal-memoirs-ulysses-grant-v1-seg007,personal-memoirs-ulysses-grant-v1,4390,7,3083
personal-memoirs-ulysses-grant-v1-seg008,personal-memoirs-ulysses-grant-v1,4390,8,5005
personal-memoirs-ulysses-grant-v1-seg009,personal-memoirs-ulysses-grant-v1,4390,9,4428
personal-memoirs-ulysses-grant-v1-seg010,personal-memoirs-ulysses-grant-v1,4390,10,4866
personal-memoirs-ulysses-grant-v1-seg011,personal-memoirs-ulysses-grant-v1,4390,11,4391
personal-memoirs-ulysses-grant-v1-seg012,personal-memoirs-ulysses-grant-v1,4390,12,4944
personal-memoirs-ulysses-grant-v2-seg001,personal-memoirs-ulysses-grant-v2,4391,1,7044
personal-memoirs-ulysses-grant-v2-seg002,personal-memoirs-ulysses-grant-v2,4391,2,13053
personal-memoirs-ulysses-grant-v2-seg003,personal-memoirs-ulysses-grant-v2,4391,3,4916
personal-memoirs-ulysses-grant-v2-seg004,personal-memoirs-ulysses-grant-v2,4391,4,5870
personal-memoirs-ulysses-grant-v2-seg005,personal-memoirs-ulysses-grant-v2,4391,5,494
voyages-of-dr-dolittle-seg001,voyages-of-dr-dolittle,1636,1,38138
david-copperfield-dickens-seg001,david-copperfield-dickens,766,1,354826
great-expectations-dickens-seg001,great-expectations-dickens,1400,1,1816
great-expectations-dickens-seg002,great-expectations-dickens,1400,2,3408
great-expectations-dickens-seg003,great-expectations-dickens,1400,3,1948
great-expectations-dickens-seg004,great-expectations-dickens,1400,4,3356
great-expectations-dickens-seg005,great-expectations-dickens,1400,5,4164
great-expectations-dickens-seg006,great-expectations-dickens,1400,6,776
great-expectations-dickens-seg007,great-expectations-dickens,1400,7,3966
great-expectations-dickens-seg008,great-expectations-dickens,1400,8,4717
great-expectations-dickens-seg009,great-expectations-dickens,1400,9,2598
great-expectations-dickens-seg010,great-expectations-dickens,1400,10,5299
great-expectations-dickens-seg011,great-expectations-dickens,1400,11,2494
great-expectations-dickens-seg012,great-expectations-dickens,1400,12,2215
great-expectations-dickens-seg013,great-expectations-dickens,1400,13,2805
great-expectations-dickens-seg014,great-expectations-dickens,1400,14,829
great-expectations-dickens-seg015,great-expectations-dickens,1400,15,4221
great-expectations-dickens-seg016,great-expectations-dickens,1400,16,1918
great-expectations-dickens-seg017,great-expectations-dickens,1400,17,5014
great-expectations-dickens-seg018,great-expectations-dickens,1400,18,5698
great-expectations-dickens-seg019,great-expectations-dickens,1400,19,3345
great-expectations-dickens-seg020,great-expectations-dickens,1400,20,3125
great-expectations-dickens-seg021,great-expectations-dickens,1400,21,1754
great-expectations-dickens-seg022,great-expectations-dickens,1400,22,4899
great-expectations-dickens-seg023,great-expectations-dickens,1400,23,3168
great-expectations-dickens-seg024,great-expectations-dickens,1400,24,2276
great-expectations-dickens-seg025,great-expectations-dickens,1400,25,2932
great-expectations-dickens-seg026,great-expectations-dickens,1400,26,2832
great-expectations-dickens-seg027,great-expectations-dickens,1400,27,2990
great-expectations-dickens-seg028,great-expectations-dickens,1400,28,2415
great-expectations-dickens-seg029,great-expectations-dickens,1400,29,4891
great-expectations-dickens-seg030,great-expectations-dickens,1400,30,3308
great-expectations-dickens-seg031,great-expectations-dickens,1400,31,2129
great-expectations-dickens-seg032,great-expectations-dickens,1400,32,2209
great-expectations-dickens-seg033,great-expectations-dickens,1400,33,2692
great-expectations-dickens-seg034,great-expectations-dickens,1400,34,2315
great-expectations-dickens-seg035,great-expectations-dickens,1400,35,3062
great-expectations-dickens-seg036,great-expectations-dickens,1400,36,2513
great-expectations-dickens-seg037,great-expectations-dickens,1400,37,2818
great-expectations-dickens-seg038,great-expectations-dickens,1400,38,4841
great-expectations-dickens-seg039,great-expectations-dickens,1400,39,5192
great-expectations-dickens-seg040,great-expectations-dickens,1400,40,4855
great-expectations-dickens-seg041,great-expectations-dickens,1400,41,2157
great-expectations-dickens-seg042,great-expectations-dickens,1400,42,2975
great-expectations-dickens-seg043,great-expectations-dickens,1400,43,1944
great-expectations-dickens-seg044,great-expectations-dickens,1400,44,2879
great-expectations-dickens-seg045,great-expectations-dickens,1400,45,2933
great-expectations-dickens-seg046,great-expectations-dickens,1400,46,2953
great-expectations-dickens-seg047,great-expectations-dickens,1400,47,2553
great-expectations-dickens-seg048,great-expectations-dickens,1400,48,2692
great-expectations-dickens-seg049,great-expectations-dickens,1400,49,3603
great-expectations-dickens-seg050,great-expectations-dickens,1400,50,1501
great-expectations-dickens-seg051,great-expectations-dickens,1400,51,2970
great-expectations-dickens-seg052,great-expectations-dickens,1400,52,5185
great-expectations-dickens-seg053,great-expectations-dickens,1400,53,5697
great-expectations-dickens-seg054,great-expectations-dickens,1400,54,2024
great-expectations-dickens-seg055,great-expectations-dickens,1400,55,2837
great-expectations-dickens-seg056,great-expectations-dickens,1400,56,2182
great-expectations-dickens-seg057,great-expectations-dickens,1400,57,4875
great-expectations-dickens-seg058,great-expectations-dickens,1400,58,3068
great-expectations-dickens-seg059,great-expectations-dickens,1400,59,1459
little-women-alcott-seg001,little-women-alcott,514,1,88097
little-women-alcott-seg002,little-women-alcott,514,2,97789
anne-of-green-gables-seg001,anne-of-green-gables,45,1,102501
adventures-of-tom-sawyer-seg001,adventures-of-tom-sawyer,74,1,984
adventures-of-tom-sawyer-seg002,adventures-of-tom-sawyer,74,2,2382
adventures-of-tom-sawyer-seg003,adventures-of-tom-sawyer,74,3,1845
adventures-of-tom-sawyer-seg004,adventures-of-tom-sawyer,74,4,2248
adventures-of-tom-sawyer-seg005,adventures-of-tom-sawyer,74,5,3377
adventures-of-tom-sawyer-seg006,adventures-of-tom-sawyer,74,6,1914
adventures-of-tom-sawyer-seg007,adventures-of-tom-sawyer,74,7,3492
adventures-of-tom-sawyer-seg008,adventures-of-tom-sawyer,74,8,1908
adventures-of-tom-sawyer-seg009,adventures-of-tom-sawyer,74,9,1739
adventures-of-tom-sawyer-seg010,adventures-of-tom-sawyer,74,10,2129
adventures-of-tom-sawyer-seg011,adventures-of-tom-sawyer,74,11,2031
adventures-of-tom-sawyer-seg012,adventures-of-tom-sawyer,74,12,1468
adventures-of-tom-sawyer-seg013,adventures-of-tom-sawyer,74,13,1677
adventures-of-tom-sawyer-seg014,adventures-of-tom-sawyer,74,14,2448
adventures-of-tom-sawyer-seg015,adventures-of-tom-sawyer,74,15,2067
adventures-of-tom-sawyer-seg016,adventures-of-tom-sawyer,74,16,1677
adventures-of-tom-sawyer-seg017,adventures-of-tom-sawyer,74,17,3169
adventures-of-tom-sawyer-seg018,adventures-of-tom-sawyer,74,18,1120
adventures-of-tom-sawyer-seg019,adventures-of-tom-sawyer,74,19,2880
adventures-of-tom-sawyer-seg020,adventures-of-tom-sawyer,74,20,778
adventures-of-tom-sawyer-seg021,adventures-of-tom-sawyer,74,21,1674
adventures-of-tom-sawyer-seg022,adventures-of-tom-sawyer,74,22,2153
adventures-of-tom-sawyer-seg023,adventures-of-tom-sawyer,74,23,1006
adventures-of-tom-sawyer-seg024,adventures-of-tom-sawyer,74,24,1914
adventures-of-tom-sawyer-seg025,adventures-of-tom-sawyer,74,25,409
adventures-of-tom-sawyer-seg026,adventures-of-tom-sawyer,74,26,2050
adventures-of-tom-sawyer-seg027,adventures-of-tom-sawyer,74,27,2578
adventures-of-tom-sawyer-seg028,adventures-of-tom-sawyer,74,28,955
adventures-of-tom-sawyer-seg029,adventures-of-tom-sawyer,74,29,1084
adventures-of-tom-sawyer-seg030,adventures-of-tom-sawyer,74,30,2540
adventures-of-tom-sawyer-seg031,adventures-of-tom-sawyer,74,31,2999
adventures-of-tom-sawyer-seg032,adventures-of-tom-sawyer,74,32,2991
adventures-of-tom-sawyer-seg033,adventures-of-tom-sawyer,74,33,1020
adventures-of-tom-sawyer-seg034,adventures-of-tom-sawyer,74,34,3315
adventures-of-tom-sawyer-seg035,adventures-of-tom-sawyer,74,35,865
adventures-of-tom-sawyer-seg036,adventures-of-tom-sawyer,74,36,1879
adventures-huckleberry-finn-seg001,adventures-huckleberry-finn,76,1,1146
adventures-huckleberry-finn-seg002,adventures-huckleberry-finn,76,2,1409
adventures-huckleberry-finn-seg003,adventures-huckleberry-finn,76,3,2371
adventures-huckleberry-finn-seg004,adventures-huckleberry-finn,76,4,1682
adventures-huckleberry-finn-seg005,adventures-huckleberry-finn,76,5,1375
adventures-huckleberry-finn-seg006,adventures-huckleberry-finn,76,6,1620
adventures-huckleberry-finn-seg007,adventures-huckleberry-finn,76,7,2950
adventures-huckleberry-finn-seg008,adventures-huckleberry-finn,76,8,2682
adventures-huckleberry-finn-seg009,adventures-huckleberry-finn,76,9,4499
adventures-huckleberry-finn-seg010,adventures-huckleberry-finn,76,10,1602
adventures-huckleberry-finn-seg011,adventures-huckleberry-finn,76,11,1439
adventures-huckleberry-finn-seg012,adventures-huckleberry-finn,76,12,2884
adventures-huckleberry-finn-seg013,adventures-huckleberry-finn,76,13,2855
adventures-huckleberry-finn-seg014,adventures-huckleberry-finn,76,14,2006
adventures-huckleberry-finn-seg015,adventures-huckleberry-finn,76,15,1510
adventures-huckleberry-finn-seg016,adventures-huckleberry-finn,76,16,2431
adventures-huckleberry-finn-seg017,adventures-huckleberry-finn,76,17,3399
adventures-huckleberry-finn-seg018,adventures-huckleberry-finn,76,18,3322
adventures-huckleberry-finn-seg019,adventures-huckleberry-finn,76,19,4737
adventures-huckleberry-finn-seg020,adventures-huckleberry-finn,76,20,3285
adventures-huckleberry-finn-seg021,adventures-huckleberry-finn,76,21,3516
adventures-huckleberry-finn-seg022,adventures-huckleberry-finn,76,22,3526
adventures-huckleberry-finn-seg023,adventures-huckleberry-finn,76,23,2025
adventures-huckleberry-finn-seg024,adventures-huckleberry-finn,76,24,2234
adventures-huckleberry-finn-seg025,adventures-huckleberry-finn,76,25,2317
adventures-huckleberry-finn-seg026,adventures-huckleberry-finn,76,26,2816
adventures-huckleberry-finn-seg027,adventures-huckleberry-finn,76,27,2891
adventures-huckleberry-finn-seg028,adventures-huckleberry-finn,76,28,2634
adventures-huckleberry-finn-seg029,adventures-huckleberry-finn,76,29,3561
adventures-huckleberry-finn-seg030,adventures-huckleberry-finn,76,30,3690
adventures-huckleberry-finn-seg031,adventures-huckleberry-finn,76,31,1193
adventures-huckleberry-finn-seg032,adventures-huckleberry-finn,76,32,3679
adventures-huckleberry-finn-seg033,adventures-huckleberry-finn,76,33,2258
adventures-huckleberry-finn-seg034,adventures-huckleberry-finn,76,34,2620
adventures-huckleberry-finn-seg035,adventures-huckleberry-finn,76,35,2162
adventures-huckleberry-finn-seg036,adventures-huckleberry-finn,76,36,2652
adventures-huckleberry-finn-seg037,adventures-huckleberry-finn,76,37,2149
adventures-huckleberry-finn-seg038,adventures-huckleberry-finn,76,38,2560
adventures-huckleberry-finn-seg039,adventures-huckleberry-finn,76,39,2498
adventures-huckleberry-finn-seg040,adventures-huckleberry-finn,76,40,2109
adventures-huckleberry-finn-seg041,adventures-huckleberry-finn,76,41,2294
adventures-huckleberry-finn-seg042,adventures-huckleberry-finn,76,42,2645
adventures-huckleberry-finn-seg043,adventures-huckleberry-finn,76,43,3768
picture-of-dorian-gray-seg001,picture-of-dorian-gray,174,1,425
picture-of-dorian-gray-seg002,picture-of-dorian-gray,174,2,5601
picture-of-dorian-gray-seg003,picture-of-dorian-gray,174,3,4921
picture-of-dorian-gray-seg004,picture-of-dorian-gray,174,4,5556
picture-of-dorian-gray-seg005,picture-of-dorian-gray,174,5,4422
picture-of-dorian-gray-seg006,picture-of-dorian-gray,174,6,4377
picture-of-dorian-gray-seg007,picture-of-dorian-gray,174,7,2820
picture-of-dorian-gray-seg008,picture-of-dorian-gray,174,8,5283
picture-of-dorian-gray-seg009,picture-of-dorian-gray,174,9,4421
picture-of-dorian-gray-seg010,picture-of-dorian-gray,174,10,3890
picture-of-dorian-gray-seg011,picture-of-dorian-gray,174,11,7350
picture-of-dorian-gray-seg012,picture-of-dorian-gray,174,12,3225
picture-of-dorian-gray-seg013,picture-of-dorian-gray,174,13,2761
picture-of-dorian-gray-seg014,picture-of-dorian-gray,174,14,2500
picture-of-dorian-gray-seg015,picture-of-dorian-gray,174,15,4529
picture-of-dorian-gray-seg016,picture-of-dorian-gray,174,16,3136
picture-of-dorian-gray-seg017,picture-of-dorian-gray,174,17,3106
picture-of-dorian-gray-seg018,picture-of-dorian-gray,174,18,1795
picture-of-dorian-gray-seg019,picture-of-dorian-gray,174,19,3324
picture-of-dorian-gray-seg020,picture-of-dorian-gray,174,20,3585
picture-of-dorian-gray-seg021,picture-of-dorian-gray,174,21,1922
alices-adventures-in-wonderland-seg001,alices-adventures-in-wonderland,11,1,2185
alices-adventures-in-wonderland-seg002,alices-adventures-in-wonderland,11,2,2098
alices-adventures-in-wonderland-seg003,alices-adventures-in-wonderland,11,3,1701
alices-adventures-in-wonderland-seg004,alices-adventures-in-wonderland,11,4,2615
alices-adventures-in-wonderland-seg005,alices-adventures-in-wonderland,11,5,2185
alices-adventures-in-wonderland-seg006,alices-adventures-in-wonderland,11,6,2592
alices-adventures-in-wonderland-seg007,alices-adventures-in-wonderland,11,7,2286
alices-adventures-in-wonderland-seg008,alices-adventures-in-wonderland,11,8,2486
alices-adventures-in-wonderland-seg009,alices-adventures-in-wonderland,11,9,2271
alices-adventures-in-wonderland-seg010,alices-adventures-in-wonderland,11,10,2029
alices-adventures-in-wonderland-seg011,alices-adventures-in-wonderland,11,11,1877
alices-adventures-in-wonderland-seg012,alices-adventures-in-wonderland,11,12,2103
peter-pan-seg001,peter-pan,16,1,3037
peter-pan-seg002,peter-pan,16,2,2953
peter-pan-seg003,peter-pan,16,3,4123
peter-pan-seg004,peter-pan,16,4,2876
peter-pan-seg005,peter-pan,16,5,3568
peter-pan-seg006,peter-pan,16,6,2485
peter-pan-seg007,peter-pan,16,7,2398
peter-pan-seg008,peter-pan,16,8,3911
peter-pan-seg009,peter-pan,16,9,1055
peter-pan-seg010,peter-pan,16,10,1948
peter-pan-seg011,peter-pan,16,11,2314
peter-pan-seg012,peter-pan,16,12,1639
peter-pan-seg013,peter-pan,16,13,2861
peter-pan-seg014,peter-pan,16,14,2301
peter-pan-seg015,peter-pan,16,15,3152
peter-pan-seg016,peter-pan,16,16,2965
peter-pan-seg017,peter-pan,16,17,3508
jane-eyre-bronte-seg001,jane-eyre-bronte,1260,1,939
jane-eyre-bronte-seg002,jane-eyre-bronte,1260,2,1928
jane-eyre-bronte-seg003,jane-eyre-bronte,1260,3,2735
jane-eyre-bronte-seg004,jane-eyre-bronte,1260,4,5798
jane-eyre-bronte-seg005,jane-eyre-bronte,1260,5,3191
jane-eyre-bronte-seg006,jane-eyre-bronte,1260,6,4987
jane-eyre-bronte-seg007,jane-eyre-bronte,1260,7,2903
jane-eyre-bronte-seg008,jane-eyre-bronte,1260,8,3575
jane-eyre-bronte-seg009,jane-eyre-bronte,1260,9,2989
jane-eyre-bronte-seg010,jane-eyre-bronte,1260,10,3241
jane-eyre-bronte-seg011,jane-eyre-bronte,1260,11,6454
jane-eyre-bronte-seg012,jane-eyre-bronte,1260,12,4354
jane-eyre-bronte-seg013,jane-eyre-bronte,1260,13,4172
jane-eyre-bronte-seg014,jane-eyre-bronte,1260,14,4022
jane-eyre-bronte-seg015,jane-eyre-bronte,1260,15,4892
jane-eyre-bronte-seg016,jane-eyre-bronte,1260,16,4995
jane-eyre-bronte-seg017,jane-eyre-bronte,1260,17,8047
jane-eyre-bronte-seg018,jane-eyre-bronte,1260,18,5843
jane-eyre-bronte-seg019,jane-eyre-bronte,1260,19,3735
jane-eyre-bronte-seg020,jane-eyre-bronte,1260,20,5757
jane-eyre-bronte-seg021,jane-eyre-bronte,1260,21,8735
jane-eyre-bronte-seg022,jane-eyre-bronte,1260,22,3766
jane-eyre-bronte-seg023,jane-eyre-bronte,1260,23,2889
jane-eyre-bronte-seg024,jane-eyre-bronte,1260,24,7111
jane-eyre-bronte-seg025,jane-eyre-bronte,1260,25,3893
jane-eyre-bronte-seg026,jane-eyre-bronte,1260,26,4993
jane-eyre-bronte-seg027,jane-eyre-bronte,1260,27,11065
jane-eyre-bronte-seg028,jane-eyre-bronte,1260,28,6851
jane-eyre-bronte-seg029,jane-eyre-bronte,1260,29,4230
jane-eyre-bronte-seg030,jane-eyre-bronte,1260,30,4530
jane-eyre-bronte-seg031,jane-eyre-bronte,1260,31,3694
jane-eyre-bronte-seg032,jane-eyre-bronte,1260,32,3091
jane-eyre-bronte-seg033,jane-eyre-bronte,1260,33,4554
jane-eyre-bronte-seg034,jane-eyre-bronte,1260,34,9217
jane-eyre-bronte-seg035,jane-eyre-bronte,1260,35,4765
jane-eyre-bronte-seg036,jane-eyre-bronte,1260,36,4308
jane-eyre-bronte-seg037,jane-eyre-bronte,1260,37,9217
jane-eyre-bronte-seg038,jane-eyre-bronte,1260,38,3887
dracula-stoker-seg001,dracula-stoker,345,1,5698
dracula-stoker-seg002,dracula-stoker,345,2,5485
dracula-stoker-seg003,dracula-stoker,345,3,5726
dracula-stoker-seg004,dracula-stoker,345,4,5892
dracula-stoker-seg005,dracula-stoker,345,5,5713
dracula-stoker-seg006,dracula-stoker,345,6,5675
dracula-stoker-seg007,dracula-stoker,345,7,6317
dracula-stoker-seg008,dracula-stoker,345,8,5949
dracula-stoker-seg009,dracula-stoker,345,9,5940
dracula-stoker-seg010,dracula-stoker,345,10,5125
dracula-stoker-seg011,dracula-stoker,345,11,7289
dracula-stoker-seg012,dracula-stoker,345,12,6577
dracula-stoker-seg013,dracula-stoker,345,13,6421
dracula-stoker-seg014,dracula-stoker,345,14,5812
dracula-stoker-seg015,dracula-stoker,345,15,3555
dracula-stoker-seg016,dracula-stoker,345,16,5575
dracula-stoker-seg017,dracula-stoker,345,17,6910
dracula-stoker-seg018,dracula-stoker,345,18,5679
dracula-stoker-seg019,dracula-stoker,345,19,5909
dracula-stoker-seg020,dracula-stoker,345,20,6175
dracula-stoker-seg021,dracula-stoker,345,21,5454
dracula-stoker-seg022,dracula-stoker,345,22,5667
dracula-stoker-seg023,dracula-stoker,345,23,6307
dracula-stoker-seg024,dracula-stoker,345,24,6258
dracula-stoker-seg025,dracula-stoker,345,25,7158
dracula-stoker-seg026,dracula-stoker,345,26,8178
dracula-stoker-seg027,dracula-stoker,345,27,4574
scarlet-pimpernel-seg001,scarlet-pimpernel,25344,1,83826
treasure-island-seg001,treasure-island,120,1,68637
