,ADHD,OCD,depression,ptsd
first_person_ratio,0.20309146747352497,0.20185212557226945,0.21802241286863272,0.19421307847082495
lscc_frac,0.07203645990922844,0.09022557226945717,0.09001731903485254,0.09936531187122737
triplets_per_word,0.4431369991675842,0.4525413797854251,0.4532350086350889,0.4487581552560652
density,0.01111588502269289,0.011160693263570961,0.011000375335120643,0.010414446680080482
avg_clustering,0.24113034795763993,0.23546072596468282,0.2326267560321716,0.23941070422535213
node_ttr,0.3312301361573374,0.318259875735775,0.3250797855227882,0.3249973038229376
repetition_idx,0.05741134644478063,0.06460516677567038,0.06303184986595174,0.06049991951710262
mean_edge_weight,1.082801815431165,1.0946010464355789,1.2393458445040215,1.0920120724346076
nodes_per_word,0.2885776063964196,0.2837252145999712,0.2892560692052385,0.2861762748428786
RR,0.29978818752652237,0.3125804615983374,0.3180877540778705,0.26627163085258115
DET,0.4790552074857589,0.5014034138823377,0.49680267837487985,0.44107662804577186
LAM,0.6279497367228332,0.6463082758352073,0.6432337564520679,0.5961148816652843
TT,2.9634314236993906,3.0166864035980887,3.1171070819568505,2.8715951903772687
L,2.5267356201497826,2.569360056426918,2.6667171919733503,2.445177134732782
Lmax,4.467170953101362,4.7272727272727275,5.103485254691689,4.396378269617706
ENTR,1.026645236976542,1.0929010270044286,1.1269331015833028,0.9621548172672953
