family,comparison,method,metric,n_pairs,mean_a,sd_a,mean_b,sd_b,hedges_g,p,p_bh
within-reddit,r/OCD vs r/depression,TEA,First-Person Agent Ratio,1865,0.2016704021447721,0.0603562419931139,0.21802241286863272,0.06238030668912968,-0.2663672451622361,1.4050571441550536e-13,6.744274291944257e-13
within-reddit,r/OCD vs r/depression,TEA,LSCC Fraction,1865,0.09057849865951742,0.07930967016074755,0.09001731903485254,0.07620648955796668,0.007214106297796902,0.6408235693398305,0.6544581133683376
within-reddit,r/OCD vs r/depression,TEA,TEA Triplets/Word,1865,0.453420873422974,0.06199152605973314,0.4532350086350889,0.07466886892717527,0.0027079236393356067,0.12005485102647007,0.14775981664796317
within-reddit,r/OCD vs r/depression,TEA,Graph Density,1865,0.01113490616621984,0.003268632427257106,0.011000375335120645,0.012025556426618171,0.015263936618626635,9.942484945849748e-05,0.00018355356823107226
within-reddit,r/OCD vs r/depression,TEA,Avg Clustering,1865,0.23576042895442356,0.053952466957526826,0.2326267560321716,0.055716285706767565,0.05712907717079828,0.05576913412444911,0.07044522205193571
within-reddit,r/OCD vs r/depression,TEA,Node Type-Token Ratio,1865,0.3168712064343163,0.044528324060779126,0.32507978552278816,0.0467415186352739,-0.1797859077614974,7.455173814495154e-10,2.236552144348546e-09
within-reddit,r/OCD vs r/depression,TEA,Edge Repetition Index,1865,0.06578343163538873,0.03248901017588836,0.06303184986595174,0.04009922034362126,0.07538501919418047,2.3052789512324914e-05,4.610557902464983e-05
within-reddit,r/OCD vs r/depression,TEA,Mean Edge Weight,1865,1.0963270777479894,0.05578324699367702,1.2393458445040215,5.596879514646064,-0.03612876471360305,0.22395677801435776,0.2559506034449803
within-reddit,r/OCD vs r/depression,TEA,Unique Nodes/Word,1865,0.2830879168729991,0.025688583922607165,0.28925606920523855,0.025161750868808022,-0.2425384381355194,2.1571748610851827e-14,1.1504932592454308e-13
within-reddit,r/OCD vs r/depression,RQA,Recurrence Rate,1865,0.3098692884367555,0.16652442842728837,0.31808775407787043,0.1742175658095313,-0.04821664968849928,0.25358565057333726,0.2830723541283765
within-reddit,r/OCD vs r/depression,RQA,Determinism,1865,0.4988730862366319,0.22653760516535526,0.49680267837487985,0.2249105781267882,0.009170389612248519,0.7043258322929081,0.7043258322929081
within-reddit,r/OCD vs r/depression,RQA,Laminarity,1865,0.6445538063273133,0.17743705532412585,0.6432337564520679,0.17535415454508702,0.0074818263645207005,0.6363259479915373,0.6544581133683376
within-reddit,r/OCD vs r/depression,RQA,Trapping Time,1865,3.0080099160098244,0.7279427190779924,3.1171070819568505,2.887268282495521,-0.051805021689796386,0.22016897815795888,0.2559506034449803
within-reddit,r/OCD vs r/depression,RQA,Mean Diagonal L,1865,2.569464569847739,0.722525865135369,2.6667171919733503,2.893854263221393,-0.046102120220705714,0.5815192665791957,0.6343846544500317
within-reddit,r/OCD vs r/depression,RQA,Max Diagonal Lmax,1865,4.757640750670241,2.6088383141566007,5.103485254691689,6.158363731955657,-0.073114219889453,0.008683532003506146,0.012259104004949853
within-reddit,r/OCD vs r/depression,RQA,Recurrence Entropy,1865,1.0870120558817422,0.6844995503539504,1.1269331015833028,0.7088483664805011,-0.0572820621303773,0.1610661404894329,0.19327936858731948
within-reddit,r/OCD vs r/ptsd,TEA,First-Person Agent Ratio,2456,0.200708835504886,0.060070241499060206,0.19476661237785015,0.05498360808209156,0.10317807656873373,2.465804747515901e-07,6.229401467408592e-07
within-reddit,r/OCD vs r/ptsd,TEA,LSCC Fraction,2456,0.09253224755700326,0.08113376866582714,0.09849670195439739,0.07779951356474361,-0.07502810368215997,0.00012168893646534368,0.00021633588704949986
within-reddit,r/OCD vs r/ptsd,TEA,TEA Triplets/Word,2456,0.452696688446775,0.062249548459264614,0.4484023133640483,0.09274830566800216,0.05436120923730056,0.00019769186319213203,0.0003272141183869772
within-reddit,r/OCD vs r/ptsd,TEA,Graph Density,2456,0.01092520358306189,0.003300343122210351,0.01048978013029316,0.0031582906434818236,0.1347813459692022,6.507559077145699e-06,1.3580992856651891e-05
within-reddit,r/OCD vs r/ptsd,TEA,Avg Clustering,2456,0.23583127035830617,0.05352948723307976,0.2392045195439739,0.05494797687690413,-0.062177810080329035,0.015757349424914326,0.02094287831403348
within-reddit,r/OCD vs r/ptsd,TEA,Node Type-Token Ratio,2456,0.3168865635179153,0.045316459635417555,0.3256506107491856,0.04594598360026117,-0.19202860856332107,6.314720886703239e-12,2.331589250475042e-11
within-reddit,r/OCD vs r/ptsd,TEA,Edge Repetition Index,2456,0.06490798045602605,0.03142865585403663,0.06046445439739413,0.03192826778666489,0.14024384052302716,2.1170289101050097e-09,5.977493393237675e-09
within-reddit,r/OCD vs r/ptsd,TEA,Mean Edge Weight,2456,1.0956229641693813,0.05445993637517512,1.0918688925081435,0.1773203135518354,0.02861667081399044,5.426976856987266e-09,1.4471938285299377e-08
within-reddit,r/OCD vs r/ptsd,TEA,Unique Nodes/Word,2456,0.2825381849180331,0.02586542747802114,0.28653405118109015,0.023162360950986803,-0.16273210103060787,4.0514378204994614e-07,9.723450769198708e-07
within-reddit,r/OCD vs r/ptsd,RQA,Recurrence Rate,2456,0.3105315444598005,0.16731803288890093,0.2666377060685165,0.15739836826453257,0.2701845007457708,2.2930287072002947e-22,5.503268897280707e-21
within-reddit,r/OCD vs r/ptsd,RQA,Determinism,2456,0.5002060111318397,0.2266525310711991,0.4415077019825671,0.22507835413670318,0.25984048525758746,1.184446431952219e-19,9.475571455617752e-19
within-reddit,r/OCD vs r/ptsd,RQA,Laminarity,2456,0.645860960393448,0.17831845250304934,0.5961788791750533,0.18666817138484748,0.27212777273796945,9.891973618821512e-22,1.582715779011442e-20
within-reddit,r/OCD vs r/ptsd,RQA,Trapping Time,2456,3.018990681930891,0.727025685066697,2.8710147759877187,0.6712094944738858,0.21146021854415734,2.1538511254085558e-14,1.1504932592454308e-13
within-reddit,r/OCD vs r/ptsd,RQA,Mean Diagonal L,2456,2.5673504505668774,0.7143733403497915,2.4456191560400673,0.6992962619998482,0.17218418981375108,2.571384967774247e-12,1.1220588950287622e-11
within-reddit,r/OCD vs r/ptsd,RQA,Max Diagonal Lmax,2456,4.7935667752443,2.65660904752364,4.37785016286645,2.5598621278476243,0.15933439560653737,5.532553836139522e-10,1.7704172275646471e-09
within-reddit,r/OCD vs r/ptsd,RQA,Recurrence Entropy,2456,1.0960223226528278,0.6839760671128013,0.9610804686285876,0.6788930467261801,0.1979945116076776,3.750727669994817e-12,1.500291067997927e-11
within-reddit,r/OCD vs r/ADHD,TEA,First-Person Agent Ratio,3006,0.202418130405855,0.05985303276703646,0.2030716899534265,0.0578934011534115,-0.011098213016107411,0.6097375739089436,0.6503867455028731
within-reddit,r/OCD vs r/ADHD,TEA,LSCC Fraction,3006,0.08864005322687957,0.07739824385783375,0.07298719228210246,0.06634703924271097,0.21711819729820817,6.7565192151193686e-15,4.6330417475104244e-14
within-reddit,r/OCD vs r/ADHD,TEA,TEA Triplets/Word,3006,0.45217581802861134,0.06269532319218302,0.44440419990395347,0.10895289870634096,0.08742264594030236,1.582759414882659e-11,5.426603708169117e-11
within-reddit,r/OCD vs r/ADHD,TEA,Graph Density,3006,0.01126902860944777,0.00312420354248701,0.010937325349301398,0.0030674856562854427,0.10712680808220537,8.977607920890017e-05,0.00017237007208108834
within-reddit,r/OCD vs r/ADHD,TEA,Avg Clustering,3006,0.23507581503659347,0.05403147819735025,0.24174061876247505,0.055223156150215176,-0.12198247964923421,3.0428621021608216e-06,6.638971859259974e-06
within-reddit,r/OCD vs r/ADHD,TEA,Node Type-Token Ratio,3006,0.3192352628077179,0.04409411075237134,0.32958725881570194,0.04153451465337867,-0.24165009931800344,2.236293608132347e-20,2.1468418638070531e-19
within-reddit,r/OCD vs r/ADHD,TEA,Edge Repetition Index,3006,0.06453163672654691,0.03102111031175617,0.057835761809713906,0.02853933506219381,0.22462003828528912,2.243277100671139e-22,5.503268897280707e-21
within-reddit,r/OCD vs r/ADHD,TEA,Mean Edge Weight,3006,1.0941783100465734,0.05369823994926583,1.0841650033266799,0.12251096478259968,0.10585309507939179,1.3571398736298001e-21,1.6285678483557603e-20
within-reddit,r/OCD vs r/ADHD,TEA,Unique Nodes/Word,3006,0.2844108353586822,0.02494027027883036,0.28787291827262523,0.0223470249284406,-0.1461896766632019,4.885453143096025e-07,1.1166750041362342e-06
within-reddit,r/OCD vs r/ADHD,RQA,Recurrence Rate,3006,0.3125083008968696,0.16640986006832287,0.30071354813492346,0.16372028794624982,0.07144388065342223,0.004243538290566381,0.006570639933780202
within-reddit,r/OCD vs r/ADHD,RQA,Determinism,3006,0.5011389193224876,0.22587801383598188,0.4807089857399911,0.2252004560046936,0.09057120791616478,0.0003883133134448601,0.0006213013015117763
within-reddit,r/OCD vs r/ADHD,RQA,Laminarity,3006,0.6457669980377863,0.17792068416353343,0.6296350311271997,0.17906801504065445,0.09036628004036264,0.00019653368380894855,0.0003272141183869772
within-reddit,r/OCD vs r/ADHD,RQA,Trapping Time,3006,3.0111005433389635,0.7105959135799205,2.9739427596671573,0.7066915572820004,0.05242832702864119,0.01582919569984559,0.02094287831403348
within-reddit,r/OCD vs r/ADHD,RQA,Mean Diagonal L,3006,2.567717950926501,0.7218247273114118,2.5341585305396017,0.7258889225212107,0.046355990419197024,0.016143468700400808,0.02094287831403348
within-reddit,r/OCD vs r/ADHD,RQA,Max Diagonal Lmax,3006,4.67332002661344,2.507572575554961,4.51729873586161,2.443273251523262,0.06301495539964566,0.006140079053817597,0.008931024078280142
within-reddit,r/OCD vs r/ADHD,RQA,Recurrence Entropy,3006,1.0882164047752385,0.6845804512703643,1.039808194801515,0.6913380983941392,0.07035530557918297,0.006065081639864737,0.008931024078280142
platform,OCD Stories vs r/OCD,TEA,First-Person Agent Ratio,149,0.17124496644295303,0.04363187905376503,0.18289999999999998,0.055261622233625136,-0.23350198844650286,0.01134961146515915,0.01650852576750422
platform,OCD Stories vs r/OCD,TEA,LSCC Fraction,149,0.13910604026845638,0.0886244805025661,0.16441543624161073,0.10385403590436905,-0.26149992037381453,0.0695067709110111,0.08427529559959594
platform,OCD Stories vs r/OCD,TEA,TEA Triplets/Word,149,0.46450336940653486,0.046685275551223405,0.4771681045317354,0.060798497656245475,-0.23306040828029212,0.07374088364964645,0.08427529559959594
platform,OCD Stories vs r/OCD,TEA,Graph Density,149,0.00562751677852349,0.0028821880544363334,0.00631006711409396,0.0030657379731134212,-0.2288177398679393,0.02301069635144038,0.030680928468587176
platform,OCD Stories vs r/OCD,TEA,Avg Clustering,149,0.2512416107382551,0.040149272317917074,0.25116442953020135,0.04427545850911807,0.0018215918248228051,0.9186103616871157,0.9186103616871157
platform,OCD Stories vs r/OCD,TEA,Node Type-Token Ratio,149,0.2899087248322148,0.03939314478174334,0.27003959731543625,0.04427773496183226,0.4729257124743361,6.554352699810059e-05,0.00011652182577440104
platform,OCD Stories vs r/OCD,TEA,Edge Repetition Index,149,0.0673973154362416,0.02134065700471921,0.07150402684563759,0.023943440898361465,-0.1806173814136999,0.16000952053080508,0.17067682189952543
platform,OCD Stories vs r/OCD,TEA,Mean Edge Weight,149,1.103020134228188,0.03506181217442748,1.1224832214765101,0.051490041549227296,-0.4407345180559918,0.0014478613882280983,0.002316578221164957
platform,OCD Stories vs r/OCD,TEA,Unique Nodes/Word,149,0.266441256272947,0.022691241038857692,0.2535860908005331,0.02564621967910236,0.529555029733635,3.0096740698611588e-05,6.879255016825506e-05
platform,OCD Stories vs r/OCD,RQA,Recurrence Rate,149,0.21511402618660616,0.12693786401118143,0.3190894970940273,0.17110880500362913,-0.6884242416330869,8.867659331655041e-08,4.729418310216022e-07
platform,OCD Stories vs r/OCD,RQA,Determinism,149,0.37697091332581156,0.19318187630814102,0.5271493041207199,0.21120008254719835,-0.7401372203216341,4.994812396315689e-09,3.995849917052551e-08
platform,OCD Stories vs r/OCD,RQA,Laminarity,149,0.563629550724025,0.17056302284259625,0.6825871257528506,0.1580886318221592,-0.7215574637955308,4.914942880429457e-09,3.995849917052551e-08
platform,OCD Stories vs r/OCD,RQA,Trapping Time,149,2.8105982215868455,0.5698553804384384,3.2847662182342634,0.9576693612601253,-0.6002154529193988,7.299019918139144e-07,2.9196079672556576e-06
platform,OCD Stories vs r/OCD,RQA,Mean Diagonal L,149,2.318443940443558,0.5074062220998403,2.6649400632243383,0.6804884324161986,-0.5758189293909477,3.899245272145645e-06,1.0397987392388388e-05
platform,OCD Stories vs r/OCD,RQA,Max Diagonal Lmax,149,5.12751677852349,2.70457218129563,6.899328859060403,4.051601229082072,-0.5130732510622432,5.419321700714558e-05,0.00010838643401429116
platform,OCD Stories vs r/OCD,RQA,Recurrence Entropy,149,0.9440912755035917,0.536583646518722,1.3183814357748453,0.6501806344409738,-0.6263119413352425,1.4904660170563425e-06,4.769491254580296e-06
