event,target,n_posts
come,,48
make,,42
be,,32
pop,head,31
away,,28
be,what,23
get,bad,23
pop,,19
go,,17
be,bad,16
stop,,16
happen,,16
tell,i,15
bother,i,15
be,something,13
feel,real,13
time,time,12
back,,12
come,mind,11
there,,11
be,irrational,10
not,,10
be,thought,10
cause,anxiety,9
be,i,9
give,i,8
much,i,8
start,,8
be,true,8
pop,mind,7
do,i,7
be,time,7
arouse,i,6
cause,,6
be,loud,6
give,anxiety,6
be,real,6
ruin,life,6
come,head,6
appear,,6
occur,,6
affect,i,5
have,,5
be,head,5
anymore,i,5
leave,,5
be,present,5
say,thing,5
be,normal,5
be,one,5
be,strong,5
not,real,5
come,i,5
plague,i,5
be,easy,5
cause,i,5
be,intense,5
day,day,5
feel,,5
say,,4
go,head,4
disgust,i,4
make,bad,4
be,day,4
be,intrusive,4
kill,i,4
be,disturbing,4
be,scary,4
make,anxious,4
scar,i,4
across,,4
return,,4
say,what,4
be,hard,4
be,unbearable,4
be,thing,4
not,mine,4
be,enough,4
convince,i,4
get,way,4
make,myself,4
begin,,4
cross,mind,4
keep,i,4
be,able,4
bring,i,4
persist,,4
come,true,4
make,sense,4
get,,4
arise,,3
get,point,3
ago,,3
stress,i,3
become,thought,3
make,anything,3
relate,,3
prevent,i,3
on,,3
scare,i,3
control,you,3
make,time,3
pop,they,3
not,own,3
pop,day,3
be,distressing,3
be,upsetting,3
say,she,3
hurt,i,3
convince,p,3
everyday,i,3
be,that,3
leave,i,3
say,he,3
picture,bra,3
repulse,i,3
attack,i,3
picture,she,3
be,type,3
touch,he,3
matter,,3
work,,3
tell,something,3
do,something,3
bring,relief,3
convince,myself,3
go,it,3
say,bra,3
be,horrifying,3
away,i,3
haunt,i,3
give,you,3
again,,3
ruminate,,3
do,it,3
treat,addiction,3
become,bad,3
disappear,,3
repeat,,3
be,wrong,3
be,child,3
be,mind,3
treat,it,3
accept,they,3
go,crazy,3
take,,3
be,close,3
do,this,3
not,thought,3
not,intrusive,3
consume,i,2
plague,,2
exist,,2
far,,2
send,i,2
be,kind,2
in,,2
creep,,2
be,place,2
do,thing,2
intrude,day,2
become,,2
not,i,2
leave,head,2
become,much,2
nonetheless,,2
destroy,i,2
back,day,2
be,part,2
cheat,,2
happen,past,2
feel,own,2
be,hell,2
die,,2
be,common,2
be,obsessive,2
be,someone,2
be,impure,2
bug,i,2
be,correct,2
end,,2
not,bad,2
come,lady,2
arouse,,2
rule,mind,2
range,thought,2
like,,2
,,2
alone,i,2
question,,2
relate,thing,2
do,what,2
try,,2
become,time,2
say,i,2
be,it,2
today,today,2
be,violent,2
enter,head,2
enter,,2
come,time,2
keep,night,2
take,life,2
be,nature,2
fade,,2
gross,,2
flare,,2
be,reality,2
go,time,2
be,disgusting,2
anywhere,,2
say,thought,2
harm,,2
be,ok,2
have,fear,2
be,persistent,2
invade,time,2
be,negative,2
terrify,i,2
come,all,2
be,image,2
say,it,2
compare,other,2
pop,brain,2
welcome,,2
be,cause,2
do,,2
do,that,2
be,person,2
be,relationship,2
happen,family,2
over,head,2
away,point,2
relate,gender,2
be,they,2
be,automatic,2
be,okay,2
happen,they,2
be,anxiety,2
fly,head,2
follow,it,2
oppose,,2
feel,option,2
enter,mind,2
make,i,2
be,sexual,2
mess,i,2
revolve,,2
strike,,2
have,thought,2
be,right,2
be,serious,2
harm,people,2
be,way,2
keep,awake,2
consume,,2
come,what,2
enter,lot,2
around,,2
tell,they,2
frighten,i,2
torture,i,2
there,anxiety,2
continue,,2
be,horrible,2
time,head,2
be,example,2
be,shit,2
too,nature,2
again,intense,2
worry,i,2
run,head,2
rush,head,2
be,illogical,2
,way,2
linger,,2
be,false,2
come,where,2
trap,i,2
lead,i,2
come,they,2
shut,,2
stop,i,2
take,i,2
hurt,,2
think,,2
lead,compulsion,2
intrude,mind,2
act,,2
enter,brain,2
away,time,2
always,,2
race,head,2
be,difficult,2
make,month,2
make,what,2
hurt,he,2
hurt,family,2
come,it,2
bombard,i,2
off,,2
be,ridiculous,2
instantly,,2
accompany,i,2
knock,wood,2
not,normal,2
pass,,2
say,fault,2
have,i,2
lead,feeling,2
now,year,2
get,time,2
become,reality,2
recur,,2
invade,mind,2
be,terrifying,2
hit,i,2
define,you,2
so,,2
be,constant,2
turn,voice,2
give,attack,2
be,nonsense,2
quickly,,2
be,unwanted,2
be,stupid,2
be,powerful,2
together,,2
spiral,,2
lock,,2
help,i,2
be,painful,2
day,i,2
accompany,it,1
not,what,1
start,that,1
pop,themselves,1
put,themselves,1
put,head,1
ago,i,1
ruin,fun,1
sit,back,1
arise,while,1
arise,head,1
sound,delusional,1
isolate,everyone,1
isolate,everything,1
plague,while,1
inspire,,1
base,fiction,1
center,fiction,1
over,surface,1
convert,washing,1
replace,thought,1
be,development,1
collapse,,1
forever,expensive,1
view,case,1
view,would,1
be,today,1
back,year,1
constantly,vomit,1
see,break,1
be,fucking,1
be,anxious,1
anyway,,1
be,conflict,1
be,joke,1
make,menace,1
be,stage,1
affect,stuff,1
be,month,1
yell,,1
explain,background,1
relate,bug,1
prove,bad,1
be,vivid,1
bad,while,1
focus,female,1
focus,male,1
become,difficult,1
be,brutal,1
see,she,1
be,miserable,1
relate,vermin,1
back,course,1
deliberately,it,1
drive,question,1
kill,he,1
develop,month,1
be,more,1
have,they,1
come,real,1
stick,i,1
flood,mind,1
relate,action,1
occur,place,1
relate,issue,1
relate,compulsion,1
not,end,1
help,they,1
not,fun,1
show,,1
show,myself,1
show,much,1
get,habit,1
indeed,impossible,1
indeed,implausible,1
make,impossible,1
make,realm,1
be,important,1
make,level,1
beam,,1
trigger,fear,1
come,child,1
come,way,1
mentally,pain,1
mentally,my,1
get,pessimistic,1
get,image,1
get,angry,1
define,pedo,1
define,predator,1
now,own,1
perturb,i,1
indeed,obsessive,1
be,dangerous,1
make,it,1
be,other,1
get,illness,1
consume,mind,1
be,sensation,1
come,reason,1
back,image,1
stick,head,1
there,year,1
get,violent,1
then,,1
send,frenzy,1
diminish,impact,1
now,i,1
accompany,week,1
say,hour,1
blame,it,1
be,intentional,1
get,darkness,1
start,in,1
be,weak,1
smoke,lot,1
not,reality,1
pass,compulsion,1
do,reassurance,1
largely,pocd,1
happen,other,1
have,connection,1
be,unlikely,1
surround,idea,1
away,break,1
surround,people,1
feel,task,1
latch,,1
on,life,1
disappear,life,1
increase,reason,1
worsen,,1
complete,task,1
think,yourself,1
be,positive,1
think,kind,1
make,life,1
mean,they,1
not,evil,1
lead,act,1
rush,something,1
come,example,1
come,morning,1
follow,idea,1
have,cycle,1
be,struggle,1
have,foundation,1
regard,,1
loudly,fault,1
blame,i,1
loudly,brain,1
involve,memory,1
involve,child,1
lower,,1
resemble,,1
link,thing,1
let,i,1
be,similar,1
get,overwhelming,1
relate,anxiety,1
get,noticeable,1
follow,backstory,1
follow,i,1
anymore,what,1
stay,while,1
now,day,1
now,head,1
now,insomnia,1
become,para,1
become,custodian,1
seem,nice,1
really,thing,1
recently,,1
include,violence,1
include,harm,1
speak,,1
force,thought,1
naturally,something,1
come,something,1
be,detailed,1
not,irrational,1
have,issue,1
have,family,1
time,something,1
picture,what,1
say,you,1
stay,,1
be,nightmare,1
be,representation,1
tell,what,1
relate,question,1
time,reason,1
go,length,1
bombard,,1
stifle,these,1
make,connection,1
go,this,1
back,time,1
get,in,1
get,month,1
pop,compulsion,1
time,sign,1
finish,compulsion,1
read,mind,1
often,,1
,world,1
make,world,1
centre,idea,1
stay,mind,1
include,knife,1
in,those,1
run,time,1
follow,you,1
fixate,thing,1
bring,fear,1
go,interstate,1
obviously,distract,1
again,night,1
find,reasurrance,1
be,top,1
away,line,1
make,line,1
trigger,,1
be,monster,1
arise-,focus,1
make,hopeful,1
day,month,1
be,inevitable,1
be,half,1
back,july,1
relate,germ,1
s,what,1
be,she,1
recur,day,1
spontaneously,i,1
mostly,type,1
move,connection,1
pose,target,1
be,pedophile,1
pick,brain,1
still,,1
back,mind,1
obviously,interrupting,1
distract,,1
in,forgiveness,1
be,supplementation,1
swarm,,1
cloud,mind,1
get,horrible,1
get,sick,1
feel,scary,1
get,intense,1
get,moment,1
get,hard,1
follow,everything,1
find,course,1
find,way,1
bother,lot,1
sudden,all,1
later,about,1
later,person,1
be,capable,1
go,wild,1
question,stuff,1
question,identity,1
play,what,1
too,,1
be,hygiene,1
be,sex,1
happen,minute,1
take,form,1
mostly,room,1
have,attention,1
occupy,anxiety,1
start,gayporn,1
be,gay,1
be,diet,1
now,extreme,1
be,meditation,1
be,less,1
start,image,1
occupy,,1
be,frustrating,1
exist,lot,1
badly,i,1
talk,grandmother,1
be,quick,1
concern,someone,1
be,satanic,1
fee,action,1
evolve,year,1
focus,aspect,1
revolve,taboo,1
back,i,1
there,that,1
there,day,1
persuade,i,1
say,strip,1
be,religion,1
race,,1
not,dismay,1
arnt,real,1
be,occupy,1
switch,fear,1
occupy,fear,1
make,compassionate,1
now,mind,1
scream,slur,1
get,day,1
feel,thing,1
feel,girlfriend,1
die,less,1
ruminate,less,1
fade,while,1
be,bother,1
replace,it,1
mostly,i,1
cause,deal,1
m,i,1
materialize,,1
pop,disturbing,1
not,fault,1
execute,,1
drain,extent,1
trigger,that,1
go,detail,1
ruin,image,1
be,exaggeration,1
be,hurtful,1
be,lie,1
invade,brain,1
involve,member,1
ruin,minute,1
back,this,1
trigger,i,1
hurt,anybody,1
scream,obscenity,1
make,kind,1
blend,head,1
involve,afraid,1
be,bluff,1
go,you,1
play,it,1
fuck,terrifying,1
tell,pedophile,1
put,life,1
put,pause,1
be,area,1
not,problem,1
come,strong,1
go,mind,1
suggest,mind,1
from,,1
once,life,1
not,rational,1
become,hard,1
tell,time,1
tell,world,1
tell,promise,1
tell,clock,1
come,today,1
tell,bathroom,1
tell,access,1
do,dad,1
get,unbearable,1
respond,compulsion,1
there,compulsion,1
increase,point,1
run,show,1
resist,compulsion,1
surround,she,1
be,insulting,1
make,irl,1
july,july,1
see,something,1
make,topic,1
make,july,1
be,heart,1
be,annoying,1
relive,life,1
relive,horrible,1
relive,she,1
relive,anything,1
kill,thought,1
be,level,1
wiggle,brain,1
do,shit,1
beat,consciousness,1
be,sporadic,1
now,real,1
let,basic,1
be,prominent,1
be,boat,1
encounter,trigger,1
be,airplane,1
ask,,1
then,i,1
center,murder,1
embark,erp,1
relate,food,1
quickly,i,1
be,period,1
read,article,1
lead,another,1
along,deal,1
m,male,1
mostly,m,1
persuade,everything,1
come,trope,1
away,clear,1
be,same,1
do,case,1
make,conclusion,1
pre,,1
always,make,1
always,pre,1
lose,girlfriend,1
last,time,1
feel,disappointed,1
develop,something,1
make,ill,1
cause,all,1
feel,happy,1
define,we,1
come,night,1
come,day,1
turn,,1
cause,past,1
hit,,1
seem,i,1
after,,1
less,i,1
be,frequent,1
happen,reaction,1
lately,brain,1
overshadow,everything,1
snowball,i,1
be,wtf,1
become,i,1
remove,mind,1
remove,person,1
do,bad,1
pop,way,1
pop,example,1
go,belief,1
often,graphic,1
reduce,,1
move,,1
haunt,hour,1
haunt,terrified,1
again,i,1
get,appointment,1
m,process,1
make,couple,1
be,belief,1
strike,i,1
strike,lot,1
make,frightened,1
stop,myself,1
induce,,1
go,low,1
backwards,,1
so,i,1
life,idea,1
life,life,1
life,i,1
kill,someone,1
hit,tic,1
kill,form,1
exist,something,1
still,mind,1
come,compulsion,1
mean,something,1
mean,rest,1
mean,escape,1
send,rage,1
repeat,themselves,1
just,aggressive,1
just,excessive,1
flood,i,1
spiral,that,1
check,,1
feel,couple,1
overnight,you,1
overnight,grip,1
feel,month,1
go,person,1
go,high,1
go,text,1
become,nature,1
remove,life,1
pop,adult,1
rinse,,1
give,something,1
insult,friend,1
create,i,1
go,end,1
go,month,1
go,song,1
pop,i,1
nevertheless,,1
be,identical,1
eat,food,1
make,sick,1
make,everything,1
constantly,mind,1
send,emotion,1
be,graphical,1
not,head,1
not,permanent,1
anywhere,day,1
say,able,1
be,free,1
make,eye,1
lick,surface,1
lick,corner,1
cause,concerned,1
reassure,i,1
pocd,,1
quickly,head,1
happen,night,1
over,house,1
arrive,feeling,1
tell,you,1
be,uncomfortable,1
show,tw,1
shift,imagination,1
feel,separate,1
hat,myself,1
cause,attack,1
jump,i,1
jump,truck,1
today,persistent,1
again,headache,1
harm,other,1
harm,feeling,1
make,mind,1
feel,right,1
dominate,living,1
after,bad,1
take,toll,1
lately,annoying,1
make,who,1
start,year,1
emerge,middle,1
scar,old,1
be,indication,1
anywhere,hour,1
interfere,life,1
happen,anxiety,1
feel,anxiety,1
flow,water,1
flow,you,1
out,,1
dissipate,,1
direct,sabotage,1
direct,thought,1
hurt,wife,1
circle,head,1
circle,i,1
be,enemy,1
not,accurate,1
not,logical,1
be,issue,1
have,body,1
base,blasphemy,1
before,i,1
go,struggle,1
go,hand,1
always,thing,1
come,masturbation,1
lose,power,1
infinitum,it,1
cause,mind,1
enable,behavior,1
happen,person,1
close,door,1
open,,1
small,they,1
win,they,1
overlap,one,1
relate,sister,1
happen,nature,1
fuck,,1
disturb,way,1
disturb,sort,1
lessen,,1
like,i,1
relate,harm,1
get,physical,1
make,obsession,1
head,head,1
return,darkness,1
send,attack,1
adopt,pig,1
make,way,1
kick,we,1
let,you,1
effect,i,1
effect,week,1
infinitum,ad,1
manifest,form,1
well,,1
feel,special,1
feel,thought,1
pop,moment,1
make,miserable,1
appear,dream,1
perform,behavior,1
accompany,that,1
die,crash,1
be,realistic,1
make,rash,1
explode,way,1
surround,they,1
constantly,head,1
get,man,1
instead,it,1
give,little,1
be,narrative,1
send,tear,1
well,comfort,1
horrify,i,1
be,stop,1
change,personality,1
much,,1
organize,,1
create,uncertainty,1
evolve,,1
happen,nothing,1
do,compulsion,1
see,vomit,1
pull,i,1
other,anything,1
drop,he,1
be,air,1
perform,you,1
put,impression,1
put,i,1
ago,constant,1
involve,gun,1
not,okay,1
not,bottom,1
lessen,time,1
get,germ,1
ago,fear,1
get,thought,1
be,myself,1
be,nothing,1
go,unanswered,1
be,situation,1
involve,knife,1
over,itself,1
over,word,1
be,dystonic,1
get,i,1
back,night,1
link,i,1
link,it,1
find,it,1
be,cripplingly,1
be,state,1
destroy,life,1
chase,i,1
sabotage,desire,1
cause,it,1
be,revolting,1
along,,1
be,due,1
hurt,someone,1
take,drug,1
develop,thing,1
be,feeling,1
still,thought,1
view,content,1
happen,denial,1
hear,head,1
be,lesbian,1
sexually,,1
disturb,,1
become,violent,1
obsess,germ,1
obsess,thought,1
be,show,1
be,recent,1
be,anything,1
long,anything,1
long,head,1
long,everything,1
be,relentless,1
rationalize,themselves,1
be,paranoid,1
rationalize,way,1
m,scared,1
away,fun,1
be,possibility,1
inhabit,atom,1
create,perspective,1
possess,i,1
feel,block,1
relate,scared,1
not,relate,1
turn,reality,1
in,it,1
up,,1
fee,thought,1
arise,mind,1
dad,bad,1
dad,dad,1
reffere,situation,1
reffere,object,1
regardless,,1
come,one,1
reffere,people,1
override,one,1
be,circumstantial,1
avoid,,1
endlessly,doubt,1
endlessly,i,1
really,plot,1
compare,yourself,1
wake,middle,1
stick,brain,1
cloud,it,1
barrage,i,1
be,controllable,1
count,,1
ruin,brain,1
make,weird,1
see,image,1
not,scared,1
have,time,1
pop,thinking,1
see,,1
look,clue,1
jump,,1
define,i,1
startle,i,1
away,reason,1
disappear,week,1
sprout,,1
have,substance,1
have,who,1
have,person,1
not,true,1
through,,1
be,boy,1
then,attack,1
back,that,1
really,help,1
really,treatment,1
feel,i,1
fly,boner,1
be,natural,1
cling,case,1
cling,day,1
be,vent,1
conveniently,,1
come,initiative,1
pass,purpose,1
laugh,,1
be,identity,1
involve,,1
over,you,1
time,sentence,1
stick,repeat,1
time,action,1
away,action,1
destroy,you,1
gravitate,topic,1
find,attempt,1
find,sister,1
get,extreme,1
stick,mind,1
make,unwanted,1
make,waste,1
get,while,1
feel,insane,1
continue,day,1
t,,1
be,moment,1
gradually,depress,1
cause,ton,1
do,harm,1
stop,they,1
stop,sense,1
gradually,job,1
gradually,hour,1
anymore,harm,1
fester,,1
say,tv,1
say,movie,1
be,relate,1
back,past,1
give,opportunity,1
not,think,1
haunt,you,1
torment,you,1
be,silly,1
cause,time,1
easily,,1
almost,stop,1
almost,anger,1
impact,time,1
cause,mild,1
almost,non,1
move,they,1
make,attempt,1
almost,high,1
make,she,1
relate,i,1
play,game,1
daily,circumstance,1
sound,explanatory,1
make,fear,1
be,unnerving,1
control,i,1
almost,,1
be,exhaust,1
again,therapist,1
register,,1
lead,anxiety,1
say,impossible,1
say,everytime,1
everyday,everyday,1
everyday,month,1
everyday,time,1
time,end,1
rap,woman,1
hover,i,1
frequent,,1
place,frome,1
place,place,1
night,what,1
night,night,1
run,it,1
be,scenario,1
just,thought,1
not,action,1
change,i,1
slip,mind,1
tell,smart,1
stop,workaholic,1
play,head,1
play,back,1
play,,1
stop,this,1
be,contradictory,1
latch,fear,1
recently,fear,1
be,antithetical,1
convince,life,1
ban,dream,1
be,mindset,1
go,aswell,1
not,he,1
convince,real,1
be,line,1
murder,woman,1
lose,intrusiveness,1
imagine,event,1
lose,mind,1
fall,fear,1
week,week,1
lick,it,1
freak,it,1
keep,day,1
analyze,everything,1
take,level,1
take,it,1
become,upsetting,1
experience,which,1
come,phase,1
away,obsession,1
fight,thought,1
have,attack,1
come,attack,1
be,organize,1
get,debilitating,1
be,forefront,1
do,life,1
steal,ability,1
invade,consciousness,1
do,ability,1
steal,thought,1
steal,life,1
steal,i,1
not,fact,1
cause,panic,1
worry,,1
become,she,1
appear,mind,1
make,yourself,1
complete,it,1
ignore,they,1
say,jesus,1
say,example,1
counter,it,1
insult,god,1
insult,almighty,1
say,way,1
be,about,1
insult,jesus,1
not,crazy,1
focus,fear,1
have,side,1
cause,imbalance,1
pop,occasion,1
end,man,1
be,gender,1
flood,brain,1
sound,stupid,1
torture,month,1
deal,hell,1
deal,rest,1
tell,child,1
tell,outburst,1
be,response,1
repulse,,1
alone,he,1
alone,sex,1
make,repulsed,1
pop,emotion,1
away,passage,1
be,product,1
convert,behavior,1
upset,mind,1
be,ish,1
make,promise,1
relate,past,1
prove,it,1
prove,innocent,1
often,mind,1
interpret,word,1
be,visuals,1
distort,real,1
irreversibly,two,1
blur,two,1
bleed,reality,1
back,force,1
reflect,issue,1
mention,ability,1
matter,belief,1
truly,i,1
matter,issue,1
reflect,belief,1
torment,i,1
online,i,1
emotionally,,1
be,wave,1
swirl,head,1
die,while,1
make,guilty,1
cause,anything,1
tell,photo,1
really,kid,1
become,unbereable,1
really,hard,1
appear,head,1
grow,extreme,1
be,fake,1
drive,i,1
drive,mad,1
run,background,1
now,time,1
get,frequent,1
pound,head,1
pound,in,1
drive,,1
say,myself,1
leave,mind,1
look,p,1
kill,helppp,1
be,pure,1
manifest,word,1
manifest,sentence,1
sound,,1
morning,morning,1
immediately,morning,1
wan,good,1
be,lack,1
manifest,subject,1
be,result,1
accept,presence,1
happen,i,1
happen,mention,1
come,chance,1
revolve,ex,1
sympathize,murderer,1
turn,word,1
always,violent,1
urge,,1
come,sensation,1
last,most,1
disappear,year,1
concern,,1
transform,something,1
get,myself,1
get,loud,1
really,limiting,1
bore,,1
be,straight,1
look,i,1
experience,i,1
be,bothersome,1
experience,all,1
also,wall,1
share,,1
intrude,brain,1
minute,minute,1
occupy,i,1
minute,havoc,1
occupy,feeling,1
spin,way,1
occupy,this,1
consist,what,1
cross,head,1
get,place,1
get,path,1
further,intensity,1
exist,future,1
exist,head,1
remind,moment,1
say,fuck,1
not,someone,1
force,thinking,1
force,way,1
link,everything,1
center,loss,1
trap,world,1
make,x,1
away,googling,1
turn,thought,1
align,fact,1
again,real,1
away,power,1
build,this,1
be,process,1
stick,outlet,1
be,manifestation,1
remind,power,1
remind,yourself,1
remind,this,1
all,interpretation,1
exist,top,1
stick,fork,1
be,temporary,1
become,harm,1
enter,time,1
be,harmless,1
break,ego,1
invade,depressant,1
race,time,1
invade,dream,1
sleep,,1
get,this,1
realise,i,1
time,mind,1
be,start,1
randomly,awful,1
realise,fragile,1
be,sadist,1
home,control,1
do,fact,1
tell,wrong,1
dominate,mind,1
go,filter,1
imagine,,1
moment,bad,1
moment,moment,1
be,erection,1
give,day,1
be,possible,1
check,compulsion,1
be,puncture,1
help,,1
apart,,1
materialize,bad,1
seize,fear,1
pop,obsession,1
find,bottle,1
invade,due,1
invade,dose,1
year,december,1
year,year,1
become,mild,1
arouse,you,1
not,cuckoldry,1
arouse,anyone,1
be,fun,1
along,movie,1
mean,anything,1
here,i,1
be,this,1
be,which,1
get,real,1
kick,workweek,1
grab,cup,1
grab,i,1
make,second,1
make,moment,1
make,calm,1
make,sex,1
be,leaf,1
come,anxiety,1
come,subconsciousness,1
not,yours,1
be,minimal,1
be,loop,1
perfectly,place,1
be,sort,1
think,they,1
become,june,1
think,thought,1
be,recur,1
today,friend,1
make,bother,1
tell,that,1
today,thought,1
destroy,mom,1
destroy,realtionship,1
nonstop,,1
guilt,guilt,1
involve,god,1
be,comfortable,1
also,thing,1
there,member,1
trigger,pocd,1
not,honorable,1
be,those,1
be,fluvox,1
be,racist,1
be,ableist,1
tell,people,1
talk,,1
feel,guilty,1
say,school,1
be,year,1
be,terrible,1
make,they,1
have,much,1
last,long,1
there,month,1
start,thought,1
go,afraid,1
think,name,1
get,friend,1
leave,week,1
though,health,1
make,thought,1
make,example,1
freeze,i,1
paralyse,i,1
cause,hope,1
cause,way,1
eat,themselves,1
over,place,1
eat,sense,1
list,place,1
protect,i,1
protect,relapse,1
tell,uncomfortable,1
not,reflective,1
paralyze,time,1
paralyze,i,1
be,rough,1
cause,stress,1
confirm,fear,1
make,head,1
visit,time,1
work,it,1
visit,guest,1
time,useless,1
intimidate,,1
paralyze,,1
think,it,1
visit,you,1
gain,fact,1
gain,traction,1
fight,past,1
break,will,1
be,mild,1
shift,prominent,1
become,prominent,1
pop,time,1
cause,lot,1
force,force,1
become,convinving,1
struggle,obsession,1
struggle,year,1
quick,mind,1
be,numb,1
here,f,1
turn,delusion,1
here,med,1
be,cheat,1
see,photo,1
say,that,1
keep,,1
know,,1
here,,1
bother,you,1
mean,nothing,1
say,nothing,1
distress,i,1
let,,1
exist,vacuum,1
reoccurre,,1
use,problem,1
fight,people,1
stick,glue,1
throw,front,1
be,stressful,1
roll,head,1
deal,thought,1
loom,head,1
do,he,1
be,manifestion,1
pop,myself,1
be,lot,1
be,helpful,1
feel,bad,1
lurk,back,1
come,rate,1
surface,,1
be,lazy,1
be,problem,1
carry,weight,1
damage,sense,1
damage,relationship,1
be,case,1
be,meaningful,1
die,person,1
hurt,parent,1
hurt,relative,1
hurt,same,1
become,person,1
everday,i,1
everday,everday,1
spiral,second,1
throw,i,1
throw,stair,1
throw,myself,1
happen,situation,1
happen,experience,1
study,exam,1
change,shirt,1
wash,it,1
wonder,post,1
too,fog,1
be,denial,1
come,fear,1
not,disgusting,1
come,brain,1
not,abhorrent,1
shock,,1
disgust,,1
come,trigger,1
say,people,1
pop,second,1
leave,confused,1
be,graphic,1
come,question,1
disfigure,some,1
loom,,1
reinterpret,some,1
come,judgement,1
result,reaction,1
relate,it,1
be,dimension,1
be,world,1
include,,1
read,stuff,1
talk,people,1
do,anything,1
stay,mug,1
seem,,1
go,rampant,1
look,this,1
flood,brim,1
recede,,1
flood,it,1
break,,1
purge,mind,1
obsess,,1
stab,month,1
stab,i,1
stab,one,1
leave,brain,1
time,i,1
time,attack,1
stop,bad,1
accept,possibility,1
explain,it,1
follow,that,1
explain,funny,1
follow,something,1
ask,personality,1
around,head,1
see,tiktok,1
have,realisation,1
around,record,1
trigger,compulsion,1
trigger,stuff,1
be,back,1
flow,head,1
over,player,1
be,insane,1
urge,i,1
urge,anything,1
seem,alcoholism,1
get,alcohol,1
get,drinking,1
seem,bright,1
be,behavior,1
give,joy,1
be,female,1
feel,unique,1
before,,1
go,school,1
avoid,it,1
consist,contamination,1
be,bi,1
make,idal,1
make,bit,1
cause,life,1
get,help,1
stop,day,1
stop,that,1
relate,race,1
almost,context,1
blow,saga,1
flood,statement,1
shout,statement,1
acknowledge,,1
let,anything,1
m,,1
feel,scared,1
be,awful,1
last,,1
keep,hour,1
go,everything,1
interfer,middle,1
far,mindset,1
far,i,1
be,train,1
go,business,1
be,weird,1
stab,mom,1
stab,sleep,1
plague,people,1
lead,habit,1
run,life,1
happen,background,1
stick,,1
think,person,1
think,what,1
much,horrible,1
block,capacity,1
overtake,fanfiction,1
add,guilt,1
overtake,uncomfortable,1
overtake,day,1
overtake,thought,1
revolve,they,1
involve,they,1
alot,i,1
go,line,1
creep,fear,1
go,while,1
keep,state,1
vanish,,1
fall,it,1
work,dream,1
ahead,,1
watch,anything,1
experiment,yourself,1
day,one,1
pop,reason,1
send,baby,1
send,daycare,1
everywhere,i,1
get,picture,1
get,name,1
get,inbetween,1
attach,themselves,1
attach,object,1
be,course,1
escalate,thought,1
hurt,mom,1
say,parent,1
be,convincing,1
numb,,1
do,woman,1
otherwise,,1
be,taxing,1
right,,1
interrupt,it,1
watch,porn,1
fall,,1
over,,1
stop,you,1
work,compulsion,1
use,hour,1
encompass,,1
neutralize,ones-,1
grow,repulsive,1
grow,heinous,1
pass,i,1
grow,order,1
alone,night,1
fill,i,1
outside,,1
fill,dread,1
be,question,1
become,foreign,1
tonight,tonight,1
write,thing,1
write,this,1
correctly,month,1
get,intensity,1
correctly,it,1
get,intrusive,1
disturb,i,1
be,alone,1
away,everything,1
give,conclusion,1
change,image,1
change,stuff,1
seek,reinforcement,1
by,reinforcement,1
always,back,1
lead,amount,1
be,encompass,1
come,that,1
be,yesterday,1
want,everything,1
again,stuff,1
want,god,1
tell,all,1
tell,flame,1
again,existence,1
take,hold,1
center,that,1
take,action,1
take,control,1
there,i,1
vent,it,1
be,religouse,1
link,compulsion,1
get,matter,1
isolate,i,1
doesn't,,1
close,,1
tell,she,1
have,meaning,1
cause,spike,1
emulate,what,1
consume,anxiety,1
morph,theme,1
turn,fantasy,1
tell,this,1
get,chest,1
cause,pop,1
be,confusing,1
center,self,1
sound,center,1
have,impact,1
have,purpose,1
get,stuff,1
convince,grandparent,1
convince,mom,1
fuckong,,1
hit,wave,1
not,anxiety,1
become,symbolic,1
stay,dream,1
occur,mind,1
want,all,1
intensify,background,1
become,point,1
burden,,1
sound,insane,1
