Node 1,TEA,Node 2,TEA2,Hypergraph,Semantic-Syntactic,svo_id,passive_approx
thought,Agent,pop,Event,"[['thought'], ['pop'], ['head']]",0,0,0
pop,Event,head,Target,"[['thought'], ['pop'], ['head']]",0,0,0
thought,Agent,tell,Event,"[['thought'], ['tell'], ['i']]",0,1,0
tell,Event,i,Target,"[['thought'], ['tell'], ['i']]",0,1,0
thought,Agent,bother,Event,"[['thought'], ['bother'], ['i']]",0,2,0
bother,Event,i,Target,"[['thought'], ['bother'], ['i']]",0,2,0
thought,Agent,feel,Event,"[['thought'], ['feel'], ['real']]",0,3,0
feel,Event,real,Target,"[['thought'], ['feel'], ['real']]",0,3,0
thought,Agent,come,Event,"[['thought'], ['come'], ['mind']]",0,4,0
come,Event,mind,Target,"[['thought'], ['come'], ['mind']]",0,4,0
thought,Agent,cause,Event,"[['thought'], ['cause'], ['anxiety']]",0,5,0
cause,Event,anxiety,Target,"[['thought'], ['cause'], ['anxiety']]",0,5,0
thought,Agent,give,Event,"[['thought'], ['give'], ['i']]",0,6,0
give,Event,i,Target,"[['thought'], ['give'], ['i']]",0,6,0
thought,Agent,pop,Event,"[['thought'], ['pop'], ['mind']]",0,7,0
pop,Event,mind,Target,"[['thought'], ['pop'], ['mind']]",0,7,0
thought,Agent,arouse,Event,"[['thought'], ['arouse'], ['i']]",0,8,0
arouse,Event,i,Target,"[['thought'], ['arouse'], ['i']]",0,8,0
thought,Agent,give,Event,"[['thought'], ['give'], ['anxiety']]",0,9,0
give,Event,anxiety,Target,"[['thought'], ['give'], ['anxiety']]",0,9,0
thought,Agent,ruin,Event,"[['thought'], ['ruin'], ['life']]",0,10,0
ruin,Event,life,Target,"[['thought'], ['ruin'], ['life']]",0,10,0
thought,Agent,come,Event,"[['thought'], ['come'], ['head']]",0,11,0
come,Event,head,Target,"[['thought'], ['come'], ['head']]",0,11,0
