n_words,n_triplets,n_nodes,n_edges,density,avg_degree,repetition_idx,max_edge_weight,mean_edge_weight,lscc_frac,lwcc_frac,avg_clustering,n_agents,n_events,n_targets,first_person_ratio,node_ttr,top_edges,slug,subreddit
343,177,110,157,0.0131,3.22,0.0828,4,1.13,0.0091,0.9545,0.2325,10,52,48,0.2768,0.3107,love family->amazing friend(4); i->be(3); i->have(3); with constant depressive episode->panic attack(3); into career->love family(3); into career->amazing friend(3); i->think(2); i->just feel(2); have->love family(2); have->amazing friend(2),depression_qx4l5j,depression
389,162,106,147,0.0132,3.06,0.0748,5,1.1,0.0849,0.9623,0.2052,13,44,49,0.1914,0.3272,it->be(5); i->feel(3); be->decent parent(2); i->sometimes feel(2); i->in any way(2); i->have(2); much well->for i(2); it->feel(2); they->die(2); that->be(2),depression_qrczko,depression
971,426,273,405,0.0055,3.12,0.042,3,1.05,0.0513,0.9707,0.23,33,118,122,0.1948,0.3204,i->feel(3); i->see(3); my wife->i(3); no trouble->for unknown reason(3); i->live(2); i->be(2); i->have(2); i->stupid white b(2); i->one(2); we->be(2),ptsd_nlgucy,ptsd
316,143,100,129,0.013,2.86,0.0698,5,1.11,0.04,0.92,0.0952,17,46,37,0.2727,0.3497,i->be(5); i->feel(4); i->do not know(2); i->have(2); i->do not get(2); i->put(2); it->be(2); myself->through this stress(2); job->after this(2); i->go be(1),depression_rj12pb,depression
760,341,239,330,0.0058,2.85,0.0333,2,1.03,0.0209,0.9247,0.1902,27,113,99,0.1789,0.3504,feel->worthwhile(2); i->come(2); i->realize(2); i->do(2); she->be(2); my trust->into wrong person(2); nothing->feel(2); you->be(2); yourself->worthwhile endeavor(2); in past relationship->friendship(2),ptsd_gdh7p9,ptsd
512,230,154,220,0.0093,2.99,0.0409,3,1.05,0.0584,0.9675,0.211,19,72,63,0.1435,0.3348,what->flashback(3); i->take(2); my parent->abuse(2); ptsd->with as all hallucination(2); ptsd->same abuse(2); with as all hallucination->same abuse(2); voice->be(2); he->discuss(2); with what->with doctor(2); parent->still abuse physically mentally(1),ptsd_icl4jh,ptsd
699,285,192,260,0.0071,2.97,0.0577,5,1.1,0.026,0.8698,0.2219,22,84,86,0.2246,0.3368,i->be(5); i->know(5); it->be(4); he->be(4); it->feel(2); i->feel(2); i->make(2); extremely anxious->sad(2); crazy town usa->in my brain(2); very good->kind(2),ptsd_q10apl,ptsd
369,611,119,345,0.0246,10.27,0.2754,9,1.77,0.2521,0.9748,0.4808,15,40,64,0.0606,0.0974,18->on january 1st(9); thin->18(8); thin->on january 1st(8); my head->thin(7); my head->18(7); my head->on january 1st(7); i->be(6); bad->at sport(6); bad->my head(6); bad->thin(6),depression_riw4si,depression
558,227,152,213,0.0093,2.99,0.0282,6,1.07,0.0132,0.9737,0.2538,11,70,71,0.2643,0.3348,i->be(6); i->feel(5); i->have(3); i->go(2); flashback->for many year(2); important->reason(2); realisation->come recently(1); realisation->i(1); come recently->to strange realisation(1); i->come recently(1),depression_r42kf5,depression
819,426,223,382,0.0077,3.82,0.0812,6,1.12,0.0404,0.9372,0.3754,18,84,121,0.2254,0.2617,i->have(6); i->be(5); i->get(4); it->be(3); i->drink(3); weed->at 14(3); to another country->for year(3); be->couple(2); i->end(2); i->smoke(2),depression_qwbg6l,depression
321,151,103,146,0.0139,2.93,0.0342,2,1.03,0.0194,0.8252,0.2254,13,55,35,0.2185,0.3411,i->be(2); i->do not know(2); i->have(2); what->to she(2); 17->with i(2); i->kill(1); i->just spite(1); i->try never talk back(1); i->get yet always berate(1); i->now get(1),depression_r2trby,depression
418,190,126,179,0.0114,3.02,0.0447,3,1.06,0.0952,0.9286,0.2588,22,56,48,0.1526,0.3316,this->be(3); i->obsess(3); second gaslit->most sexual encounter(3); i->’ve have(2); i->be(2); super common->these day(2); about sexual encounter->assault abuse(2); thing->during sex(2); this->super common(1); this->these day(1),ptsd_jgq9dg,ptsd
452,242,131,212,0.0124,3.69,0.1132,4,1.14,0.1832,0.9618,0.3291,18,49,64,0.1694,0.2707,she->’(4); i->have(3); i->love(3); she->at night(3); love->she(3); i->know(2); i->be(2); i->relive(2); i->’m(2); i->on purpose(2),ptsd_ornd6o,ptsd
316,136,90,126,0.0157,3.02,0.0794,2,1.08,0.0111,0.9444,0.3085,11,41,38,0.2279,0.3309,i->feel(2); i->have(2); i->be(2); i->know(2); some shit->at i(2); some shit->this week(2); at i->this week(2); professional mistake->error(2); professional mistake->today(2); error->today(2),ptsd_qlj4um,ptsd
354,153,95,139,0.0156,3.22,0.0576,6,1.1,0.1053,0.9053,0.3261,10,41,44,0.2288,0.3105,i->be(6); she->about my past(3); it->be(3); i->do not know(2); i->will never know(2); be->scared(2); be->fine(2); sad->today(2); need today->support(1); need today->today(1),ptsd_oj31ml,ptsd
392,153,112,146,0.0117,2.73,0.0342,3,1.05,0.1161,0.9286,0.2216,16,48,48,0.1699,0.366,ptsd->cptsd(3); i->be(3); i->find(2); i->think(2); it->be(2); ptsd->do affect(1); ptsd->impact(1); do affect->your relationship(1); i->strongly suspect(1); i->have(1),ptsd_ql47jq,ptsd
486,247,149,227,0.0103,3.32,0.0485,4,1.09,0.0805,0.9463,0.207,16,79,54,0.2065,0.3016,i->sex(4); i->go(3); i->my sibling(3); i->bc(3); it->be(3); bc->sex(3); my sibling->bc(3); my sibling->sex(3); i->see(2); i->catch(2),ptsd_oax5ns,ptsd
1029,480,276,431,0.0057,3.48,0.0603,12,1.11,0.0435,0.9457,0.223,34,116,126,0.2271,0.2875,i->be(12); i->have(7); it->be(4); that->be(4); i->see(3); this->i(3); we->as friend speech(3); what->wrong(3); i->we(2); i->as friend speech(2),depression_rml348,depression
370,165,116,156,0.0117,2.84,0.0513,3,1.06,0.0603,0.9224,0.1992,15,52,49,0.1333,0.3515,she->be(3); i->hold(2); i->be(2); they->be(2); they->cause(2); black->purple(2); hold->her hand(2); who->for past year(2); vent ish/ talk->’ve diagnose(1); ’ve diagnose->for ptsd(1),ptsd_iageho,ptsd
328,170,105,154,0.0141,3.24,0.1039,2,1.1,0.0476,0.9048,0.2434,19,43,43,0.1941,0.3088,i->think(2); i->can not remember(2); i->be(2); i->feel(2); to i->as child(2); to i->on that trip(2); something->happen(2); happen->to i(2); bed->my pant(2); bed->every single day(2),ptsd_ju2li9,ptsd
386,138,109,133,0.0113,2.53,0.0376,2,1.04,0.0092,0.8532,0.2027,13,48,48,0.2029,0.3949,i->have(2); i->about her appointment(2); i->get(2); she->have(2); she->get(2); i->do well this week(1); i->want start(1); i->sound(1); i->know(1); i->can not now go(1),ptsd_irkq78,ptsd
478,229,144,216,0.0105,3.18,0.0463,4,1.06,0.0972,0.9653,0.2593,12,66,66,0.214,0.3144,it->be(4); it->help(3); i->do(2); myself->from friend(2); myself->family(2); myself->other(2); from friend->family(2); from friend->other(2); family->other(2); thing->off my mind(2),ptsd_djpez8,ptsd
312,272,90,181,0.0226,6.04,0.2265,14,1.5,0.3222,0.9333,0.3025,15,42,33,0.1066,0.1654,i->what(14); what->as person(10); i->as person(7); person->truth(6); person->you(6); truth->you(4); i->i(4); tell->what(4); miserable->i(4); miserable->what(4),depression_rggdzg,depression
572,216,158,200,0.0081,2.73,0.04,8,1.08,0.0506,0.8987,0.141,21,76,61,0.2176,0.3657,i->be(8); i->get(3); i->feel(3); i->know(2); i->live(2); i->go(2); i->have(2); second->with i(2); you->help(1); you->might ask(1),depression_rjs8vr,depression
384,150,118,140,0.0101,2.54,0.0571,3,1.07,0.0339,0.8051,0.1802,21,54,43,0.2467,0.3933,i->be(3); i->know(3); i->do(2); be->at moment(2); we->be(2); bad->at moment(2); they->can help(2); freezer->issue(2); i->do help(1); i->do not need(1),depression_qvvj7r,depression
318,145,86,133,0.0182,3.37,0.0752,3,1.09,0.1395,1.0,0.3237,12,41,33,0.1862,0.2966,i->she(3); with ptsd->as very emotional boy(3); i->meet(2); i->say(2); i->scarred(2); as very emotional boy->good nobody(2); with ptsd->good nobody(2); my literal hope->dream(2); my literal hope->all my faith(2); dream->all my faith(2),ptsd_n7vp2s,ptsd
771,320,195,301,0.008,3.28,0.0465,6,1.06,0.1846,0.9795,0.2787,12,98,85,0.2062,0.3047,i->be(6); she->be(3); advice->i(2); i->get(2); i->do(2); i->do not even know(2); be->happy(2); be->so upset(2); we->be(2); she->take(2),ptsd_h98wf0,ptsd
703,380,190,331,0.0092,4.0,0.1088,5,1.15,0.2368,0.9737,0.3758,13,90,87,0.1737,0.25,i->have(5); i->be(4); he->be(4); tell->i(4); i->beautiful(3); i->without i(3); be->beautiful(3); he->tell(3); i->feel(2); i->do(2),ptsd_hdw7eb,ptsd
313,127,99,120,0.0124,2.57,0.05,3,1.06,0.0202,0.798,0.1479,14,45,40,0.2283,0.3898,i->’m(3); i->be(2); i->feel(2); like many people->from ptsd(2); we->at his place(2); very private person->sex(2); i->look(1); i->do not want write(1); i->worry(1); i->’m look(1),ptsd_phxhvn,ptsd
319,167,105,137,0.0125,3.18,0.0803,8,1.22,0.019,0.8952,0.2513,17,44,44,0.0958,0.3144,be not->that person(8); that person->normal(8); that person->that person(5); be not->normal(4); i->be not(4); it->be(2); normal->wrong(2); normal->problem(2); who->hurt(2); wrong->problem(2),depression_rhchdf,depression
357,142,111,133,0.0109,2.56,0.0451,4,1.07,0.1441,0.8108,0.0739,15,57,39,0.3239,0.3908,i->feel(4); i->’m(3); i->’m not(2); i->be(2); ’m->just so tired(2); it->’(2); i->pretend(1); i->genuinely think(1); i->will never get(1); i->will never be again(1),depression_qvp497,depression
323,130,92,118,0.0141,2.83,0.0508,6,1.1,0.0217,0.8587,0.1977,9,39,44,0.2615,0.3538,i->be(6); i->have(3); it->be(3); i->go(2); on medication->for year(2); right time->compassionate(2); i->plan(1); i->set(1); i->add(1); i->go kill(1),depression_rmq0vv,depression
407,201,125,184,0.0119,3.22,0.0489,7,1.09,0.024,0.968,0.2667,17,51,57,0.2239,0.3109,i->be(7); i->need(4); it->be(3); i->feel(2); i->live(2); i->love(2); it->come(2); be->no idiot(2); live->in world(2); i->can not get anywhere(1),ptsd_pb282e,ptsd
452,188,134,182,0.0102,2.81,0.0275,3,1.03,0.0448,0.9403,0.2188,16,57,61,0.1915,0.3564,i->be(3); i->have(2); thing->in front(2); thing->actively grateful(2); in front->actively grateful(2); life->get(1); life->never go be(1); get->well(1); get->tattoo(1); bad shit->do not just stop happen(1),depression_rd8s5n,depression
386,193,117,176,0.013,3.3,0.0568,5,1.1,0.1709,0.9231,0.2271,11,56,50,0.2953,0.3031,i->’m(5); i->be(4); i->do not know(3); i->have(3); it->’(2); i->think(2); i->know(2); i->now ’m(2); that->i(2); have->friend(2),depression_r4k4vy,depression
860,355,225,332,0.0066,3.16,0.0392,6,1.07,0.04,0.96,0.2682,28,93,104,0.1915,0.3169,i->be(6); i->’m(4); i->have(4); i->tell(3); have->depression(3); i->do not think(2); i->think(2); i->do(2); i->know(2); i->incompetent mooch(2),depression_qth85v,depression
452,203,124,188,0.0123,3.27,0.0372,6,1.08,0.0484,0.9597,0.2102,12,53,59,0.1527,0.3054,i->feel(6); i->be(4); it->be(4); i->have(2); i->come back(2); horrible loop->loop(2); nice feeling->so disconnected(2); i->so do now(1); i->just want escape(1); i->can not go(1),depression_rd3o9e,depression
423,201,129,189,0.0114,3.12,0.0423,4,1.06,0.124,0.8837,0.2658,16,55,58,0.0995,0.3209,she->be(4); she->what(3); care->of herself(3); she->get(2); i->have(2); what->for future(2); any goal->motivation(2); tell many time->she(2); my wife->suffer(1); suffer->from dysthymia(1),depression_qubzbt,depression
520,226,137,203,0.0109,3.3,0.0591,9,1.11,0.1971,0.8978,0.2142,18,61,58,0.208,0.3031,i->be(9); it->be(5); love->i(3); i->live(2); i->have(2); i->wish(2); i->do(2); i->guess(2); be->man(2); in therapy->for year(2),ptsd_lacedm,ptsd
887,363,226,333,0.0065,3.21,0.0571,7,1.09,0.0531,0.9336,0.1277,35,113,78,0.0303,0.3113,it->be(7); something->on his face(4); he->something(3); he->on his face(3); he->realize(3); he->be(3); be->super important(2); be->person(2); he->towards he(2); he->see(2),depression_rdeqjw,depression
987,540,273,478,0.0064,3.96,0.0921,8,1.13,0.1172,0.9853,0.2996,25,128,120,0.2315,0.2528,i->have(8); i->know(5); i->do(4); lot->hobby(4); i->put(3); i->get(3); ptsd->from lot(3); pound->lot(3); pound->hobby(3); i->feel(2),ptsd_gwtwf7,ptsd
1832,921,438,793,0.0041,4.21,0.0946,13,1.16,0.2717,0.9635,0.2589,49,198,191,0.1944,0.2378,it->be(13); i->be(12); i->have(5); i->know(4); i->get(4); i->feel(4); i->wish(4); she->she(4); she->be(4); her fear->she(4),depression_r3z5gp,depression
370,147,94,132,0.0151,3.13,0.0682,6,1.11,0.0213,0.9681,0.1142,11,46,37,0.2857,0.3197,i->be(6); i->have(3); i->know(3); be->young(2); what->ptsd(2); i->be not(2); it->next time(2); it->everytime(2); next time->everytime(2); be->rant(1),ptsd_fpeff2,ptsd
400,164,119,149,0.0106,2.76,0.0403,9,1.1,0.0924,0.8151,0.1894,17,53,49,0.2622,0.3628,i->be(9); i->feel(4); sleep deprive->sleep(2); she->whole time(2); it->be(2); this->depressed(2); i->sleep deprive(1); i->so be(1); i->have(1); i->move last year temporarily(1),depression_rmobib,depression
319,121,90,112,0.014,2.69,0.0446,5,1.08,0.0111,0.9333,0.2337,12,39,39,0.2645,0.3719,i->be(5); i->make(3); i->want(2); be->interested(2); they->be(2); single i->have(1); have->nothing(1); no ambition->depress(1); depress->my whole life(1); my whole life->in relationship(1),depression_rdfedj,depression
962,431,259,404,0.006,3.33,0.0446,4,1.07,0.1313,0.9344,0.2162,33,119,107,0.1508,0.3005,i->be(4); i->tell(3); i->have(3); to i->event(3); what->happen(3); park->in middle(3); light->in my face(3); this->be(3); i->’ve accept(2); i->that(2),ptsd_eisrh1,ptsd
462,204,147,187,0.0087,2.78,0.0642,5,1.09,0.0136,0.8571,0.3012,17,63,67,0.2353,0.3603,i->be(5); i->know(3); someone->something(3); i->go(2); i->have(2); i->make(2); this->with isolation(2); this->loneliness(2); with isolation->loneliness(2); to my extreme social fear->some kind(2),depression_r87q9e,depression
402,168,121,156,0.0107,2.78,0.0577,3,1.08,0.0083,0.8843,0.2372,11,51,59,0.2738,0.3601,be->what(3); i->be(3); i->do not have(3); i->have(2); i->think(2); i->feel(2); i->make(2); i->lose(2); for work->for month(2); point->be(1),depression_raqsjs,depression
307,119,84,113,0.0162,2.83,0.0442,3,1.05,0.0119,0.8929,0.3506,11,30,43,0.2353,0.3529,i->have(3); this->be(2); i->be(2); i->also feel(2); it->be(2); this->may be(1); be->ptsd(1); be->about(1); be->at end(1); be->derealization(1),ptsd_falobf,ptsd
1035,492,276,436,0.0057,3.57,0.0642,16,1.13,0.0072,0.9783,0.2585,22,114,140,0.2459,0.2805,i->be(16); i->have(5); i->feel(5); i->be not(4); introvert->someone(4); i->like(3); i->get(3); be->what(3); this->be(3); i->know(2),depression_qu9ww9,depression
340,140,103,132,0.0126,2.72,0.0379,3,1.06,0.0388,0.9417,0.2479,11,46,46,0.2714,0.3679,i->feel(3); i->m(3); i->be(3); feel->hold hostage(2); anything->to myself(2); m->tired(1); m->stuck(1); m->poor(1); m->fucking idiot(1); i->unfortunately fortunately have(1),depression_r8r84b,depression
648,340,185,307,0.009,3.68,0.0912,3,1.11,0.1676,0.9676,0.2244,19,87,79,0.1765,0.2721,i->just have(3); i->feel(3); with my thought->my mind(3); this->time(3); in least->bit(3); i->work now(2); i->have(2); i->mean(2); i->go back(2); i->think(2),ptsd_cekr0l,ptsd
406,209,127,193,0.0121,3.29,0.0518,5,1.08,0.0709,0.9291,0.3242,15,53,59,0.1962,0.3038,i->be(5); i->’m(4); up his look->stuff(3); i->work(2); i->feel(2); about my ptsd->anxious(2); judge->jury(2); judge->executioner(2); jury->executioner(2); he->all sort(2),ptsd_hydhht,ptsd
323,126,92,113,0.0135,2.74,0.0796,4,1.12,0.0109,0.9022,0.2685,11,42,39,0.2937,0.3651,i->feel(4); i->be(4); i->make(2); i->go be(2); feel->same sense(2); it->be(2); know->able(2); able->able(2); will hardly be->able(2); i->sometimes feel(1),depression_qrgot8,depression
606,316,170,289,0.0101,3.72,0.0727,6,1.09,0.1412,0.9412,0.3492,22,71,77,0.193,0.269,i->’m(6); my psychiatrist->therapist(3); with this->for year(3); therapist->know(2); i->want make(2); i->do(2); i->face(2); i->’ve have(2); i->have(2); i->know(2),ptsd_i0rujo,ptsd
402,163,119,157,0.0112,2.74,0.0382,2,1.04,0.042,0.7143,0.2582,14,52,53,0.1656,0.365,i->have(2); i->need(2); i->feel(2); i->’m(2); with i->after month(2); lot->i(2); feel these last couple month->like failure(1); feel these last couple month->these last couple month(1); feel these last couple month->slow descent(1); like failure->these last couple month(1),depression_qovcak,depression
502,233,145,219,0.0105,3.21,0.032,8,1.06,0.0345,0.9103,0.3284,13,57,75,0.176,0.3112,i->be(8); even enough good->for someone(3); i->at center(2); i->against she(2); i->feel(2); myself->even enough good(2); myself->for someone(2); get->deal(1); get->to point(1); get->scared(1),depression_re4tfo,depression
332,161,94,149,0.017,3.43,0.047,4,1.08,0.1915,0.8936,0.2389,9,46,39,0.205,0.2919,i->be(4); he->say(4); i->feel(3); i->express(2); clear->more physical(2); it->be(2); thing->slow(2); i->have(1); i->need(1); i->assault(1),ptsd_n164mg,ptsd
313,129,103,123,0.0117,2.5,0.0488,2,1.05,0.0485,0.7961,0.264,16,46,41,0.2171,0.3992,i->go(2); i->could see(2); myself->from however trigger(2); myself->last night(2); from however trigger->last night(2); it->be(2); i->drain(1); i->yesterday have(1); i->have(1); i->have recently(1),ptsd_j0ae4n,ptsd
381,178,108,166,0.0144,3.3,0.0723,2,1.07,0.0926,1.0,0.1897,10,55,43,0.2472,0.3034,i->not feel well(2); i->do not talk(2); i->change(2); problem->its attitude(2); problem->whatever(2); problem->fuck(2); its attitude->whatever(2); its attitude->fuck(2); whatever->fuck(2); it->be(2),ptsd_r1clkv,ptsd
1275,514,337,476,0.0042,3.05,0.0462,5,1.08,0.0267,0.9199,0.2633,44,135,158,0.1984,0.3278,i->have(5); i->’m(5); i->think(5); i->get(5); i->feel(4); i->be(4); i->’m not(2); i->know(2); i->do not think(2); i->’ve have(2),depression_r4ungi,depression
350,164,109,146,0.0124,3.01,0.0822,6,1.12,0.0092,0.8991,0.2782,15,42,52,0.2012,0.3323,i->be(6); i->have(3); i->know(3); this->be(2); know->normal(2); normal->hour(2); normal->around someone(2); hour->around someone(2); with what->in my job(2); with what->on regular basis(2),ptsd_f7o0m6,ptsd
702,293,182,270,0.0082,3.22,0.0519,6,1.09,0.1264,0.9505,0.243,22,75,85,0.1809,0.3106,i->be(6); i->have(5); it->be(4); be->rough few week(2); i->do not have(2); i->try(2); i->get(2); that->be(2); in exam room->by myself(2); in exam room->for bit(2),ptsd_oii6v1,ptsd
552,215,156,207,0.0086,2.76,0.0338,3,1.04,0.0897,0.8718,0.2026,23,71,62,0.1907,0.3628,i->be(3); i->have(2); i->get(2); i->m(2); i->ask(2); i->fully understand(2); after that->week(2); ion->even know(1); ion->know(1); even know->good time(1),depression_qutwfu,depression
700,261,186,251,0.0073,2.81,0.0359,3,1.04,0.0806,0.9086,0.1953,21,79,86,0.1839,0.3563,i->feel(3); i->have(2); i->think(2); i->want run away(2); have->child(2); it->’(2); on top->my back(2); we->have(2); so guilty->worthless(2); i->run away(1),ptsd_ljxy0l,ptsd
492,203,132,189,0.0109,3.08,0.0476,5,1.07,0.0606,0.947,0.2493,14,63,55,0.266,0.3251,i->do(5); i->feel(3); i->don‘t(3); i->have(2); i->just want tell(2); i->know(2); i->do not know(2); do->something(2); myself->to other(2); i->don‘t know explain(1),depression_rlumxo,depression
321,172,95,149,0.0167,3.62,0.0805,6,1.15,0.1474,1.0,0.2877,12,41,42,0.1802,0.2762,i->be(6); i->remember(4); what->your name(4); i->have(3); to i->as kid(3); oracle reading->with i(3); i->to kitchen(2); i->one(2); be->8(2); remember->oracle reading(2),ptsd_q0i5kv,ptsd
404,185,135,171,0.0095,2.74,0.0585,4,1.08,0.0148,0.9556,0.203,15,59,61,0.2973,0.3649,i->be(4); i->complete(3); i->have(3); i->start take(2); i->do deal(2); i->think(2); start take->med(2); complete->task(2); be->depressed(2); health insurance plan->for example(2),depression_rk5of3,depression
1271,571,315,487,0.0049,3.63,0.0945,15,1.17,0.1714,0.9714,0.2228,37,140,138,0.2207,0.2758,i->be(15); it->be(12); i->know(5); i->have(4); give->i(4); sex->with he(4); i->feel(3); i->deserve(3); i->do(3); be->shitty(3),ptsd_f5nfwe,ptsd
354,158,109,145,0.0123,2.9,0.0621,4,1.09,0.0183,0.8991,0.2285,16,44,49,0.1139,0.3449,i->be(4); you->be(4); i->can stop be(2); i->take(2); can stop be->constant victim(2); be->difference(2); be->victim(2); you->know(2); always look->as victim(2); i->always be(1),ptsd_mmo4v5,ptsd
497,185,129,174,0.0105,2.87,0.0632,2,1.06,0.1085,0.9535,0.2121,16,64,49,0.2324,0.3486,he->pull(2); pull->trigger(2); i->be(2); i->do(2); i->feel(2); i->still feel(2); be->first time(2); it->be not(2); it->be(2); thing->after that(2),ptsd_ehokdi,ptsd
350,140,103,134,0.0128,2.72,0.0299,4,1.04,0.1942,0.9223,0.1235,12,52,39,0.1643,0.3679,that->be(4); i->be(2); be->unable(2); interest->most(2); i->be not(1); i->have(1); i->hate(1); i->find(1); i->do not really show(1); i->not hate(1),depression_rea4xv,depression
569,304,163,244,0.0092,3.73,0.123,7,1.25,0.0307,0.9264,0.1929,14,78,71,0.2072,0.2681,i->have(7); i->be(5); myself->so insecure(5); my anxiety->my depression(4); my anxiety->myself(4); my anxiety->so insecure(4); my depression->myself(4); my depression->so insecure(4); i->hate(3); hate->my anxiety(3),depression_refimr,depression
489,192,126,174,0.011,3.05,0.069,4,1.1,0.1508,0.9127,0.2187,11,63,52,0.3333,0.3281,i->feel(4); i->have(3); i->go(3); i->get(3); i->be(3); i->grab(2); i->see(2); go->to shop(2); grab->grocery(2); it->be(2),depression_qsddlw,depression
1005,484,258,412,0.0062,3.75,0.0971,11,1.17,0.093,0.9535,0.2491,26,113,119,0.2025,0.2665,i->be(11); i->have(4); i->miss(4); it->be(4); near->asexual(4); near->disinterested(4); asexual->disinterested(4); miss->my ex(4); i->feel(3); i->think(3),depression_r5ciji,depression
423,202,121,183,0.0126,3.34,0.0765,4,1.1,0.0248,0.9752,0.2958,13,57,51,0.2327,0.2995,i->think(4); i->have(3); i->feel(3); be->right(3); i->do(2); think->right(2); he->say(2); he->be(2); have->fun(2); will deeply embrace->as some kind(2),ptsd_d6jcta,ptsd
408,190,120,175,0.0123,3.17,0.0571,4,1.09,0.1083,0.9333,0.2377,17,52,51,0.2,0.3158,i->be(4); i->have(3); i->know(3); on exam->on homework(3); i->understand(2); i->take(2); be->wrong(2); trauma relate->trauma(2); in they->in different circumstance(2); how much power->over i(2),ptsd_mqilxj,ptsd
1425,671,345,604,0.0051,3.89,0.0778,6,1.11,0.2029,0.9681,0.2165,35,167,143,0.1863,0.2571,i->feel(6); i->be(5); i->have(5); she->make(5); it->be(4); i->put(3); i->work(3); you->do think(3); she->do(3); any->due fear(3),depression_r8m55p,depression
344,174,108,158,0.0137,3.22,0.0759,5,1.1,0.0741,0.9537,0.2455,12,46,50,0.2069,0.3103,i->be(5); i->know(3); i->go(2); i->depression(2); be->desperate(2); know->nothing(2); god->on i(2); myself->some time(2); myself->so numb(2); any reason->effort(2),depression_qzu2om,depression
944,398,271,370,0.0051,2.94,0.0514,6,1.08,0.0554,0.8708,0.2211,35,114,122,0.1859,0.3405,it->be(6); i->see(4); i->have(3); i->think(3); i->be(3); i->do(2); i->shoot(2); lower greenville->be(2); look->i(2); just say->fuck(2),ptsd_oj07qr,ptsd
334,144,100,131,0.0132,2.88,0.0687,5,1.1,0.01,0.92,0.164,9,49,42,0.2847,0.3472,i->’m(5); i->feel(3); i->have(2); i->do not know(2); it->’(2); feel->wrong(2); people->say(2); care->about i(2); okay->in my body(2); i->pretend(1),depression_rjm40v,depression
942,463,257,398,0.006,3.6,0.1055,10,1.16,0.1595,0.965,0.1992,31,129,97,0.1922,0.2775,i->’m(10); i->know(6); ’m->angry(5); i->be(4); it->be(4); i->guess(3); i->wish(3); sex->with he(3); my good revenge->only option(3); i->have(2),ptsd_clsjoh,ptsd
541,275,153,239,0.0103,3.59,0.0962,5,1.15,0.2157,0.915,0.2559,14,77,62,0.1855,0.2782,i->m(5); he->say(4); what->just upset(4); what->overwhelmed(4); just upset->overwhelmed(4); i->have(3); he->do not mean(3); i->be(2); i->feel(2); i->better(2),ptsd_powr36,ptsd
436,222,120,143,0.01,3.7,0.0909,35,1.55,0.0083,0.8917,0.12,10,65,45,0.3243,0.2703,tired->tired(35); ’m->tired(22); i->’m(12); i->need(3); i->give(3); ’m->scared(3); i->have(2); i->do(2); i->help(2); i->could get(2),depression_rhod6i,depression
349,196,117,184,0.0136,3.35,0.0489,4,1.07,0.0769,0.9231,0.3118,10,49,58,0.1582,0.2985,i->be(4); he->ask(3); grab->my face(2); i->feel(2); he->be(2); ask->i(2); valentine 's plan->tomorrow(2); single->this year(2); glass->on his counter(2); hairdresser->grab(1),ptsd_ljexag,ptsd
976,482,263,433,0.0063,3.67,0.0693,11,1.11,0.1901,0.962,0.318,31,101,131,0.1203,0.2728,i->be(11); i->have(4); i->know(4); she->be(4); i->feel(3); it->be(3); she->have(3); well->with her dead(3); i->will call(2); i->with i(2),ptsd_m56fiw,ptsd
509,244,153,227,0.0098,3.19,0.0485,7,1.07,0.1699,0.9346,0.2746,21,64,68,0.209,0.3135,i->be(7); people->i(3); i->retarded(2); i->get(2); i->have(2); i->do(2); thing->be(2); be->on i(2); be->scared(2); they->be(2),depression_qvc8s6,depression
494,194,149,182,0.0083,2.6,0.0604,3,1.07,0.0268,0.8456,0.1977,25,61,63,0.2165,0.384,i->be(3); i->have(2); i->continue(2); i->guess(2); car->crash(2); crash->into people(2); it->be(2); this->guilt(2); this->to survivor(2); guess->guilt(2),ptsd_ozz19g,ptsd
515,270,157,231,0.0094,3.44,0.1429,6,1.17,0.2166,0.9108,0.2384,13,71,73,0.2,0.2907,i->be(6); due your own->due -(3); creepy->myself(3); anyone->feel(2); you->do not deserve report(2); do not deserve report->creeper stalker(2); do not deserve report->due your own(2); do not deserve report->due mentally ill hyper(2); do not deserve report->due -(2); do not deserve report->due sexual creepy past(2),ptsd_f1v8jv,ptsd
414,218,122,190,0.0129,3.57,0.0842,10,1.15,0.0082,0.9262,0.2531,18,49,55,0.1881,0.2798,i->be(10); i->think(5); hormone->puberty(3); i->not feel(2); be->14(2); be->hormone(2); be->wrong(2); be->alone(2); it->be(2); what->wrong(2),depression_raccrb,depression
496,204,144,189,0.0092,2.83,0.0529,5,1.08,0.0764,0.8958,0.1584,13,70,61,0.2549,0.3529,i->remember(5); it->be(4); i->be(2); i->sit(2); i->have(2); be->first time(2); it->to anybody(2); they->be(2); something->minute(2); good->it(2),ptsd_iqz4er,ptsd
415,136,117,130,0.0096,2.32,0.0462,2,1.05,0.0171,0.6667,0.2309,23,47,47,0.1691,0.4301,i->be(2); like animal->abuse(2); only freedom->respite(2); into story->my memory(2); into story->sense(2); my memory->sense(2); violent deal psychopath->again raise(1); again raise->i(1); i->come(1); i->realize(1),ptsd_headil,ptsd
328,135,104,121,0.0113,2.6,0.0579,7,1.12,0.0096,0.8654,0.1119,16,46,42,0.2519,0.3852,i->’m(7); i->know(4); i->feel(2); i->’ve help(2); weed->lot(2); right->wrong(2); could be->someone(2); you->need(1); you->could be(1); you->’re(1),depression_qrisr3,depression
926,380,258,349,0.0053,2.95,0.0544,6,1.09,0.0039,0.8798,0.2562,33,110,115,0.2132,0.3395,i->be(6); i->know(5); we->endless amount(5); it->be(3); we->be(3); i->have(2); i->love(2); blind eye->to my simple duty(2); be->more manageable(2); be->fighter(2),depression_r62aht,depression
762,338,210,309,0.007,3.22,0.0615,5,1.09,0.0952,0.9667,0.1767,24,102,84,0.2367,0.3107,i->know(5); i->be(5); i->go(3); i->trap(3); it->be(3); his trauma->to i(3); i->realize(2); i->have(2); i->always feel(2); my friend->in month(2),ptsd_qtmr6i,ptsd
453,180,133,170,0.0097,2.71,0.0412,3,1.06,0.0226,0.8346,0.2223,20,57,56,0.25,0.3694,i->have(3); i->feel(3); i->be(3); i->just feel(2); anti->-(2); anti->depressant(2); -->depressant(2); i->start go therapy ago(1); i->really need(1); i->be long(1),depression_r9y6ka,depression
855,353,229,326,0.0062,3.08,0.0644,4,1.08,0.0175,0.9083,0.2299,17,105,107,0.2068,0.3244,i->do(4); i->be(3); i->feel(3); he->tell(3); tell->i(3); i->experience(2); i->myself(2); i->think(2); i->never have(2); i->one(2),ptsd_j5tcmh,ptsd
508,203,139,191,0.01,2.92,0.0366,5,1.06,0.0504,0.9568,0.2482,10,68,61,0.3054,0.3424,i->be(5); i->feel(3); i->not take(3); i->think(2); i->mean(2); i->do not have(2); in september->her note(2); you->need(1); you->do think(1); you->stop take(1),depression_r4t65s,depression
622,315,179,277,0.0087,3.52,0.0866,6,1.14,0.1844,0.9888,0.2775,22,81,76,0.1714,0.2841,i->be(6); i->be not(4); he->say(4); i->have(3); i->feel(3); i->scream(3); it->be(3); be->numb(3); say->numb(3); i->say(2),ptsd_q6o9xw,ptsd
384,165,110,157,0.0131,3.0,0.051,2,1.05,0.0273,0.9364,0.2526,12,47,51,0.2788,0.3333,i->be(2); i->do right(2); i->have(2); i->m(2); i->rather be(2); i->’m(2); do right->everything(2); rather be->dead(2); this->be not(1); this->might become(1),depression_r7kqqf,depression
343,170,113,158,0.0125,3.01,0.057,5,1.08,0.0088,0.885,0.1681,19,48,46,0.1882,0.3324,i->get(5); i->do(2); i->try(2); i->talk(2); it->be(2); that->before house(2); get->preapproved(2); he->be(2); care->of it(2); venting this->may not be(1),ptsd_nqys9m,ptsd
752,360,217,330,0.007,3.32,0.0667,6,1.09,0.1475,0.9217,0.2381,32,98,87,0.1806,0.3014,i->be(6); i->have(4); after people 's attention->affection(3); busy->unable(3); i->say(2); i->feel(2); be->work(2); after people 's attention->they(2); affection->they(2); my good->after people 's attention(2),depression_qwbjy3,depression
365,161,106,144,0.0129,3.04,0.0556,7,1.12,0.0094,0.8491,0.265,15,40,51,0.2609,0.3292,i->feel(7); i->be(6); i->think(2); i->remember(2); feel->like fake(2); scared->during real rape(2); emotion->during event(2); remember->fear(2); detach emotion->cause(1); i->talk today(1),ptsd_cn9fma,ptsd
342,143,104,132,0.0123,2.75,0.0682,3,1.08,0.0385,0.8846,0.1983,13,51,40,0.3217,0.3636,i->have(3); i->feel(3); i->’m(2); i->hate(2); i->’d(2); i->think(2); i->love(2); hate->myself(2); many issue->like myself(2); i->can not leave(1),depression_rbnm8q,depression
716,322,192,297,0.0081,3.35,0.0539,5,1.08,0.0312,0.9583,0.256,31,85,76,0.1739,0.2981,it->be(5); i->be(4); i->feel(4); i->do(3); it->feel(3); i->miss(2); feel->weird(2); those time->time(2); 22->in couple(2); great->for past month(2),depression_r896t7,depression
307,142,99,128,0.0132,2.87,0.0625,8,1.11,0.0606,0.9192,0.2184,10,42,47,0.2535,0.3486,i->be(8); i->feel(2); i->to psychiatrist(2); i->have(2); be->new(2); my parent->i(2); my parent->to psychiatrist(2); wrong->with i(2); i->soon be(1); i->first diagnose(1),depression_qsz76c,depression
353,154,106,142,0.0128,2.91,0.0493,4,1.08,0.0094,0.9811,0.2146,8,47,51,0.2922,0.3442,i->be(4); i->get(3); i->have(3); this week->last week(3); i->’m not(2); i->’m(2); have->plenty(2); i->’ve have(1); i->just finish fall semester(1); i->’m not joke(1),depression_rgtvm1,depression
1040,519,269,445,0.0062,3.86,0.1011,6,1.17,0.1375,0.9777,0.2599,18,113,138,0.2062,0.2592,i->be(6); i->know(5); i->feel(5); she->want(5); i->have(4); lot->about i(4); give->they(4); i->do(3); she->lot(3); she->about i(3),depression_qyu3io,depression
429,197,126,183,0.0116,3.13,0.0437,5,1.08,0.0079,1.0,0.3144,21,47,58,0.1777,0.3198,i->live(5); i->feel(4); i->be(3); i->have(2); it->be(2); in their car->from my porch(2); some people->some perspective(2); white->this kind(2); i->be some night(1); i->protest(1),ptsd_izyzod,ptsd
350,143,106,135,0.0121,2.7,0.0296,5,1.06,0.0472,0.7925,0.123,14,45,47,0.2308,0.3706,i->be(5); i->feel(3); i->have(2); i->do not remember(2); my therapist->so invalidate today(1); my therapist->tell(1); so invalidate today->i(1); so invalidate today->today(1); i->today(1); i->tw(1),ptsd_ewmv6o,ptsd
1385,675,326,586,0.0055,4.14,0.0819,11,1.15,0.1656,0.9693,0.277,30,150,146,0.2252,0.2415,i->be(11); i->think(10); i->feel(6); it->be(6); i->get(5); i->tell(4); tell->he(4); he->be(4); i->be not(3); i->have(3),ptsd_pzgnjx,ptsd
377,229,108,204,0.0177,4.24,0.0784,5,1.12,0.1574,0.9815,0.3425,16,46,46,0.0917,0.2358,someone->down rabbit hole(5); someone->with their own ptsd(5); down rabbit hole->with their own ptsd(5); with i->someone(2); with i->down rabbit hole(2); with i->with their own ptsd(2); i->be(2); i->’m(2); they->’re(2); hobby->for i(2),ptsd_hg0llg,ptsd
444,204,135,191,0.0106,3.02,0.0576,3,1.07,0.0296,0.9111,0.2477,14,59,62,0.2353,0.3309,i->tell(3); tell->myself(3); i->put(2); i->scroll(2); i->feel(2); i->take(2); i->make(2); put->show(2); scroll->through social medium(2); chicken->for my puppy dinner(2),depression_rl6c7k,depression
799,334,214,308,0.0068,3.12,0.0519,6,1.08,0.0421,0.9065,0.2994,25,89,100,0.2216,0.3204,i->be(6); i->have(6); i->💕(3); have->depression(3); i->go(2); i->feel(2); i->realise(2); i->tell(2); it->be(2); everyone->have(2),depression_rfj7p5,depression
432,203,133,191,0.0109,3.05,0.0628,2,1.06,0.1429,0.9699,0.269,19,60,54,0.1773,0.3276,i->have(2); i->be(2); i->could hear(2); i->say(2); therapist->psychiatrist(2); it->be(2); my turn->by time(2); ask->i(2); with her baby daddy->mess(2); with her baby daddy->every time(2),ptsd_r5yyq1,ptsd
309,136,99,127,0.0131,2.75,0.063,3,1.07,0.0808,0.9596,0.1722,12,50,37,0.3088,0.364,i->have(3); i->can not(2); i->be(2); i->hurt(2); i->love(2); i->know(2); my depression->my sneak suspicion(2); it->’(2); depression->have(1); depression->talk(1),depression_r7rce4,depression
449,192,135,172,0.0095,2.84,0.0465,8,1.12,0.0148,0.9407,0.219,25,55,55,0.1979,0.3516,be not->mine(8); i->feel(4); it->be(4); mine->mine(4); feel->detached(2); i->ignore(2); really shiny->for i(2); what->like any more(2); anyone->feel(1); feel->this(1),depression_qpwn2y,depression
819,375,227,343,0.0067,3.3,0.0554,6,1.09,0.1718,0.8634,0.2989,26,103,98,0.1893,0.3027,i->be(6); he->be(6); it->be(5); i->tell(3); i->say(3); i->know(2); i->have(2); i->wish(2); i->he(2); he->say(2),depression_rbij6h,depression
346,114,88,106,0.0138,2.59,0.066,3,1.08,0.0227,0.9318,0.3053,6,38,44,0.3596,0.386,i->be(3); i->diagnose ago(2); i->deal(2); i->just have(2); i->feel(2); i->not properly diagnose(2); in my alone room->both time(2); i->be apart(1); i->terrify much(1); i->hate admit(1),ptsd_p8ob46,ptsd
308,140,96,136,0.0149,2.92,0.0294,2,1.03,0.0104,1.0,0.2207,14,44,38,0.15,0.3429,i->feel(2); it->be(2); that->to people(2); super embarrassed->disgusting(2); some->vent(1); some->can maybe relate(1); some->so then start go around(1); some->tell(1); can maybe relate->really personal post(1); this->be(1),ptsd_rlrf88,ptsd
540,238,146,215,0.0102,3.26,0.0651,4,1.11,0.2055,0.9521,0.3586,14,78,54,0.2647,0.3067,i->be(4); he->he(4); he->in that way(4); it->be(3); he->i(3); tell not touch->he(3); i->feel(2); i->have(2); i->ask(2); with so much guilt->anxiety(2),ptsd_pknx8n,ptsd
630,374,170,299,0.0104,4.4,0.097,6,1.25,0.1294,0.9647,0.2659,20,72,78,0.0882,0.2273,i->tell(6); i->sexual act(5); i->on he(5); i->from time(5); violence->i(5); violence->sexual act(5); violence->on he(5); violence->from time(5); sexual act->on he(5); sexual act->from time(5),ptsd_dzm8tq,ptsd
661,293,193,268,0.0072,3.04,0.0522,8,1.09,0.0725,0.9275,0.2652,24,86,83,0.1502,0.3294,i->be(8); tell->i(6); it->be(3); i->feel(2); i->help(2); i->without i(2); i->do(2); i->about i(2); i->want(2); i->dumb(2),ptsd_pets75,ptsd
371,183,115,174,0.0133,3.18,0.0517,2,1.05,0.0522,0.9043,0.2606,16,50,49,0.1803,0.3142,i->be(2); i->think(2); i->have(2); it->make(2); around 14->horrible fight(2); completely normal->tbh(2); this->to my psychiatrist(2); very attached->due(2); you->to each other(2); i->m convince(1),ptsd_gdpzxo,ptsd
308,133,94,129,0.0148,2.83,0.031,2,1.03,0.1064,0.8617,0.2796,11,41,42,0.1729,0.3534,i->be(2); way->cope(2); sex->with guy(2); this->to i(2); feel->at house party(1); feel->as way(1); everyone->talk(1); everyone->know(1); i->rap(1); i->pass drunk(1),ptsd_g6ge4i,ptsd
635,318,190,299,0.0083,3.35,0.0535,5,1.06,0.0947,0.9632,0.336,18,83,89,0.1792,0.2987,i->be(5); go->to therapy(2); be->year old(2); i->have(2); i->to my room(2); i->need(2); suicidal bin->for context(2); at table->for hour(2); sport lesson->with teacher(2); sport lesson->same day(2),depression_rmzhny,depression
548,265,157,244,0.01,3.38,0.0738,3,1.09,0.1529,0.9873,0.2665,25,76,56,0.1472,0.2962,i->know(3); i->detail(3); around corner->for next time(3); death->failure(2); i->resign(2); i->do(2); i->around corner(2); i->for next time(2); resign->from post(2); it->be not(2),ptsd_rjzn4k,ptsd
517,219,147,202,0.0094,2.98,0.0644,5,1.08,0.102,0.9728,0.1651,18,72,57,0.1644,0.3356,i->have(5); i->feel(3); i->m(2); that->s(2); he->promise(2); car->hit(2); hit->he(2); we->family(2); always be->family(2); then just get->mean(2),ptsd_qsb9ew,ptsd
423,195,126,175,0.0111,3.1,0.08,5,1.11,0.0317,0.9127,0.2011,17,60,49,0.2462,0.3231,i->feel(5); i->do not understand(3); hard time->remembering(3); do not understand->world(3); i->have(2); i->can not seem understand(2); i->be(2); i->remember(2); world->each other(2); with reasoning->more(2),ptsd_p2a52d,ptsd
550,278,146,242,0.0114,3.81,0.1033,6,1.15,0.0959,0.9521,0.3183,17,65,64,0.1871,0.2626,i->be(6); what->happen(6); happen->to i(5); have->fantasy(2); story->fantasy(2); i->have(2); i->know(2); i->of myself(2); i->feel(2); i->to i(2),ptsd_nxv398,ptsd
385,177,135,169,0.0093,2.62,0.0178,5,1.05,0.0074,0.8667,0.2904,15,57,63,0.2655,0.3814,i->be(5); i->find(3); it->be(3); nsfw->ago take(1); nsfw->i(1); ago take->job(1); ago take->as taxi driver(1); ago take->graveyard shift(1); i->ago take(1); i->so think(1),ptsd_n7u9fd,ptsd
467,219,143,200,0.0098,3.06,0.09,3,1.1,0.042,0.9371,0.2446,17,72,54,0.2283,0.3265,my symptom->for attention(3); to i->yesterday(2); i->have(2); i->be(2); i->my symptom(2); i->for attention(2); i->steal(2); i->’m(2); it->’(2); steal->resource(2),ptsd_o21iux,ptsd
829,433,235,383,0.007,3.69,0.0601,10,1.13,0.017,0.9106,0.3124,20,104,111,0.2425,0.2714,i->be(10); i->feel(10); i->have(5); be->scared(4); super->super sorry(3); so heavy->immobile(3); this->today(3); bothersome->disgusting(3); even more pathetic->bothersome(3); even more pathetic->disgusting(3),ptsd_ri18ph,ptsd
411,174,128,165,0.0102,2.72,0.0485,3,1.05,0.1172,0.875,0.298,17,52,59,0.2126,0.3678,i->feel(3); i->be(2); depression->anxiety(2); depression->ptsd(2); anxiety->ptsd(2); year->make(2); more alone->different(2); suicidal thought->i(2); diagnose->with ptsd(1); diagnose->for year(1),ptsd_flifw4,ptsd
427,168,124,166,0.0109,2.71,0.012,2,1.01,0.0081,0.9032,0.252,17,57,50,0.1845,0.369,i->remember(2); this thing->thing(2); confuse->trauma(1); confuse->anger(1); confuse->for love(1); trauma->anger(1); trauma->for love(1); anger->for love(1); this->alright be(1); this->be not(1),ptsd_ckmt9k,ptsd
1095,407,257,361,0.0055,3.17,0.0803,8,1.13,0.1167,0.8911,0.1815,29,116,112,0.2064,0.3157,i->be(8); he->be(6); i->have(4); i->go(3); i->get(3); i->know(3); it->be(3); she->in middle(3); i->still have(2); i->buy(2),ptsd_iwvgv3,ptsd
926,429,246,392,0.0065,3.49,0.0561,8,1.09,0.1382,0.9675,0.2351,28,98,120,0.1725,0.2867,i->have(8); i->be(6); i->live(4); i->think(4); i->tell(3); i->grow(2); i->do not have(2); i->struggle(2); have->hard time(2); who->be(2),ptsd_r6rgvr,ptsd
432,165,113,153,0.0121,2.92,0.0588,3,1.08,0.0708,0.9381,0.2178,12,53,48,0.2545,0.3424,i->be(3); it->be(3); do->what(3); i->tell(2); i->feel(2); see->therapist(2); my first time->see(2); he->do(2); cute->in my underwear(2); i->feel mention(1),ptsd_jwkehq,ptsd
352,200,106,162,0.0146,3.77,0.1543,6,1.23,0.0943,0.9434,0.1771,13,49,44,0.19,0.265,because your bubbly friendly personality->poor boundary(6); your fault->because your bubbly friendly personality(4); your fault->poor boundary(4); feel->your fault(3); feel->because your bubbly friendly personality(3); feel->poor boundary(3); it->be(3); sexualize->i(3); who->feel(2); be->your fault(2),ptsd_ffwxl0,ptsd
309,192,94,153,0.0175,4.09,0.1242,5,1.25,0.0745,0.9787,0.2686,7,50,37,0.25,0.2448,i->’m(5); thing->people(5); thing->it(5); thing->every time(5); i->hate(3); it->’(3); it->every time(3); people->think(3); people->it(3); people->every time(3),ptsd_offrtf,ptsd
802,334,232,308,0.0057,2.88,0.039,6,1.08,0.0259,0.9224,0.1956,35,91,106,0.1766,0.3473,i->have(6); i->be(6); it->be(4); it->maybe be(4); i->get(3); i->think(3); i->come(2); i->go(2); i->do not really know(2); first mentality->full station(2),depression_r50o7r,depression
380,162,114,150,0.0116,2.84,0.0533,5,1.08,0.0088,0.9123,0.2119,10,53,51,0.2778,0.3519,i->be(5); i->have(3); i->feel(2); i->find(2); have->sex(2); to i->as child(2); memory->what(2); it->come(2); i->sexually abuse(1); i->for past year(1),ptsd_f4tbre,ptsd
412,166,116,157,0.0118,2.86,0.051,3,1.06,0.1379,0.9569,0.228,13,55,48,0.2229,0.3494,she->for her own sake(3); i->m(2); i->love(2); i->m not(2); i->have(2); she->deserve(2); m not->sure(2); have->energy(2); pet->be(1); pet->depression(1),depression_r2o6dl,depression
582,223,170,210,0.0073,2.62,0.0381,5,1.06,0.0176,0.9,0.2087,20,72,78,0.2691,0.3812,i->feel(5); i->be(3); i->’m(3); i->have(2); i->think(2); i->’ve rob(2); i->rob(2); progress->on my mental health(2); take->i(1); i->’m suffocate(1),ptsd_cyynlo,ptsd
431,218,132,195,0.0113,3.3,0.0564,4,1.12,0.0606,0.9394,0.3637,23,45,64,0.1055,0.3028,exercise yoga->meditation(4); exercise yoga->cardio(4); exercise yoga->nutrition(4); meditation->cardio(4); meditation->nutrition(4); cardio->nutrition(4); bullet journaling->other method(2); many symptom->my symptom(2); with normal daily activity->long term ambition(2); i->teach(2),ptsd_mw6m5l,ptsd
586,267,175,254,0.0083,3.05,0.0236,6,1.05,0.0229,0.9371,0.2784,19,78,78,0.2135,0.3277,i->be(6); i->cry(4); in my mom->in arm(3); i->do(2); anything->in world(2); as kid->to cps(2); i->use have(1); i->use not be(1); i->want do(1); i->be end(1),depression_rgs3ve,depression
352,201,100,189,0.0191,4.02,0.0529,3,1.06,0.2,0.95,0.339,9,44,47,0.1493,0.2488,i->apologise(3); only one->that item(3); i->to i(2); i->only one(2); it->be(2); to i->only one(2); to i->that item(2); tear->in my eye(2); work->during holiday(2); blood scar->over my body(2),ptsd_dx76p6,ptsd
365,176,110,167,0.0139,3.2,0.0419,3,1.05,0.0182,0.9,0.2329,10,53,47,0.2614,0.3125,i->feel(3); i->’m(3); i->be(2); i->’m not break(2); i->’(2); break->after therapy(2); horrible->depressed(2); i->always feel(1); i->break(1); i->get ago(1),ptsd_pzpcoy,ptsd
645,318,156,274,0.0113,4.08,0.1095,7,1.16,0.2692,1.0,0.2193,13,78,65,0.1761,0.2453,i->say(7); it->be(5); that->be(5); they->be(4); i->hat(3); tell->i(2); i->be(2); i->know(2); i->feel(2); i->love(2),ptsd_dghe81,ptsd
369,178,112,165,0.0133,3.18,0.0727,3,1.08,0.0714,0.8929,0.2722,19,43,50,0.1348,0.3146,no remorse->intense night terror(3); i->be(2); i->experience(2); be->unfair(2); it->be(2); some advice->i(2); give->i(2); angry->suicidal(2); unbelieveably vile->no remorse(2); unbelieveably vile->intense night terror(2),ptsd_cmhm2i,ptsd
351,132,96,124,0.0136,2.75,0.0484,3,1.06,0.0104,0.9792,0.1838,11,45,40,0.2273,0.3636,be->able(3); tell->i(3); my friend->be(2); i->struggle(2); i->hate(2); i->ask(2); it->be(1); it->be long(1); be->like jester(1); be->fellow jester(1),depression_qqllvy,depression
463,199,124,186,0.0122,3.21,0.0645,3,1.07,0.0242,0.9597,0.3024,16,50,58,0.1859,0.3116,i->do(3); i->be not(2); i->be(2); do->that(2); myself->friend(2); excuse->myself(2); excuse->friend(2); way->seriously wrong something(2); more numerous->more serious(2); right thing->empathetic(2),depression_rdihyq,depression
387,186,114,164,0.0127,3.26,0.1037,4,1.13,0.1404,0.9474,0.2386,13,49,52,0.2258,0.3065,i->have(4); i->be(4); i->guess(3); i->think(2); i->in everyday life(2); i->be today(2); i->like this(2); it->’(2); it->depersonalization(2); wrong something->with i(2),depression_r1ufk6,depression
795,345,189,307,0.0086,3.65,0.0717,7,1.12,0.0476,0.9894,0.243,24,91,74,0.229,0.2739,i->be(7); it->be(7); i->have(5); i->feel(3); i->remember(3); name->rosy(3); i->what(2); i->think(2); i->realize(2); i->know(2),ptsd_daf34j,ptsd
315,143,107,135,0.0119,2.67,0.037,4,1.06,0.1495,0.9439,0.2189,13,50,44,0.3007,0.3741,i->have(4); i->live(3); i->be(2); i->can not afford(2); it->’(2); something->have give(1); covid->start(1); i->have move multiple time(1); i->now live bc(1); i->’ve be now(1),depression_r8zbye,depression
654,295,190,281,0.0078,3.11,0.0356,5,1.05,0.1158,0.9526,0.2417,18,83,89,0.1661,0.322,i->be(5); it->be(3); be->ptsd(2); i->take(2); i->feel(2); i->know(2); she->have(2); she->to point(2); anyone->in mind(2); affair->before last night(2),ptsd_cpp7wx,ptsd
311,125,97,116,0.0125,2.58,0.0603,4,1.08,0.0103,0.8144,0.262,12,44,41,0.256,0.388,i->feel(4); i->get(2); feel->like adequate human being(2); be->highly unathletic(2); in what->in middle school(2); in what->high school(2); in middle school->high school(2); i->always have(1); i->be(1); i->take run(1),depression_rhmbgi,depression
387,163,118,151,0.0109,2.76,0.0596,3,1.08,0.0508,0.8136,0.1612,19,54,45,0.2209,0.362,i->feel(3); to i->about ptsd side(3); it->make(3); i->be(2); i->have(2); she->to i(2); she->about ptsd side(2); it->feel(2); uncomfortable->about my past(2); i->question(1),ptsd_cbwyez,ptsd
516,261,162,243,0.0093,3.22,0.0453,5,1.07,0.0062,0.9012,0.2835,22,66,74,0.2146,0.3103,i->think(5); i->be(4); i->have(3); bath->for myself(3); i->know(2); in bed->for few somehow unable hour(2); in bed->this morning(2); for few somehow unable hour->this morning(2); kind of exhausted->overwhelmed(2); kind->to myself(2),depression_r4typq,depression
649,329,162,278,0.0107,4.06,0.0863,8,1.18,0.0185,0.9259,0.3207,20,59,83,0.1489,0.2462,i->be(8); in mid->in -(5); i->feel(4); covid->in mid(4); covid->in -(4); covid->in february(4); in mid->in february(4); in -->in february(4); any substance->covid(3); any substance->in mid(3),depression_r7phgf,depression
306,137,100,129,0.013,2.74,0.0465,3,1.06,0.03,0.76,0.2739,14,42,44,0.219,0.365,i->be(3); credit card->during that time(3); i->take(2); never have->credit card(2); loan->i(2); stupid->desperate(2); give->shot(1); give->it(1); give->loan(1); give->i(1),depression_rkgdku,depression
350,159,109,148,0.0126,2.92,0.0473,6,1.07,0.0642,0.9266,0.342,13,45,51,0.1887,0.3428,i->be(6); i->live(2); i->know(2); i->avoid(2); she->slam(2); at i->for most ridiculous thing(2); simply annoying->manageable(2); this ptsd->be(1); this ptsd->tw(1); be->20(1),ptsd_oueevd,ptsd
337,157,105,140,0.0128,2.99,0.0643,7,1.12,0.0476,0.8952,0.188,17,42,46,0.1847,0.3344,i->be(7); he->be(5); i->have(2); i->do not talk anymore(2); i->stay(2); remind->i(2); around my molester->sister(2); around my molester->during my teen(2); sister->during my teen(2); who->be now(1),ptsd_li4jqg,ptsd
515,245,159,229,0.0091,3.08,0.0524,4,1.07,0.0189,0.9748,0.2443,16,77,66,0.1388,0.3245,he->s(4); he->have(3); he->say(3); i->m not(2); i->be(2); like what->%(2); he->tell(2); he->get(2); tell->story(2); say->it(2),ptsd_e8kwxx,ptsd
443,212,123,192,0.0128,3.45,0.0885,5,1.1,0.0569,0.9756,0.3302,15,49,59,0.1745,0.2901,i->’m(5); i->do not know(2); i->do not understand(2); they->will not help(2); word trauma->in my direction(2); -->in psych ward(2); -->for suicidal ideation(2); -->worsen depression(2); -->eat disorder(2); in psych ward->for suicidal ideation(2),ptsd_qg5b5p,ptsd
362,170,118,159,0.0115,2.88,0.044,4,1.07,0.0169,0.8814,0.2719,21,49,48,0.1882,0.3471,i->have(4); i->be(3); after many event->depression(3); i->love(2); coincidence->after many event(2); coincidence->depression(2); have->depression(2); i->promise(1); i->just turn(1); i->decide(1),depression_rmnfrf,depression
331,164,94,152,0.0174,3.49,0.0724,3,1.08,0.1064,0.9787,0.2369,7,57,30,0.1524,0.2866,because whatever dress->this time(3); i->panic(2); i->one(2); he->want(2); he->do(2); he->get(2); want->what(2); keep drag back purposefully trigger->i(2); his hand->on my neck(2); his hand->in choke type(2),ptsd_lacl3n,ptsd
335,160,108,147,0.0127,2.96,0.0612,4,1.09,0.0556,0.8796,0.2348,15,50,43,0.1812,0.3375,he->say(4); i->be(3); he->be(3); it->during outburst(2); be->sorry(2); he->run(2); he->cry(2); you->angry(2); run->at i(2); vent->yell(1),ptsd_hf9d6a,ptsd
354,171,101,156,0.0154,3.39,0.0641,4,1.1,0.0198,0.9604,0.1607,14,45,42,0.2398,0.2953,i->think(4); i->know(4); i->guess(3); i->have pay(2); i->’m(2); i->have(2); i->be(2); be->accident(2); everyone->have(2); terrible person->person(2),depression_r6cvsg,depression
313,3294,113,672,0.0531,58.3,0.497,20,4.9,0.3451,0.7434,0.4247,14,43,56,0.0121,0.0172,on multiple anti->on -(20); on multiple anti->on depressant(20); on -->on depressant(20); off depressant->on depressant(20); off anti->off -(19); off anti->off depressant(19); off anti->on multiple anti(19); off anti->on -(19); off anti->on depressant(19); off -->off depressant(19),depression_r4oujn,depression
365,148,98,137,0.0144,3.02,0.0584,4,1.08,0.1327,0.898,0.193,9,46,43,0.1824,0.3311,i->’m(4); he->be(3); i->sexually assault(2); ’m->scared(2); he->get(2); sad->deeply depressed(2); she->know(2); needy->something(2); i->bring(1); i->scared(1),ptsd_nr6y22,ptsd
507,261,161,242,0.0094,3.24,0.0579,4,1.08,0.0621,0.913,0.266,21,70,70,0.1609,0.3084,i->be(4); she->be(4); she->to psych ward(3); i->think(2); i->punch(2); i->guess(2); be->in crisis(2); my wife->i(2); have->ptsd(2); commit->suicide(2),ptsd_o7yfxh,ptsd
342,157,111,144,0.0118,2.83,0.0903,2,1.09,0.009,0.8919,0.2064,14,47,50,0.1465,0.3535,you->be(2); be->extremely low income(2); be->fund therapy(2); be->in my area(2); i->have(2); i->be(2); it->be(2); extremely low income->fund therapy(2); extremely low income->in my area(2); fund therapy->in my area(2),ptsd_obc5jb,ptsd
547,289,147,240,0.0112,3.93,0.15,5,1.2,0.1701,1.0,0.2357,17,69,61,0.1522,0.2543,i->feel(5); so betray->guilty(4); they->be(4); be->creepy(4); i->report(3); i->be(3); report->they(3); they->like(3); i->go(2); i->could tell(2),ptsd_fcw5pp,ptsd
363,146,99,127,0.0131,2.95,0.0866,9,1.15,0.0202,0.9091,0.2039,13,42,44,0.274,0.339,i->be(9); i->have(3); i->know(2); be->scared(2); night terror->flash back(2); night terror->panic attack(2); night terror->general fear(2); flash back->panic attack(2); flash back->general fear(2); panic attack->general fear(2),ptsd_f8ixjo,ptsd
562,237,160,224,0.0088,2.96,0.0491,3,1.06,0.05,0.9,0.1902,23,64,73,0.173,0.3376,it->be(3); my sleeping medication->for melatonin(3); i->have(2); i->be through(2); i->talk(2); i->think(2); i->tell(2); c ptsd->from plethora(2); keep get->less(2); tell->she(2),ptsd_lo8lms,ptsd
335,143,96,120,0.0132,2.98,0.0917,8,1.19,0.0104,0.875,0.2176,12,40,44,0.3147,0.3357,i->have(8); i->be(7); be->tired(3); i->now be(2); i->feel(2); be->in hospital(2); feel->year(2); have->no one(2); year->year(2); do not remember->year(2),depression_rlp71y,depression
779,369,194,333,0.0089,3.8,0.0751,6,1.11,0.2216,0.9794,0.2384,16,93,85,0.2222,0.2629,i->be(6); i->have(5); i->feel(3); check->to her realtor(3); to somebody->on phone(3); school->because this deep depression(3); i->think(2); i->hear(2); i->not just be(2); i->can not get(2),depression_r7zxbb,depression
334,129,90,116,0.0145,2.87,0.1034,3,1.11,0.0667,0.8778,0.2014,11,43,36,0.155,0.3488,she->say(3); i->ever meet(2); i->have(2); incredibly intimate night->till 7(2); incredibly intimate night->till am(2); till 7->till am(2); she->still talk(2); she->more(2); have->lot(2); with ptsd->at very young age(2),ptsd_d3knbg,ptsd
744,363,198,317,0.0081,3.67,0.0599,10,1.15,0.1515,0.9545,0.2103,11,110,77,0.303,0.2727,i->’m(10); ’m->sorry(8); i->know(7); i->be(6); i->wish(5); thing->with she(3); i->have(2); i->tell(2); i->think(2); i->could tell(2),depression_qtdfdz,depression
635,330,188,305,0.0087,3.51,0.0557,5,1.08,0.0745,0.9787,0.288,24,81,83,0.2,0.2848,at wall->anything(5); i->’m(4); i->be(3); i->feel(3); what->with myself(3); i->have(2); i->my family(2); i->anything(2); i->rest(2); i->do(2),depression_r5vbrk,depression
419,185,133,180,0.0103,2.78,0.0278,2,1.03,0.015,0.8872,0.2518,22,55,56,0.1946,0.3595,i->have(2); i->’m(2); my play trick->on i(2); any delusion->radical belief(2); too aware->articulate(2); childhood trauma->can cause(1); can cause->psychosis(1); just wonder->similar anything(1); anyone->experience(1); anyone->ever have(1),ptsd_dumb5e,ptsd
330,175,114,168,0.013,3.07,0.0357,3,1.04,0.0175,0.9211,0.3478,11,46,57,0.2057,0.3257,i->be(3); severe trust abandonment issue->since childhood(2); we->be(2); that->to other girl(2); that->ex(2); to other girl->ex(2); ptsd->make(1); make->i(1); make->severe trust abandonment issue(1); make->since childhood(1),ptsd_q5frgh,ptsd
452,203,128,169,0.0104,3.17,0.1243,7,1.2,0.0156,0.8984,0.1687,15,60,53,0.2956,0.3153,i->year old(7); i->be(5); i->know(4); i->live(3); i->i(3); love->i(3); i->do not think(2); i->get(2); i->do(2); i->wish(2),depression_qq7fad,depression
394,138,94,121,0.0138,2.94,0.0992,7,1.14,0.0319,0.7766,0.2471,19,36,39,0.2391,0.3406,i->be(7); i->feel(2); i->have(2); i->hate(2); question->something(2); something->anything(2); something->pandemic isolation(2); something->at this moment(2); anything->pandemic isolation(2); anything->at this moment(2),ptsd_lopbpa,ptsd
442,177,125,162,0.0105,2.83,0.0741,4,1.09,0.032,0.84,0.2344,16,59,50,0.2429,0.3531,i->be(4); i->be not(3); i->find(2); i->think(2); crazy->for this trauma(2); thing->in my mind(2); they->anyone(2); that->be(2); be->really interested(2); it->be(2),ptsd_g82fl5,ptsd
412,176,114,140,0.0109,3.09,0.1214,7,1.26,0.0614,0.8509,0.1263,18,52,44,0.1534,0.3239,nobody->care(7); i->’m(5); it->’(5); ’->my fault(5); who->have(5); i->never get(3); never get->answer(3); i->cry(2); nobody->want be(2); nobody->give(2),ptsd_ee0aqe,ptsd
304,124,86,115,0.0157,2.88,0.0522,4,1.08,0.0581,0.8372,0.2347,15,39,32,0.2258,0.3468,i->feel(4); it->in sense(3); i->have(2); i->disclose(2); feel->guilty(2); guilty->sick(2); tw->report(1); tw->move away(1); tw->abuse i(1); tw->study abroad(1),ptsd_ct3j28,ptsd
380,218,97,179,0.0192,4.49,0.1173,7,1.22,0.2887,1.0,0.2792,9,48,40,0.1514,0.2225,tell->i(7); she->tell(5); i->have(4); i->be(4); i->my phone(4); i->i(3); i->on this(3); she->do not understand(3); my phone->for while(3); i->m(2),depression_rilb8p,depression
715,332,202,306,0.0075,3.29,0.0752,4,1.08,0.1139,0.9653,0.2668,18,94,90,0.1867,0.3042,i->be(4); i->get(3); i->have(2); i->’m(2); i->make(2); i->by my name(2); i->by my dead name(2); i->for no reason(2); i->rap(2); i->do(2),ptsd_i45kfk,ptsd
1216,593,337,518,0.0046,3.52,0.0849,22,1.14,0.0415,0.9199,0.2487,44,132,161,0.1754,0.2841,i->be(22); i->have(4); i->feel(4); i->do(3); i->be not(3); i->make(3); he->be(3); haircut->piercing(3); haircut->tattoo(3); piercing->tattoo(3),ptsd_cuwgda,ptsd
1246,621,307,545,0.0058,4.05,0.0936,10,1.14,0.3029,0.9739,0.2438,36,154,117,0.1385,0.2472,i->be(10); he->be(6); my mom->i(6); i->have(3); it->be(3); be->abusive asshole(3); he->do(3); say->it(3); who->session(3); who->in month(3),ptsd_ihzsc0,ptsd
354,133,100,127,0.0128,2.66,0.0315,3,1.05,0.05,0.82,0.2179,16,40,44,0.1654,0.3759,i->be(3); it->be(3); i->look back(2); it->’(2); event->traumatize(1); event->do not traumatize(1); traumatize->i(1); i->’m not(1); i->not single(1); i->not be(1),ptsd_gbe2lb,ptsd
594,256,187,241,0.0069,2.74,0.029,8,1.06,0.0481,0.8824,0.2326,27,76,84,0.207,0.3652,i->be(8); it->be(3); what experience->with this(3); i->know(2); i->be not(2); i->freak(2); around my house->like ghost(2); i->really need(1); i->guy need today(1); i->so work(1),ptsd_g7h8qc,ptsd
1684,756,428,693,0.0038,3.53,0.0577,8,1.09,0.1822,0.9883,0.2394,32,214,182,0.2077,0.2831,this->be(8); he->know(5); i->’m(4); i->have(4); i->be(4); i->believe(3); i->ask(3); i->feel(3); i->accept(3); i->know(3),ptsd_e4qghg,ptsd
350,286,117,222,0.0164,4.89,0.2207,6,1.29,0.188,0.9658,0.3293,20,49,48,0.1049,0.2045,it->be(6); i->be(4); i->know(4); down their chin->i(4); as fine->in my psyche(3); you->as fine(3); you->in my psyche(3); violent island->down their chin(3); violent island->i(3); be->only one(2),depression_qsjysl,depression
1122,576,311,517,0.0054,3.7,0.0774,5,1.11,0.0096,0.9743,0.273,22,145,144,0.2378,0.27,i->feel(5); i->be(4); i->love(4); love->my job(4); my family->my job(4); i->’m(3); i->can do(3); i->get(3); i->eat(3); love->my family(3),depression_rlyke7,depression
482,204,148,199,0.0091,2.76,0.0251,2,1.03,0.0811,0.9324,0.1847,17,70,61,0.1863,0.3627,i->say(2); i->’m have(2); it->past 21(2); it->be(2); good chance->they(2); my current battle->read(1); my current battle->here ’(1); my current battle->nsfw trigger(1); read->stickie(1); here ’->stickie(1),ptsd_ghfd1j,ptsd
783,409,219,365,0.0076,3.74,0.0904,6,1.12,0.2831,0.895,0.2495,31,96,92,0.1711,0.2677,it->be(6); i->be(6); i->feel(3); i->have(3); at unexpected noise->people(3); it->through day(2); i->make(2); i->of my ptsd(2); i->do not know do(2); he->tell(2),ptsd_df80va,ptsd
374,180,104,161,0.015,3.46,0.087,4,1.12,0.1154,0.9808,0.2537,11,54,39,0.2278,0.2889,i->defend(4); what->happen(4); i->know(3); safe->happy(2); i->think(2); i->those year(2); i->be(2); i->never do(2); i->explain(2); you->will never be(2),ptsd_lkvigj,ptsd
