slug,title,subreddit,author,date,score,word_count,url
depression_qx4l5j,Coping with the anger of my diagnosis,depression,TA20189,2021-11-19T01:11:26.000Z,1,343,https://www.reddit.com/r/depression/comments/qx4l5j/coping_with_the_anger_of_my_diagnosis/
depression_qrczko,Strong desire to be alone,depression,babskek,2021-11-11T04:37:53.000Z,1,389,https://www.reddit.com/r/depression/comments/qrczko/strong_desire_to_be_alone/
ptsd_nlgucy,PTSD and newfound racial bias in one's self,ptsd,Asmer9,2021-05-26T13:18:45.000Z,14,971,https://www.reddit.com/r/ptsd/comments/nlgucy/ptsd_and_newfound_racial_bias_in_ones_self/
depression_rj12pb,I don't know what the fuck to do,depression,Confident-Nature444,2021-12-18T06:11:49.000Z,7,316,https://www.reddit.com/r/depression/comments/rj12pb/i_dont_know_what_the_fuck_to_do/
ptsd_gdh7p9,Feeling hopeless.,ptsd,random3849,2020-05-04T18:33:36.000Z,3,760,https://www.reddit.com/r/ptsd/comments/gdh7p9/feeling_hopeless/
ptsd_icl4jh,PTSD with auditory flashbacks. Still being abused physically n mentally by parents who misguide n dismiss psychiatrists if they don't comply. Pls advise me.,ptsd,[deleted],2020-08-19T10:28:41.000Z,3,512,https://www.reddit.com/r/ptsd/comments/icl4jh/ptsd_with_auditory_flashbacks_still_being_abused/
ptsd_q10apl,Partner experiencing pain = cptsd trigger?,ptsd,RisingRye,2021-10-04T06:58:04.000Z,4,699,https://www.reddit.com/r/ptsd/comments/q10apl/partner_experiencing_pain_cptsd_trigger/
depression_riw4si,Insecurities/Life.,depression,CalligrapherIcy2581,2021-12-18T01:31:10.000Z,1,369,https://www.reddit.com/r/depression/comments/riw4si/insecuritieslife/
depression_r42kf5,A realisation about depression,depression,0nemorelight,2021-11-28T11:44:17.000Z,14,558,https://www.reddit.com/r/depression/comments/r42kf5/a_realisation_about_depression/
depression_qwbg6l,"It's been a couple of years since I stopped abusing every kind of thing, but I've got no improvement",depression,Iacu_Ane,2021-11-17T23:06:01.000Z,5,819,https://www.reddit.com/r/depression/comments/qwbg6l/its_been_a_couple_of_years_since_i_stopped/
depression_r2trby,I would literally kill myself just to spite my family.,depression,far_destinations,2021-11-26T18:35:40.000Z,5,321,https://www.reddit.com/r/depression/comments/r2trby/i_would_literally_kill_myself_just_to_spite_my/
ptsd_jgq9dg,was this really bad or is this hypervigilance from past trauma?,ptsd,No-Coat2131,2020-10-23T16:19:02.000Z,2,418,https://www.reddit.com/r/ptsd/comments/jgq9dg/was_this_really_bad_or_is_this_hypervigilance/
ptsd_ornd6o,My puppy triggers my ptsd,ptsd,MontyCristo21,2021-07-26T00:12:17.000Z,3,452,https://www.reddit.com/r/ptsd/comments/ornd6o/my_puppy_triggers_my_ptsd/
ptsd_qlj4um,Sitting with It,ptsd,Head_Remote5328,2021-11-03T01:06:05.000Z,3,316,https://www.reddit.com/r/ptsd/comments/qlj4um/sitting_with_it/
ptsd_oj31ml,Just one more little sad thing on top of all the big sad things. Needing support today.,ptsd,PhDwhaaaaa,2021-07-12T23:18:42.000Z,20,354,https://www.reddit.com/r/ptsd/comments/oj31ml/just_one_more_little_sad_thing_on_top_of_all_the/
ptsd_ql47jq,How does PTSD affect your relationships?,ptsd,redditlurker564,2021-11-02T13:28:27.000Z,6,392,https://www.reddit.com/r/ptsd/comments/ql47jq/how_does_ptsd_affect_your_relationships/
ptsd_oax5ns,sexual abuse but not in the way you think,ptsd,ouranos0797,2021-06-30T13:17:52.000Z,6,486,https://www.reddit.com/r/ptsd/comments/oax5ns/sexual_abuse_but_not_in_the_way_you_think/
depression_rml348,Wish I could Disappear For A While,depression,A_Flying_ducki,2021-12-23T02:22:08.000Z,3,1029,https://www.reddit.com/r/depression/comments/rml348/wish_i_could_disappear_for_a_while/
ptsd_iageho,Vent-ish/ talks about death,ptsd,bonerfart101,2020-08-15T22:01:00.000Z,2,370,https://www.reddit.com/r/ptsd/comments/iageho/ventish_talks_about_death/
ptsd_ju2li9,"i think something happened to me as a child, but i cannot remember?",ptsd,kachina137908,2020-11-14T14:18:06.000Z,98,328,https://www.reddit.com/r/ptsd/comments/ju2li9/i_think_something_happened_to_me_as_a_child_but_i/
ptsd_irkq78,I did well this week!,ptsd,HopefulLesbian,2020-09-12T21:02:37.000Z,9,386,https://www.reddit.com/r/ptsd/comments/irkq78/i_did_well_this_week/
ptsd_djpez8,New to this community.,ptsd,selfabyssal,2019-10-18T15:50:58.000Z,6,478,https://www.reddit.com/r/ptsd/comments/djpez8/new_to_this_community/
depression_rggdzg,It only takes one person to tell you the truth…,depression,bullseyethewomprat,2021-12-14T20:23:42.000Z,2,312,https://www.reddit.com/r/depression/comments/rggdzg/it_only_takes_one_person_to_tell_you_the_truth/
depression_rjs8vr,Please help me.,depression,Grimace_13,2021-12-19T08:11:10.000Z,1,572,https://www.reddit.com/r/depression/comments/rjs8vr/please_help_me/
depression_qvvj7r,How do I help people understand I don't need anything?,depression,[deleted],2021-11-17T09:27:18.000Z,6,384,https://www.reddit.com/r/depression/comments/qvvj7r/how_do_i_help_people_understand_i_dont_need/
ptsd_n7vp2s,My weird ptsd,ptsd,Panzerwaffe_kid,2021-05-08T18:45:29.000Z,1,318,https://www.reddit.com/r/ptsd/comments/n7vp2s/my_weird_ptsd/
ptsd_h98wf0,Please read and give me advice on what to do,ptsd,WhichWind4,2020-06-15T04:27:02.000Z,2,771,https://www.reddit.com/r/ptsd/comments/h98wf0/please_read_and_give_me_advice_on_what_to_do/
ptsd_hdw7eb,I (21F) don’t know if I have a right to be traumatized by this. I feel like I’m just reading into the situation too much.,ptsd,throwaway0706199,2020-06-22T17:04:31.000Z,4,703,https://www.reddit.com/r/ptsd/comments/hdw7eb/i_21f_dont_know_if_i_have_a_right_to_be/
ptsd_phxhvn,Sexual trauma. Looking for support from other survivors,ptsd,[deleted],2021-09-04T19:01:09.000Z,33,313,https://www.reddit.com/r/ptsd/comments/phxhvn/sexual_trauma_looking_for_support_from_other/
depression_rhchdf,There isn't a word for this feeling,depression,IronnnSpiderr,2021-12-15T23:25:13.000Z,1,319,https://www.reddit.com/r/depression/comments/rhchdf/there_isnt_a_word_for_this_feeling/
depression_qvp497,I’m just so tired of pretending…,depression,No_Paramedic_7353,2021-11-17T02:48:58.000Z,1,357,https://www.reddit.com/r/depression/comments/qvp497/im_just_so_tired_of_pretending/
depression_rmq0vv,I'm planning,depression,NW_Ecophilosopher,2021-12-23T07:18:26.000Z,1,323,https://www.reddit.com/r/depression/comments/rmq0vv/im_planning/
ptsd_pb282e,I feel like I can't get support anywhere,ptsd,GG-92,2021-08-25T02:38:42.000Z,6,407,https://www.reddit.com/r/ptsd/comments/pb282e/i_feel_like_i_cant_get_support_anywhere/
depression_rd8s5n,"Life gets better, but the bad shit doesn’t just stop happening",depression,Memesaretheorems,2021-12-10T13:34:49.000Z,1,452,https://www.reddit.com/r/depression/comments/rd8s5n/life_gets_better_but_the_bad_shit_doesnt_just/
depression_r4k4vy,It’s hard.,depression,Lol_im_not_straight,2021-11-29T01:39:43.000Z,1,386,https://www.reddit.com/r/depression/comments/r4k4vy/its_hard/
depression_qth85v,"My “self-diagnosed” Depression, and just the downward spiral… ~vent~(sorry it’s long…)",depression,LilBluHood,2021-11-14T03:42:11.000Z,5,860,https://www.reddit.com/r/depression/comments/qth85v/my_selfdiagnosed_depression_and_just_the_downward/
depression_rd3o9e,Maladaptive daydreaming,depression,Mpule16,2021-12-10T07:57:53.000Z,7,452,https://www.reddit.com/r/depression/comments/rd3o9e/maladaptive_daydreaming/
depression_qubzbt,Dysthymia Vs Marriage,depression,Fast-Abbreviations33,2021-11-15T08:43:04.000Z,1,423,https://www.reddit.com/r/depression/comments/qubzbt/dysthymia_vs_marriage/
ptsd_lacedm,I feel like a burden and that it is unfair for others to love me.,ptsd,SnooCrickets5565,2021-02-01T19:56:22.000Z,23,520,https://www.reddit.com/r/ptsd/comments/lacedm/i_feel_like_a_burden_and_that_it_is_unfair_for/
depression_rdeqjw,I wrote this for a story contest at my school,depression,SDDKun,2021-12-10T18:12:06.000Z,7,887,https://www.reddit.com/r/depression/comments/rdeqjw/i_wrote_this_for_a_story_contest_at_my_school/
ptsd_gwtwf7,I feel so guilty for not changing sooner,ptsd,not_a_milk_drinker,2020-06-05T00:24:52.000Z,4,987,https://www.reddit.com/r/ptsd/comments/gwtwf7/i_feel_so_guilty_for_not_changing_sooner/
depression_r3z5gp,"Just, I want to express everything that's in this stupid head.",depression,ZoeNeveu,2021-11-28T07:55:04.000Z,2,1832,https://www.reddit.com/r/depression/comments/r3z5gp/just_i_want_to_express_everything_thats_in_this/
ptsd_fpeff2,Is What I'm Experiencing PTSD + Rant because I have no one to talk to,ptsd,lifesucksendme,2020-03-26T16:24:03.000Z,5,370,https://www.reddit.com/r/ptsd/comments/fpeff2/is_what_im_experiencing_ptsd_rant_because_i_have/
depression_rmobib,aftermath of suicide a year later,depression,ilikepizzaaaa,2021-12-23T05:35:19.000Z,15,400,https://www.reddit.com/r/depression/comments/rmobib/aftermath_of_suicide_a_year_later/
depression_rdfedj,No Ambition and Single,depression,ginger_jezus1234,2021-12-10T18:41:56.000Z,1,319,https://www.reddit.com/r/depression/comments/rdfedj/no_ambition_and_single/
ptsd_eisrh1,Police caused my PTSD,ptsd,Anomaly-on-Earth,2020-01-02T03:42:24.000Z,6,962,https://www.reddit.com/r/ptsd/comments/eisrh1/police_caused_my_ptsd/
depression_r87q9e,I can’t live like this anymore.,depression,WolvenWonderBeast,2021-12-03T20:01:15.000Z,7,462,https://www.reddit.com/r/depression/comments/r87q9e/i_cant_live_like_this_anymore/
depression_raqsjs,What's the point?,depression,jvof13,2021-12-07T04:35:46.000Z,1,402,https://www.reddit.com/r/depression/comments/raqsjs/whats_the_point/
ptsd_falobf,Is this PTSD?,ptsd,Enigmus222,2020-02-28T00:09:58.000Z,1,307,https://www.reddit.com/r/ptsd/comments/falobf/is_this_ptsd/
depression_qu9ww9,Why have I never been in a relationship?,depression,YungSakahagi,2021-11-15T06:22:29.000Z,1,1035,https://www.reddit.com/r/depression/comments/qu9ww9/why_have_i_never_been_in_a_relationship/
depression_r8r84b,im tired. i feel held hostage.,depression,Admirable_Peak71,2021-12-04T14:51:53.000Z,1,340,https://www.reddit.com/r/depression/comments/r8r84b/im_tired_i_feel_held_hostage/
ptsd_cekr0l,Need to ask some questions,ptsd,elasticheart1388,2019-07-17T23:41:54.000Z,3,648,https://www.reddit.com/r/ptsd/comments/cekr0l/need_to_ask_some_questions/
ptsd_hydhht,It’s affecting my work AND home life. Great.,ptsd,macalla-macalla,2020-07-26T19:52:04.000Z,1,406,https://www.reddit.com/r/ptsd/comments/hydhht/its_affecting_my_work_and_home_life_great/
depression_qrgot8,sometimes i feel like i'm meant to be alone,depression,velvorm,2021-11-11T08:28:35.000Z,7,323,https://www.reddit.com/r/depression/comments/qrgot8/sometimes_i_feel_like_im_meant_to_be_alone/
ptsd_i0rujo,"Not getting the correct treatment, but too much anxiety to tell psychiatrist and therapist about it.",ptsd,ringerdinger0293,2020-07-30T18:56:28.000Z,2,606,https://www.reddit.com/r/ptsd/comments/i0rujo/not_getting_the_correct_treatment_but_too_much/
depression_qovcak,Been feeling like such a failure these last couple months,depression,AverageJames,2021-11-07T19:04:52.000Z,3,402,https://www.reddit.com/r/depression/comments/qovcak/been_feeling_like_such_a_failure_these_last/
depression_re4tfo,Getting dealt a shit hand in life (23M),depression,Sidereels,2021-12-11T17:46:55.000Z,6,502,https://www.reddit.com/r/depression/comments/re4tfo/getting_dealt_a_shit_hand_in_life_23m/
ptsd_n164mg,I have PTSD from a sexual assault. Boyfriend is making is clear he wants to be more physical. Need advice,ptsd,JuliePBJ,2021-04-29T14:54:41.000Z,85,332,https://www.reddit.com/r/ptsd/comments/n164mg/i_have_ptsd_from_a_sexual_assault_boyfriend_is/
ptsd_j0ae4n,Drained and afraid (TW: Loss of a child),ptsd,Tarrybelle,2020-09-26T17:42:53.000Z,2,313,https://www.reddit.com/r/ptsd/comments/j0ae4n/drained_and_afraid_tw_loss_of_a_child/
ptsd_r1clkv,How do I (22m) tell my parent that they are the problem and its not an attitude or whatever the fuck,ptsd,OllieCad,2021-11-24T19:06:27.000Z,4,381,https://www.reddit.com/r/ptsd/comments/r1clkv/how_do_i_22m_tell_my_parent_that_they_are_the/
depression_r4ungi,I would have absolutely no hesitation about killing myself if it only took a year or two of my life,depression,Afroduck-Almighty,2021-11-29T12:20:08.000Z,7,1275,https://www.reddit.com/r/depression/comments/r4ungi/i_would_have_absolutely_no_hesitation_about/
ptsd_f7o0m6,"I'm in law enforcment and wonder if I have PTSD, or at least some symptoms.",ptsd,Azks,2020-02-22T05:10:08.000Z,33,350,https://www.reddit.com/r/ptsd/comments/f7o0m6/im_in_law_enforcment_and_wonder_if_i_have_ptsd_or/
ptsd_oii6v1,Been a rough few weeks for me,ptsd,problematic_ferret,2021-07-12T02:33:01.000Z,3,702,https://www.reddit.com/r/ptsd/comments/oii6v1/been_a_rough_few_weeks_for_me/
depression_qutwfu,Ion even know,depression,michigewuz,2021-11-15T23:46:27.000Z,1,552,https://www.reddit.com/r/depression/comments/qutwfu/ion_even_know/
ptsd_ljxy0l,Craving to run away/be alone,ptsd,-civic,2021-02-14T21:34:13.000Z,12,700,https://www.reddit.com/r/ptsd/comments/ljxy0l/craving_to_run_awaybe_alone/
depression_rlumxo,"I don‘t know how to explain this, but…",depression,GuenterMann,2021-12-22T02:24:56.000Z,3,492,https://www.reddit.com/r/depression/comments/rlumxo/i_dont_know_how_to_explain_this_but/
ptsd_q0i5kv,I HAD AN EXORCISM DONE TO ME WHEN I WAS 8,ptsd,riddimgirl419,2021-10-03T13:52:09.000Z,153,321,https://www.reddit.com/r/ptsd/comments/q0i5kv/i_had_an_exorcism_done_to_me_when_i_was_8/
depression_rk5of3,I started taking med in September and they've helped a lot. How do I deal with my backlog of to-do items and all of the new to-dos that result from completing the old ones?,depression,bikepathenthusiast,2021-12-19T21:02:16.000Z,1,404,https://www.reddit.com/r/depression/comments/rk5of3/i_started_taking_med_in_september_and_theyve/
ptsd_f5nfwe,I feel like I deserved this 'cause I was a bad person,ptsd,andceasedtobe,2020-02-18T06:26:58.000Z,2,1271,https://www.reddit.com/r/ptsd/comments/f5nfwe/i_feel_like_i_deserved_this_cause_i_was_a_bad/
ptsd_mmo4v5,"How can I stop being a constant victim if I have always been a victim for real and am scared of taking responsbility for my self, because no one apologized to me for their abuse trutfully and everyone blamed me for things outside of my control?",ptsd,[deleted],2021-04-08T09:35:54.000Z,87,354,https://www.reddit.com/r/ptsd/comments/mmo4v5/how_can_i_stop_being_a_constant_victim_if_i_have/
ptsd_ehokdi,He should have pulled the trigger. (tw),ptsd,Ladyrivermouse,2019-12-30T16:57:14.000Z,10,497,https://www.reddit.com/r/ptsd/comments/ehokdi/he_should_have_pulled_the_trigger_tw/
depression_rea4xv,Side note,depression,Rvddd,2021-12-11T22:11:57.000Z,1,350,https://www.reddit.com/r/depression/comments/rea4xv/side_note/
depression_refimr,"Don’t want to be here. Don’t want to harm myself, I just wish I never existed to begin with.",depression,ashw1226,2021-12-12T03:02:46.000Z,25,569,https://www.reddit.com/r/depression/comments/refimr/dont_want_to_be_here_dont_want_to_harm_myself_i/
depression_qsddlw,I just can't shake this feeling...,depression,doubtful_darling,2021-11-12T15:18:01.000Z,1,489,https://www.reddit.com/r/depression/comments/qsddlw/i_just_cant_shake_this_feeling/
depression_r5ciji,I know I'm suicidal; but I won't do it. [Long Read],depression,Mwgmawr,2021-11-30T02:36:03.000Z,3,1005,https://www.reddit.com/r/depression/comments/r5ciji/i_know_im_suicidal_but_i_wont_do_it_long_read/
ptsd_d6jcta,I think my abuser was right about me.,ptsd,norashepard,2019-09-19T19:54:54.000Z,4,423,https://www.reddit.com/r/ptsd/comments/d6jcta/i_think_my_abuser_was_right_about_me/
ptsd_mqilxj,failing math tests - need to understand why,ptsd,s-cattunez,2021-04-14T03:49:27.000Z,4,408,https://www.reddit.com/r/ptsd/comments/mqilxj/failing_math_tests_need_to_understand_why/
depression_r8m55p,I feel wronged and depressed for being a human with emotions.,depression,Stark27_,2021-12-04T09:33:32.000Z,1,1425,https://www.reddit.com/r/depression/comments/r8m55p/i_feel_wronged_and_depressed_for_being_a_human/
depression_qzu2om,I am tired of being like this (TW: sh),depression,BlackenSphinx,2021-11-22T19:51:34.000Z,2,344,https://www.reddit.com/r/depression/comments/qzu2om/i_am_tired_of_being_like_this_tw_sh/
ptsd_oj07qr,Today is a grim anniversary... for a gunshot survivor,ptsd,Neumaschine,2021-07-12T20:54:58.000Z,7,944,https://www.reddit.com/r/ptsd/comments/oj07qr/today_is_a_grim_anniversary_for_a_gunshot_survivor/
depression_rjm40v,i’m tired of pretending i’m ok,depression,Xyl0phonic,2021-12-19T01:57:55.000Z,53,334,https://www.reddit.com/r/depression/comments/rjm40v/im_tired_of_pretending_im_ok/
ptsd_clsjoh,I triggered myself.,ptsd,iambabyhands,2019-08-04T04:57:50.000Z,11,942,https://www.reddit.com/r/ptsd/comments/clsjoh/i_triggered_myself/
ptsd_powr36,"I think my boyfriend is getting tired of me because of my mental illness. He says he isnt and he didnt mean what he said he was just upset and overwhelmed, but i domt know hiw to move past from it..",ptsd,zzzzzbubbly,2021-09-15T19:11:01.000Z,27,541,https://www.reddit.com/r/ptsd/comments/powr36/i_think_my_boyfriend_is_getting_tired_of_me/
depression_rhod6i,I think what I want more than anything is just to be left alone.,depression,rogue-android,2021-12-16T10:55:34.000Z,4,436,https://www.reddit.com/r/depression/comments/rhod6i/i_think_what_i_want_more_than_anything_is_just_to/
ptsd_ljexag,Hairdresser grabbed my face and kissed very close to my lips after haircut. Feeling triggered.,ptsd,[deleted],2021-02-14T02:07:17.000Z,120,349,https://www.reddit.com/r/ptsd/comments/ljexag/hairdresser_grabbed_my_face_and_kissed_very_close/
ptsd_m56fiw,i'm looking for help coping with still living with the cause of your ptsd,ptsd,lilyloved27,2021-03-14T22:49:05.000Z,2,976,https://www.reddit.com/r/ptsd/comments/m56fiw/im_looking_for_help_coping_with_still_living_with/
depression_qvc8s6,Moving has taken me from my best friends and I hate it so much.,depression,IfToastCouldTalk,2021-11-16T16:54:11.000Z,1,509,https://www.reddit.com/r/depression/comments/qvc8s6/moving_has_taken_me_from_my_best_friends_and_i/
ptsd_ozz19g,Survived the Nice bus attack in 2016,ptsd,Even-Hedgehog3056,2021-08-07T18:53:14.000Z,19,494,https://www.reddit.com/r/ptsd/comments/ozz19g/survived_the_nice_bus_attack_in_2016/
ptsd_f1v8jv,Anyone else feel like you don’t deserve to report creepers/stalkers due to your own mentally ill/hyper-sexual/creepy past?,ptsd,journey1992,2020-02-10T19:17:18.000Z,25,515,https://www.reddit.com/r/ptsd/comments/f1v8jv/anyone_else_feel_like_you_dont_deserve_to_report/
depression_raccrb,"I may just be a kid but I haven't felt happiness since I was 10,",depression,Player_1online,2021-12-06T17:17:03.000Z,0,414,https://www.reddit.com/r/depression/comments/raccrb/i_may_just_be_a_kid_but_i_havent_felt_happiness/
ptsd_iqz4er,"I finally cried, 30 years later (TW: Sexual Assault)",ptsd,fish_in_percolator,2020-09-11T20:56:15.000Z,123,496,https://www.reddit.com/r/ptsd/comments/iqz4er/i_finally_cried_30_years_later_tw_sexual_assault/
ptsd_headil,From animal to person and back again,ptsd,[deleted],2020-06-23T07:47:57.000Z,4,415,https://www.reddit.com/r/ptsd/comments/headil/from_animal_to_person_and_back_again/
depression_qrisr3,Need internet help,depression,ExerciseLive3886,2021-11-11T10:58:38.000Z,3,328,https://www.reddit.com/r/depression/comments/qrisr3/need_internet_help/
depression_r62aht,Anxious & Depressed af. Feeling a bit better today. I know what I need to do but I just can't. Little frozen. Tomorrow will be better. Idunno.,depression,[deleted],2021-12-01T00:55:03.000Z,3,926,https://www.reddit.com/r/depression/comments/r62aht/anxious_depressed_af_feeling_a_bit_better_today_i/
ptsd_qtmr6i,My Story,ptsd,DropTheGoldfish,2021-11-14T10:02:03.000Z,3,762,https://www.reddit.com/r/ptsd/comments/qtmr6i/my_story/
depression_r9y6ka,I have no Motivation,depression,TinyGoat42,2021-12-06T04:09:46.000Z,5,453,https://www.reddit.com/r/depression/comments/r9y6ka/i_have_no_motivation/
ptsd_j5tcmh,How do I heal from this? Is my relationship ruined?,ptsd,babybluebirdies,2020-10-05T22:27:06.000Z,5,855,https://www.reddit.com/r/ptsd/comments/j5tcmh/how_do_i_heal_from_this_is_my_relationship_ruined/
depression_r4t65s,Need advice on taking pills and motivation,depression,hey_go_away_pls,2021-11-29T10:41:22.000Z,7,508,https://www.reddit.com/r/depression/comments/r4t65s/need_advice_on_taking_pills_and_motivation/
ptsd_q6o9xw,Had a really bad experience at the doctor. I need to talk to others with PTSD because my family and friends don't get it.,ptsd,jeeeezlouiseeee,2021-10-12T15:08:07.000Z,52,622,https://www.reddit.com/r/ptsd/comments/q6o9xw/had_a_really_bad_experience_at_the_doctor_i_need/
depression_r7kqqf,This is NOT the life I want!,depression,CatwomanGoesPurr,2021-12-02T23:47:41.000Z,4,384,https://www.reddit.com/r/depression/comments/r7kqqf/this_is_not_the_life_i_want/
ptsd_nqys9m,Venting,ptsd,SnooRevelations7148,2021-06-02T22:56:40.000Z,2,343,https://www.reddit.com/r/ptsd/comments/nqys9m/venting/
depression_qwbjy3,Chronic loneliness,depression,GraphicDesigner10,2021-11-17T23:11:05.000Z,9,752,https://www.reddit.com/r/depression/comments/qwbjy3/chronic_loneliness/
ptsd_cn9fma,Detached emotions during past trauma causing me to feel like I'm a fraud? [TW SA],ptsd,kilimomo,2019-08-07T18:16:31.000Z,2,365,https://www.reddit.com/r/ptsd/comments/cn9fma/detached_emotions_during_past_trauma_causing_me/
depression_rbnm8q,!!TW: Suicidal; Self Harm!,depression,SAHuman,2021-12-08T09:35:24.000Z,2,342,https://www.reddit.com/r/depression/comments/rbnm8q/tw_suicidal_self_harm/
depression_r896t7,"Why do I miss my depression??? It feels weird and wrong, but those times felt save/peaceful/comforting even tho they were NOT.",depression,foodandagoodbook,2021-12-03T21:07:56.000Z,0,716,https://www.reddit.com/r/depression/comments/r896t7/why_do_i_miss_my_depression_it_feels_weird_and/
depression_qsz76c,More than depression?,depression,Lost_braincell,2021-11-13T11:15:25.000Z,9,307,https://www.reddit.com/r/depression/comments/qsz76c/more_than_depression/
depression_rgtvm1,I’ve had depression but when my dog passed away it amplified. I just finished Fall semester in college and I got 2 A’s and 2 B’s. I’m not happy about this b/c…. my B’s are due to me NOT TAKING THE FINAL.,depression,pleaseinsertdisc2,2021-12-15T07:51:23.000Z,2,353,https://www.reddit.com/r/depression/comments/rgtvm1/ive_had_depression_but_when_my_dog_passed_away_it/
depression_qyu3io,Unhappy with the good life,depression,[deleted],2021-11-21T12:36:30.000Z,7,1040,https://www.reddit.com/r/depression/comments/qyu3io/unhappy_with_the_good_life/
ptsd_izyzod,PTSD from riots. Feeling so alienated,ptsd,Worried_Goose_8918,2020-09-26T04:09:07.000Z,110,429,https://www.reddit.com/r/ptsd/comments/izyzod/ptsd_from_riots_feeling_so_alienated/
ptsd_ewmv6o,So my therapist invalidated me today? Am I wrong about this?,ptsd,mar_tara,2020-01-31T11:03:08.000Z,3,350,https://www.reddit.com/r/ptsd/comments/ewmv6o/so_my_therapist_invalidated_me_today_am_i_wrong/
ptsd_pzgnjx,need to vent and talk about symptoms,ptsd,acya-a,2021-10-01T20:40:48.000Z,3,1385,https://www.reddit.com/r/ptsd/comments/pzgnjx/need_to_vent_and_talk_about_symptoms/
ptsd_hg0llg,"Someone just argued with me about whether tw’s are unreasonable and then called me shitty, disgusting and more",ptsd,[deleted],2020-06-26T03:59:44.000Z,20,377,https://www.reddit.com/r/ptsd/comments/hg0llg/someone_just_argued_with_me_about_whether_tws_are/
depression_rl6c7k,Hit by a wall,depression,SactownAznGuy,2021-12-21T04:40:07.000Z,3,444,https://www.reddit.com/r/depression/comments/rl6c7k/hit_by_a_wall/
depression_rfj7p5,Should I address this again at the psychiatrist or just leave it??,depression,anonymous_account111,2021-12-13T16:11:57.000Z,2,799,https://www.reddit.com/r/depression/comments/rfj7p5/should_i_address_this_again_at_the_psychiatrist/
ptsd_r5yyq1,I walked out on a psychiatrist,ptsd,Guava90210,2021-11-30T22:15:28.000Z,55,432,https://www.reddit.com/r/ptsd/comments/r5yyq1/i_walked_out_on_a_psychiatrist/
depression_r7rce4,Depression has my tongue,depression,No-Boysenberry6658,2021-12-03T05:17:25.000Z,1,309,https://www.reddit.com/r/depression/comments/r7rce4/depression_has_my_tongue/
depression_qpwn2y,Anyone else feel this?,depression,ScarletRain21,2021-11-09T05:22:02.000Z,1,449,https://www.reddit.com/r/depression/comments/qpwn2y/anyone_else_feel_this/
depression_rbij6h,I had to take the box,depression,ambiguous_fork,2021-12-08T04:22:40.000Z,3,819,https://www.reddit.com/r/depression/comments/rbij6h/i_had_to_take_the_box/
ptsd_p8ob46,I was diagnosed with epilepsy a couple of years ago,ptsd,p_ark_,2021-08-21T09:10:34.000Z,2,346,https://www.reddit.com/r/ptsd/comments/p8ob46/i_was_diagnosed_with_epilepsy_a_couple_of_years/
ptsd_rlrf88,"vent, maybe some of u can relate",ptsd,minorslacker,2021-12-21T23:41:44.000Z,1,308,https://www.reddit.com/r/ptsd/comments/rlrf88/vent_maybe_some_of_u_can_relate/
ptsd_pknx8n,Was it my fault?,ptsd,Immediate_Ad_9680,2021-09-09T01:36:26.000Z,1,540,https://www.reddit.com/r/ptsd/comments/pknx8n/was_it_my_fault/
ptsd_dzm8tq,My dad is using my dead grandfather to guilt me into being polite to my violently sexually abusive brother over Christmas.,ptsd,[deleted],2019-11-21T17:01:06.000Z,132,630,https://www.reddit.com/r/ptsd/comments/dzm8tq/my_dad_is_using_my_dead_grandfather_to_guilt_me/
ptsd_pets75,I feel like a dirty slut and want to kill myself,ptsd,zzzzzbubbly,2021-08-30T23:24:07.000Z,4,661,https://www.reddit.com/r/ptsd/comments/pets75/i_feel_like_a_dirty_slut_and_want_to_kill_myself/
ptsd_gdpzxo,"Im convinced my panic disorder is actually misdiagnosed ptsd and my therapist thinks so too, i just have no idea how to bring it up with my psych.",ptsd,Kpopkinz,2020-05-05T03:06:41.000Z,3,371,https://www.reddit.com/r/ptsd/comments/gdpzxo/im_convinced_my_panic_disorder_is_actually/
ptsd_g6ge4i,Feels like everyone is talking about me,ptsd,ttaatter99,2020-04-23T04:38:54.000Z,5,308,https://www.reddit.com/r/ptsd/comments/g6ge4i/feels_like_everyone_is_talking_about_me/
depression_rmzhny,Unsure about going to therapy (vent) (long post),depression,Stradavos,2021-12-23T16:35:51.000Z,2,635,https://www.reddit.com/r/depression/comments/rmzhny/unsure_about_going_to_therapy_vent_long_post/
ptsd_rjzn4k,Death and Failure Are Haunting Me at Every Corner After Resigning From Post,ptsd,TheSleazyPeeper,2021-12-19T16:02:30.000Z,1,548,https://www.reddit.com/r/ptsd/comments/rjzn4k/death_and_failure_are_haunting_me_at_every_corner/
ptsd_qsb9ew,Trauma with ex and mom,ptsd,Bassoonegg,2021-11-12T13:33:18.000Z,2,517,https://www.reddit.com/r/ptsd/comments/qsb9ew/trauma_with_ex_and_mom/
ptsd_p2a52d,I feel like I have the mind of a child,ptsd,taintedlove244,2021-08-11T10:11:12.000Z,5,423,https://www.reddit.com/r/ptsd/comments/p2a52d/i_feel_like_i_have_the_mind_of_a_child/
ptsd_nxv398,Anyone else have intrusive sexual thoughts and stories/fantasies projected onto other women due to your sexual abuse trauma?,ptsd,journey1992,2021-06-12T01:12:50.000Z,1,550,https://www.reddit.com/r/ptsd/comments/nxv398/anyone_else_have_intrusive_sexual_thoughts_and/
ptsd_n7u9fd,PTSD Taxi Driver NSFW,ptsd,Useful-Entertainer57,2021-05-08T17:36:49.000Z,18,385,https://www.reddit.com/r/ptsd/comments/n7u9fd/ptsd_taxi_driver_nsfw/
ptsd_o21iux,abuser spoke to me yesterday,ptsd,-twinsuns,2021-06-17T16:38:15.000Z,16,467,https://www.reddit.com/r/ptsd/comments/o21iux/abuser_spoke_to_me_yesterday/
ptsd_ri18ph,"I(18F) just did something for the first time and I don't know what to do, or if I should tell my psychologist next session",ptsd,bluepainter24,2021-12-16T21:53:55.000Z,4,829,https://www.reddit.com/r/ptsd/comments/ri18ph/i18f_just_did_something_for_the_first_time_and_i/
ptsd_flifw4,"Diagnosed with PTSD for years. Was recently exposed to a coworker pleasuring himself during a conference call. (Trigger Warning: sex abuse, self harm)",ptsd,MyThrones,2020-03-19T21:41:26.000Z,27,411,https://www.reddit.com/r/ptsd/comments/flifw4/diagnosed_with_ptsd_for_years_was_recently/
ptsd_ckmt9k,confusing trauma and anger for love?,ptsd,[deleted],2019-08-01T10:55:37.000Z,8,427,https://www.reddit.com/r/ptsd/comments/ckmt9k/confusing_trauma_and_anger_for_love/
ptsd_iwvgv3,My abusive ex purposely hurt me through my animals.,ptsd,slowlydyinggofaster,2020-09-21T07:03:00.000Z,7,1095,https://www.reddit.com/r/ptsd/comments/iwvgv3/my_abusive_ex_purposely_hurt_me_through_my_animals/
ptsd_r6rgvr,I grew up in a rough area and had my life threatened by a drug dealer,ptsd,ItsBuzzle,2021-12-01T22:41:54.000Z,2,926,https://www.reddit.com/r/ptsd/comments/r6rgvr/i_grew_up_in_a_rough_area_and_had_my_life/
ptsd_jwkehq,NSFW - I feel like an idiot TW: sexual assault/domestic abuse/r*pe mention,ptsd,_Leigha_,2020-11-18T17:45:45.000Z,3,432,https://www.reddit.com/r/ptsd/comments/jwkehq/nsfw_i_feel_like_an_idiot_tw_sexual/
ptsd_ffwxl0,Who else felt it was your fault you were sexualized because of your bubbly/friendly personality and poor boundaries?,ptsd,journey1992,2020-03-09T16:05:00.000Z,4,352,https://www.reddit.com/r/ptsd/comments/ffwxl0/who_else_felt_it_was_your_fault_you_were/
ptsd_offrtf,I hate myself when I’m happy,ptsd,[deleted],2021-07-07T09:53:55.000Z,9,309,https://www.reddit.com/r/ptsd/comments/offrtf/i_hate_myself_when_im_happy/
depression_r50o7r,Would you please read this? I just want someone to know my story.,depression,Bronzeshadow,2021-11-29T17:20:14.000Z,147,802,https://www.reddit.com/r/depression/comments/r50o7r/would_you_please_read_this_i_just_want_someone_to/
ptsd_f4tbre,Was i sexually abused as a child?,ptsd,godlow,2020-02-16T16:55:00.000Z,10,380,https://www.reddit.com/r/ptsd/comments/f4tbre/was_i_sexually_abused_as_a_child/
depression_r2o6dl,Pets and depression,depression,Formoderlandet,2021-11-26T14:04:23.000Z,3,412,https://www.reddit.com/r/depression/comments/r2o6dl/pets_and_depression/
ptsd_cyynlo,Took me like 12 years to figure out I have PTSD. It feels as though I’m suffocating underneath an avalanche. [nsfw],ptsd,TheVeggieLife,2019-09-03T02:13:25.000Z,15,582,https://www.reddit.com/r/ptsd/comments/cyynlo/took_me_like_12_years_to_figure_out_i_have_ptsd/
ptsd_mw6m5l,Bullet Journaling and other methods to mediate and recover from PTSD,ptsd,Salmon_Of_Iniquity,2021-04-22T14:57:57.000Z,18,431,https://www.reddit.com/r/ptsd/comments/mw6m5l/bullet_journaling_and_other_methods_to_mediate/
depression_rgs3ve,I am so ready to give up,depression,bremw01,2021-12-15T06:00:12.000Z,0,586,https://www.reddit.com/r/depression/comments/rgs3ve/i_am_so_ready_to_give_up/
ptsd_dx76p6,I'm sorry - trigger (Changing jobs),ptsd,BXGCJ,2019-11-16T13:56:49.000Z,2,352,https://www.reddit.com/r/ptsd/comments/dx76p6/im_sorry_trigger_changing_jobs/
ptsd_pzpcoy,I always feel broken after therapy (trigger warning),ptsd,K3yB0ard5eizur3,2021-10-02T05:45:36.000Z,14,365,https://www.reddit.com/r/ptsd/comments/pzpcoy/i_always_feel_broken_after_therapy_trigger_warning/
ptsd_dghe81,UPDATE - Manager Told me off for Panicking (it got worse?!) TW - suicidal feelings,ptsd,SymbolicDysfunction,2019-10-11T16:13:27.000Z,12,645,https://www.reddit.com/r/ptsd/comments/dghe81/update_manager_told_me_off_for_panicking_it_got/
ptsd_cmhm2i,Trying to self-regulate my emotions despite involuntary mental anguish.,ptsd,Pvineappless,2019-08-05T21:54:07.000Z,5,369,https://www.reddit.com/r/ptsd/comments/cmhm2i/trying_to_selfregulate_my_emotions_despite/
depression_qqllvy,How and Why?,depression,Habsburgfamilytree,2021-11-10T04:00:29.000Z,2,351,https://www.reddit.com/r/depression/comments/qqllvy/how_and_why/
depression_rdihyq,I am not well.,depression,GettingBetter93,2021-12-10T21:00:10.000Z,1,463,https://www.reddit.com/r/depression/comments/rdihyq/i_am_not_well/
depression_r1ufk6,I don’t even know,depression,Anon78901233,2021-11-25T11:19:30.000Z,1,387,https://www.reddit.com/r/depression/comments/r1ufk6/i_dont_even_know/
ptsd_daf34j,I'm confused,ptsd,Nobody_2027,2019-09-28T12:00:46.000Z,6,795,https://www.reddit.com/r/ptsd/comments/daf34j/im_confused/
depression_r8zbye,something has to give,depression,ghoulogy_13,2021-12-04T21:15:36.000Z,1,315,https://www.reddit.com/r/depression/comments/r8zbye/something_has_to_give/
ptsd_cpp7wx,This is how I got PTSD...,ptsd,Hoffman81,2019-08-13T06:31:56.000Z,8,654,https://www.reddit.com/r/ptsd/comments/cpp7wx/this_is_how_i_got_ptsd/
depression_rhmbgi,I feel like an outlier,depression,burgerpeasant,2021-12-16T08:23:43.000Z,1,311,https://www.reddit.com/r/depression/comments/rhmbgi/i_feel_like_an_outlier/
ptsd_cbwyez,I'm questioning whether my flashbacks really are flashbacks,ptsd,[deleted],2019-07-11T15:30:34.000Z,1,387,https://www.reddit.com/r/ptsd/comments/cbwyez/im_questioning_whether_my_flashbacks_really_are/
depression_r4typq,Weird depressive behaviours,depression,earthtoalicex,2021-11-29T11:36:08.000Z,1,516,https://www.reddit.com/r/depression/comments/r4typq/weird_depressive_behaviours/
depression_r7phgf,"A Strange, Ongoing Post-Molly Experience",depression,SexGod97,2021-12-03T03:41:37.000Z,1,649,https://www.reddit.com/r/depression/comments/r7phgf/a_strange_ongoing_postmolly_experience/
depression_rkgdku,Giving it a shot,depression,kmccalister77,2021-12-20T06:11:47.000Z,3,306,https://www.reddit.com/r/depression/comments/rkgdku/giving_it_a_shot/
ptsd_oueevd,Is this ptsd?,ptsd,Adriana05,2021-07-30T05:19:16.000Z,3,350,https://www.reddit.com/r/ptsd/comments/oueevd/is_this_ptsd/
ptsd_li4jqg,My mom who's high risk now has Covid. She's the only person I have left. I want to fall apart but my body is in survival mode,ptsd,gabbyxq,2021-02-12T05:28:13.000Z,8,337,https://www.reddit.com/r/ptsd/comments/li4jqg/my_mom_whos_high_risk_now_has_covid_shes_the_only/
ptsd_e8kwxx,my dad wont seek treatment for his ptsd,ptsd,celestineleh,2019-12-10T03:21:02.000Z,9,515,https://www.reddit.com/r/ptsd/comments/e8kwxx/my_dad_wont_seek_treatment_for_his_ptsd/
ptsd_qg5b5p,Nobody bothers about a PTSD diagnosis?,ptsd,pprobablyneedtherapy,2021-10-26T12:28:15.000Z,2,443,https://www.reddit.com/r/ptsd/comments/qg5b5p/nobody_bothers_about_a_ptsd_diagnosis/
depression_rmnfrf,"I promised myself that my 16 years would be the best in my life, but now it seems quite the opposite",depression,Shiva_RV,2021-12-23T04:47:18.000Z,2,362,https://www.reddit.com/r/depression/comments/rmnfrf/i_promised_myself_that_my_16_years_would_be_the/
ptsd_lacl3n,My boyfriend purposefully triggers me to get his own way,ptsd,Delicious_Ad7157,2021-02-01T20:03:50.000Z,166,331,https://www.reddit.com/r/ptsd/comments/lacl3n/my_boyfriend_purposefully_triggers_me_to_get_his/
ptsd_hf9d6a,"Vent: TW assault, flashbacks, yelling, father mention",ptsd,Ezzbe,2020-06-24T20:59:28.000Z,2,335,https://www.reddit.com/r/ptsd/comments/hf9d6a/vent_tw_assault_flashbacks_yelling_father_mention/
depression_r6cvsg,Enemies,depression,ArcAug21,2021-12-01T11:41:25.000Z,1,354,https://www.reddit.com/r/depression/comments/r6cvsg/enemies/
depression_r4oujn,any advice for someone’s who’s treatment resistant ?,depression,shduxuyvdko,2021-11-29T05:50:46.000Z,5,313,https://www.reddit.com/r/depression/comments/r4oujn/any_advice_for_someones_whos_treatment_resistant/
ptsd_nr6y22,I’m scared to tell my girlfriend too much about my trauma,ptsd,Lesbean5545,2021-06-03T06:46:23.000Z,11,365,https://www.reddit.com/r/ptsd/comments/nr6y22/im_scared_to_tell_my_girlfriend_too_much_about_my/
ptsd_o7yfxh,"Trigger warning suicide, sexual violence - after finally calming down my own hyper vigilance wife breaks down tells me she is in crisis",ptsd,monikar2014,2021-06-25T22:46:20.000Z,4,507,https://www.reddit.com/r/ptsd/comments/o7yfxh/trigger_warning_suicide_sexual_violence_after/
ptsd_obc5jb,What do you do when there's nothing you can do?,ptsd,vvitxh,2021-07-01T02:22:40.000Z,1,342,https://www.reddit.com/r/ptsd/comments/obc5jb/what_do_you_do_when_theres_nothing_you_can_do/
ptsd_fcw5pp,I feel so betrayed by my sexual harassers but also guilty for reporting them: maybe it wasn’t their intention to be creepy and don’t men frequently sexualize women they like?,ptsd,journey1992,2020-03-03T15:27:19.000Z,2,547,https://www.reddit.com/r/ptsd/comments/fcw5pp/i_feel_so_betrayed_by_my_sexual_harassers_but/
ptsd_f8ixjo,25 (F) Needing Male Advice..,ptsd,fhbdh,2020-02-24T00:43:27.000Z,15,363,https://www.reddit.com/r/ptsd/comments/f8ixjo/25_f_needing_male_advice/
ptsd_lo8lms,Mom and sister want me off PTSD meds,ptsd,NipplelessWoman,2021-02-20T14:49:00.000Z,20,562,https://www.reddit.com/r/ptsd/comments/lo8lms/mom_and_sister_want_me_off_ptsd_meds/
depression_rlp71y,i feel so lonely all the time. (16f),depression,BinkyCotton,2021-12-21T21:54:31.000Z,1,335,https://www.reddit.com/r/depression/comments/rlp71y/i_feel_so_lonely_all_the_time_16f/
depression_r7zxbb,Its been more then a year,depression,anonymous012022,2021-12-03T14:09:22.000Z,1,779,https://www.reddit.com/r/depression/comments/r7zxbb/its_been_more_then_a_year/
ptsd_d3knbg,Any tips on how best to start a new relationship with someone suffering?,ptsd,the_lone_researcher,2019-09-13T05:29:36.000Z,6,334,https://www.reddit.com/r/ptsd/comments/d3knbg/any_tips_on_how_best_to_start_a_new_relationship/
depression_qtdfdz,All the things I wish I could say,depression,unhappybi-derman,2021-11-14T00:02:12.000Z,1,744,https://www.reddit.com/r/depression/comments/qtdfdz/all_the_things_i_wish_i_could_say/
depression_r5vbrk,Severe Burnout & Depression—I don’t enjoy old hobbies or anything? I don’t know how to have fun? I have no idea what I want or want to do,depression,squobbleewodd,2021-11-30T19:32:43.000Z,2,635,https://www.reddit.com/r/depression/comments/r5vbrk/severe_burnout_depressioni_dont_enjoy_old_hobbies/
ptsd_dumb5e,Can childhood trauma cause psychosis?,ptsd,natiwati,2019-11-11T03:15:55.000Z,24,419,https://www.reddit.com/r/ptsd/comments/dumb5e/can_childhood_trauma_cause_psychosis/
ptsd_q5frgh,PTSD making me self sabotage,ptsd,darthgritious,2021-10-10T20:13:23.000Z,35,330,https://www.reddit.com/r/ptsd/comments/q5frgh/ptsd_making_me_self_sabotage/
depression_qq7fad,I Don't Think I'll Get There,depression,jaz_skinn_,2021-11-09T16:30:45.000Z,1,452,https://www.reddit.com/r/depression/comments/qq7fad/i_dont_think_ill_get_there/
ptsd_lopbpa,"Distorted thinking among other symptoms...anyone else here suffering from that sort of thing, especially due to the pandemic stress?",ptsd,raventth5984,2021-02-21T04:51:16.000Z,9,394,https://www.reddit.com/r/ptsd/comments/lopbpa/distorted_thinking_among_other_symptomsanyone/
ptsd_g82fl5,"I just want to know I'm not crazy for all this trauma. From being sexually abused at 14 by someone who should've been a mother-figure instead. Now I feel like I over-sexualize, ruin things in my mind so i don't deserve them sexually. Putting myself in the abusers shoes to see how they could do this?",ptsd,honeypalms,2020-04-25T22:10:05.000Z,1,442,https://www.reddit.com/r/ptsd/comments/g82fl5/i_just_want_to_know_im_not_crazy_for_all_this/
ptsd_ee0aqe,I’ll always be alone,ptsd,kxmtxxhyxng,2019-12-22T04:13:34.000Z,1,412,https://www.reddit.com/r/ptsd/comments/ee0aqe/ill_always_be_alone/
ptsd_ct3j28,TW: Reporting Abuse,ptsd,yvesexcelsior,2019-08-20T18:21:58.000Z,1,304,https://www.reddit.com/r/ptsd/comments/ct3j28/tw_reporting_abuse/
depression_rilb8p,I wish i had someone to talk to im hella lonley,depression,genderless_wolf,2021-12-17T16:38:07.000Z,2,380,https://www.reddit.com/r/depression/comments/rilb8p/i_wish_i_had_someone_to_talk_to_im_hella_lonley/
ptsd_i45kfk,Not the way you think,ptsd,CreatingWolves,2020-08-05T13:42:55.000Z,1,715,https://www.reddit.com/r/ptsd/comments/i45kfk/not_the_way_you_think/
ptsd_cuwgda,I am too scared to live my life how I want to.,ptsd,takenbydaylight,2019-08-24T17:38:14.000Z,21,1216,https://www.reddit.com/r/ptsd/comments/cuwgda/i_am_too_scared_to_live_my_life_how_i_want_to/
ptsd_ihzsc0,Had a PTSD breakdown (Trigger warning),ptsd,mooseblood07,2020-08-28T03:32:51.000Z,1,1246,https://www.reddit.com/r/ptsd/comments/ihzsc0/had_a_ptsd_breakdown_trigger_warning/
ptsd_gbe2lb,Upset that I was traumatized by an event that didn’t traumatize others,ptsd,haklux2012,2020-05-01T08:01:43.000Z,2,354,https://www.reddit.com/r/ptsd/comments/gbe2lb/upset_that_i_was_traumatized_by_an_event_that/
ptsd_g7h8qc,I'm on the frontline and I really need your help!,ptsd,BeautifulGhost,2020-04-24T21:39:46.000Z,17,594,https://www.reddit.com/r/ptsd/comments/g7h8qc/im_on_the_frontline_and_i_really_need_your_help/
ptsd_e4qghg,Partner admitting to porn triggered something and now my ptsd symptoms are back worse than ever.,ptsd,justbrokenolme,2019-12-02T00:14:12.000Z,13,1684,https://www.reddit.com/r/ptsd/comments/e4qghg/partner_admitting_to_porn_triggered_something_and/
depression_qsjysl,Migraine,depression,Maleficent-Panic8621,2021-11-12T20:23:10.000Z,3,350,https://www.reddit.com/r/depression/comments/qsjysl/migraine/
depression_rlyke7,Hello (lengthy read),depression,_Ripples_,2021-12-22T06:02:46.000Z,2,1122,https://www.reddit.com/r/depression/comments/rlyke7/hello_lengthy_read/
ptsd_ghfd1j,"New to thread, read stickies, here’s my current battle, NSFW trigger warning maybe? Medevac crewchief",ptsd,oandy101,2020-05-11T02:52:07.000Z,9,482,https://www.reddit.com/r/ptsd/comments/ghfd1j/new_to_thread_read_stickies_heres_my_current/
ptsd_df80va,"It's all just piling up (TW: Sexual assault, CSA, emotional abuse, verbal abuse, self harm)",ptsd,[deleted],2019-10-08T23:05:49.000Z,7,783,https://www.reddit.com/r/ptsd/comments/df80va/its_all_just_piling_up_tw_sexual_assault_csa/
ptsd_lkvigj,Begun having nightmares again....... frustrated,ptsd,thedevilislonely,2021-02-16T04:12:59.000Z,6,374,https://www.reddit.com/r/ptsd/comments/lkvigj/begun_having_nightmares_again_frustrated/
