category,group,log_or,OR,ci_low,ci_high,p,p_bh,scheme
self (I/we),OCD,0.24876022025553984,1.2824344943851607,1.2355485687101455,1.3310996216893742,3.7153527625943345e-39,5.944564420150935e-38,as extracted
self (I/we),depression,-0.07194140524058722,0.9305854216426204,0.8908551482892041,0.9720875819563,0.0012306093297673104,0.002660776929226617,as extracted
self (I/we),ptsd,-0.5345656355177939,0.5859237393405975,0.5642556679844892,0.608423889739829,3.7864898764358005e-170,3.02919190114864e-168,as extracted
self (I/we),ADHD,0.3604776157644278,1.4340141587936557,1.3837037359134536,1.4861538306559123,4.150113483521571e-87,1.6600453934086283e-85,as extracted
it/this/that,OCD,0.07687704817031939,1.0799092914064217,1.0454853553847647,1.1154666793364383,3.3002901455831446e-06,1.1000967151943814e-05,as extracted
it/this/that,depression,-0.17241718006817994,0.8416279894981384,0.8049065075775743,0.8800247805654762,3.5900263971924157e-14,2.8720211177539325e-13,as extracted
it/this/that,ptsd,0.04001072484291811,1.0408219367843072,1.0059730589994507,1.0768780479756648,0.021293127430435543,0.03703152596597486,as extracted
it/this/that,ADHD,0.0004746609678135845,1.0004747736371566,0.9688330745380669,1.0331498779204724,0.976905666032787,0.9892715605395311,as extracted
noun.person,OCD,-0.41007240830464803,0.6636021980865325,0.62862365559685,0.7005270536425613,7.739902054256616e-50,2.0639738811350977e-48,as extracted
noun.person,depression,-0.06899449371909276,0.9333318192512295,0.8781209350689247,0.992014026813329,0.026573382912073725,0.04428897152012287,as extracted
noun.person,ptsd,0.36175303223746347,1.4358442909165885,1.3635216760624664,1.512002972854325,7.797563971012407e-43,1.5595127942024815e-41,as extracted
noun.person,ADHD,0.03604232010504729,1.036699718803579,0.9868486383435673,1.089069047884982,0.15172230634125097,0.20959330309796892,as extracted
noun.state,OCD,-0.00414261025003643,0.995865958523359,0.9524931803446993,1.0412137617476094,0.8553164966917437,0.8886405160433701,as extracted
noun.state,depression,0.05306047912416275,1.0544934180292294,1.002822885182157,1.1088262793932817,0.038455163640820265,0.058045530023879646,as extracted
noun.state,ptsd,-0.04687605237204775,0.9542056617892937,0.911842177461558,0.9985373209270412,0.04305504589416191,0.06378525317653617,as extracted
noun.state,ADHD,0.007443221467573752,1.0074709910962234,0.965351065998795,1.0514286808708755,0.7326498775536432,0.7814932027238861,as extracted
noun.cognition,OCD,0.12533294168211662,1.1335257882306946,1.084576394597336,1.184684379066767,2.623478653023955e-08,1.399188614946109e-07,as extracted
noun.cognition,depression,-0.0848995760417242,0.918604529672522,0.8653808357731926,0.9751016512642482,0.005303853646389456,0.010607707292778911,as extracted
noun.cognition,ptsd,-0.06543557102744631,0.9366593928179018,0.8894619950871124,0.9863612194786086,0.013116547924638712,0.023848268953888564,as extracted
noun.cognition,ADHD,-0.042547994095185386,0.9583444695414964,0.9151350278771869,1.003594108326522,0.0706713064054739,0.100959009150677,as extracted
he/she,OCD,-0.2260496002552215,0.7976785356254879,0.7433982303708566,0.8559221964789964,3.2400176426327337e-10,1.8514386529329905e-09,as extracted
he/she,depression,-0.1340754668990006,0.8745240644937048,0.8192181798451673,0.933563680829368,5.7581629053204915e-05,0.00016451894015201405,as extracted
he/she,ptsd,0.03547981819571037,1.0361167372118438,0.9805960488107155,1.0947809696281392,0.2067108801833445,0.27561450691112604,as extracted
he/she,ADHD,0.33928943996350397,1.4039496455442808,1.318564654028632,1.494863828786594,3.029406621802722e-26,4.039208829070296e-25,as extracted
noun.act,OCD,0.03538160862900112,1.036014985632593,0.9754093903627427,1.1003862184022497,0.24996358023704002,0.3278210888354623,as extracted
noun.act,depression,-0.13929629234384808,0.8699702247505359,0.8137129181188687,0.9301169676673807,4.426769964593717e-05,0.0001311635545064805,as extracted
noun.act,ptsd,-0.09322701248580104,0.9109866714718435,0.8583670855225326,0.9668319412482451,0.0021320581538064503,0.0044885434816977895,as extracted
noun.act,ADHD,0.12570946623105306,1.1339526688772943,1.0768581695299864,1.1940742909673703,1.8486561136000793e-06,7.042499480381254e-06,as extracted
noun.time,OCD,-0.19507176080384872,0.8227756128981111,0.7568518013118121,0.894441564394143,4.693311762654027e-06,1.5018597640492886e-05,as extracted
noun.time,depression,0.23494395644964663,1.2648378807410448,1.1640116148884052,1.3743976813417562,2.9684010335331502e-08,1.484200516766575e-07,as extracted
noun.time,ptsd,-0.1427850525608284,0.8669403954874841,0.7992976617323155,0.9403075791552873,0.0005711139486130693,0.0013437975261483984,as extracted
noun.time,ADHD,0.08737891715448305,1.0913101175083804,1.0141401596871105,1.1743522443126573,0.01952994648795493,0.034719904867475435,as extracted
noun.communication,OCD,0.026988176160583955,1.0273556554033827,0.9710055763285061,1.0869758819307085,0.3483985876217419,0.40940927292120566,as extracted
noun.communication,depression,-0.09596749809584311,0.9084935433589304,0.8455916002772924,0.9760746417705741,0.008754263049154856,0.016287001021683453,as extracted
noun.communication,ptsd,-0.04461320452496643,0.9563673288561828,0.899741429302048,1.0165570217356983,0.15195514474602748,0.20959330309796892,as extracted
noun.communication,ADHD,0.05818620807397433,1.0599123415717266,1.004560635652237,1.1183139493482688,0.033480045374580936,0.0535680725993295,as extracted
noun.artifact,OCD,0.01693449848197432,1.0170786999445331,0.9459436801459848,1.0935630773718135,0.6471156655433632,0.7091678526502609,as extracted
noun.artifact,depression,-0.3135563876974781,0.7308431672782775,0.6706636904646606,0.7964226224730879,8.558503403698204e-13,5.266771325352741e-12,as extracted
noun.artifact,ptsd,-0.12556387996462284,0.881999420535648,0.8190626265156482,0.9497722794831447,0.0008862169579476111,0.0019693710176613578,as extracted
noun.artifact,ADHD,0.27532328566339775,1.3169563591653375,1.2298261442498826,1.4102595395740931,3.181745792000147e-15,3.181745792000147e-14,as extracted
noun.group,OCD,0.11167846987076821,1.1181532828710565,1.0524396116635282,1.1879700746146367,0.0003015352765818503,0.0007781555524692911,as extracted
noun.group,depression,-0.10643298980128268,0.8990352906762595,0.8470192177996047,0.9542457088294458,0.00046489250100250837,0.0011270121236424445,as extracted
noun.group,ptsd,0.1349798203732625,1.144513688259255,1.0818612291603096,1.2107944598675522,2.6095450407328572e-06,9.07667840254907e-06,as extracted
noun.group,ADHD,-0.13841279435277604,0.8707391813321743,0.8242477518324605,0.919852944968829,7.649834085023371e-07,3.220982772641419e-06,as extracted
noun.attribute,OCD,-0.08066647233298205,0.9225013198534953,0.8587477680898944,0.9909879440203174,0.027260298959937174,0.0445066105468362,as extracted
noun.attribute,depression,-0.19503567280721015,0.8228053057574383,0.7513272190761663,0.9010835146037206,2.5947994520602048e-05,7.9839983140314e-05,as extracted
noun.attribute,ptsd,0.01634415724709562,1.0164784536413431,0.9417415415055737,1.0971465112022791,0.674870536112046,0.7295897687697793,as extracted
noun.attribute,ADHD,0.19797164449766,1.2189278300206716,1.1335957777093242,1.3106833000042166,8.972787633744173e-08,4.2224882982325525e-07,as extracted
other indefinite,OCD,-0.02889788606930388,0.9715156646849104,0.9216674539859822,1.0240599064730762,0.28223471831550706,0.3473658071575471,as extracted
other indefinite,depression,-0.1162451504862714,0.8902569496195109,0.8362550293304476,0.9477460924574673,0.0002715904460786563,0.0007242411895430835,as extracted
other indefinite,ptsd,0.13531874820264203,1.1449016615430694,1.0826585455578017,1.2107231961382041,2.0881165221123017e-06,7.593150989499279e-06,as extracted
other indefinite,ADHD,6.373127277131953e-05,1.000063733303652,0.9474810362679198,1.0555646312549851,0.9981547408351191,0.9981547408351192,as extracted
you,OCD,0.10248888915416926,1.1079249918576406,1.0139677832969134,1.2105885490676513,0.02340279609546567,0.03983454654547348,as extracted
you,depression,-0.10495572830623383,0.900364382360143,0.8102479558468014,1.000503629997479,0.051099623415356184,0.07432672496779082,as extracted
you,ptsd,-0.32522831296943394,0.7223624101065557,0.6618022387778362,0.7884643190367324,3.335566892424746e-13,2.2237112616164975e-12,as extracted
you,ADHD,0.24696335375646472,1.2801321998823303,1.1271419169338475,1.4538883032878573,0.00014291276724049732,0.00039424211652550983,as extracted
noun.event,OCD,-0.18496170676798535,0.8311361101306572,0.77069376627348,0.8963186985451687,1.5748311506710918e-06,6.299324602684367e-06,as extracted
noun.event,depression,-0.0015556710059486702,0.9984455384229516,0.9151864140996748,1.0892791652478835,0.9720650786545082,0.9892715605395311,as extracted
noun.event,ptsd,0.04932212934252552,1.0505587120262423,0.9759007065431401,1.13092817744102,0.18972506894834962,0.2572543307774232,as extracted
noun.event,ADHD,0.12420924879023468,1.132252768735126,1.0529286020487187,1.2175529564055299,0.0008030364107141736,0.001835511795918111,as extracted
they,OCD,-0.37144964971727035,0.6897337332433303,0.6421305399250005,0.7408659037293975,2.425603106450611e-24,2.7721178359435554e-23,as extracted
they,depression,0.11142553172028276,1.1178704950131544,1.0354397763030576,1.2068634721399822,0.004356503675288916,0.008936417795464443,as extracted
they,ptsd,0.2943926989680482,1.3423109242947406,1.2404960608524231,1.4524823369796689,2.575609554519017e-13,1.8731705851047395e-12,as extracted
they,ADHD,0.017855619424834452,1.0180159840453253,0.9449359333156222,1.0967479457949811,0.638499434078512,0.7091678526502609,as extracted
noun.location,OCD,0.11286163868768492,1.1194770299215735,1.0063398245563733,1.2453336238327752,0.03786966809430425,0.058045530023879646,as extracted
noun.location,depression,-0.16685306542520775,0.846323956452344,0.7505705905887741,0.9542929715688516,0.0064552819656501755,0.012295775172667,as extracted
noun.location,ptsd,-0.04975449893127216,0.9514629810090475,0.8566072977298314,1.0568224280014753,0.3531154978945399,0.40940927292120566,as extracted
noun.location,ADHD,0.05668549331435669,1.0583229084180283,0.9555109008442335,1.1721973841353208,0.27695881790828614,0.34619852238535764,as extracted
noun.quantity,OCD,-0.07126139842805951,0.9312184412734141,0.8150237741719313,1.0639785155331627,0.2946439054128356,0.35181361840338576,as extracted
noun.quantity,depression,-0.052627079904426326,0.94873374840071,0.8231068599141763,1.0935344718768507,0.46772455885827546,0.5345423529808863,as extracted
noun.quantity,ptsd,0.07242988209447858,1.0751174184656023,0.9407039424673692,1.228736705893242,0.2878097741857102,0.34886033234631536,as extracted
noun.quantity,ADHD,0.037380555019977356,1.0380879952764184,0.930691197757008,1.157877810098692,0.5022956761980046,0.5659669590963432,as extracted
noun.body,OCD,0.051605780745328116,1.0529605633544479,0.9620753030133519,1.1524315659148867,0.26249291402868635,0.33870053423056307,as extracted
noun.body,depression,-0.22564170172059328,0.7980039738996592,0.7040473945675475,0.9044992528532839,0.00041478241304132276,0.001036956032603307,as extracted
noun.body,ptsd,-0.26693299415889743,0.7657243777524283,0.6938961051776625,0.8449879143423363,1.0869200397905501e-07,4.830755732402445e-07,as extracted
noun.body,ADHD,0.38403413145352744,1.4681955524750758,1.3339842360985108,1.615909785120136,4.100421413240496e-15,3.6448190339915516e-14,as extracted
absolutist pronoun,OCD,-0.0857669138198742,0.9178081346824136,0.8473844645679772,0.994084512180287,0.03523369528294831,0.05526854162031108,as extracted
absolutist pronoun,depression,0.1104947247457807,1.1168304574719954,1.0324580357989819,1.2080977894388303,0.005833229405021583,0.011381911034188454,as extracted
absolutist pronoun,ptsd,0.013285683180759785,1.0133743300124332,0.9355186595996264,1.097709299745706,0.7446179957291827,0.7838084165570344,as extracted
absolutist pronoun,ADHD,-0.04224340402431658,0.9586364162111621,0.8888651357659885,1.0338843785274996,0.27321577431319255,0.34619852238535764,as extracted
self (I/we),OCD,0.26205361895013807,1.299596223546361,1.256292265819696,1.344392853643789,6.89936367429876e-52,1.8398303131463359e-50,passive-corrected
self (I/we),depression,-0.06481483242031232,0.937240993957224,0.9001899848894163,0.9758169891901595,0.0016350551842945066,0.0033981116459682894,passive-corrected
self (I/we),ptsd,-0.48490534920323886,0.6157554757525553,0.5948889836650914,0.6373538867425238,2.6837577758930428e-167,2.1470062207144342e-165,passive-corrected
self (I/we),ADHD,0.2783412338812334,1.3209368687271068,1.2786635751259676,1.3646077397572518,3.858163212544014e-63,1.5432652850176056e-61,passive-corrected
it/this/that,OCD,0.07098375042818884,1.0735637807748706,1.0399998389143943,1.1082109326042922,1.1858728054469404e-05,3.79479297743021e-05,passive-corrected
it/this/that,depression,-0.16328095966775044,0.8493525210860863,0.8129212377545092,0.8874164821526574,2.8786521176152923e-13,2.302921694092234e-12,passive-corrected
it/this/that,ptsd,0.04415236112902424,1.045141581709526,1.0108335785253584,1.0806140090951555,0.00952095204935502,0.016926136976631145,passive-corrected
it/this/that,ADHD,-0.004224524492186764,0.9957843862590939,0.9650341662778426,1.0275144430812961,0.7918016729671796,0.812104279966338,passive-corrected
noun.person,OCD,-0.4093765662867883,0.6640641210731782,0.6288671875581193,0.701230984254426,3.915553252769979e-49,7.831106505539957e-48,passive-corrected
noun.person,depression,-0.0660806594486457,0.9360553595373717,0.8807506558074283,0.9948327944364482,0.033442369415122596,0.050479048173769955,passive-corrected
noun.person,ptsd,0.36202508692013946,1.4362349722204555,1.363406315030441,1.5129538954666177,2.467457993967622e-42,3.947932790348195e-41,passive-corrected
noun.person,ADHD,0.03318045498567785,1.0337370654183446,0.9837231357333338,1.086293776778072,0.18972445520432446,0.2488189576450157,passive-corrected
noun.state,OCD,-0.011300215893912027,0.9887633917269785,0.9451826527707281,1.0343535632541772,0.6231804491779489,0.6737085937058906,passive-corrected
noun.state,depression,0.0558901307077018,1.0574814926105982,1.0047447683181936,1.1129862453384713,0.03224502601276981,0.049607732327338165,passive-corrected
noun.state,ptsd,-0.049847923370573755,0.9513740952656454,0.9082438981753345,0.996552435927068,0.035213120122918336,0.05216758536728642,passive-corrected
noun.state,ADHD,0.014871176988317131,1.0149823031162626,0.9719683541885993,1.0598998117579619,0.5008819608578148,0.5724365266946455,passive-corrected
noun.cognition,OCD,0.12607782517704294,1.1343704474287137,1.0849128158677834,1.1860826908661386,2.9673897534582347e-08,1.3964187075097576e-07,passive-corrected
noun.cognition,depression,-0.0911985697709051,0.912836431180512,0.8590069964687187,0.9700390724590771,0.0032721938020471527,0.006384768394238347,passive-corrected
noun.cognition,ptsd,-0.0729634049732406,0.9296348494155096,0.8822424292395543,0.9795731021378208,0.006274551707658723,0.01140827583210677,passive-corrected
noun.cognition,ADHD,-0.03604794851002664,0.9645940415272038,0.9204593941569793,1.0108448790421096,0.13140355940617113,0.1781743178388761,passive-corrected
he/she,OCD,-0.22749438335749014,0.7965268952917484,0.7454499960778271,0.8511034922010691,1.719157698508337e-11,1.0579431990820535e-10,passive-corrected
he/she,depression,-0.11855021918306048,0.888207209496322,0.8349155433610852,0.9449004192991215,0.00017312086163256038,0.00047757479071051137,passive-corrected
he/she,ptsd,0.05057201194083096,1.0518726080157208,0.9980369526159756,1.108612241855065,0.05920169450132568,0.08611155563829191,passive-corrected
he/she,ADHD,0.3005988036059466,1.350667349952384,1.2731579242278632,1.4328955234157514,2.0755910200262987e-23,2.3721040228871984e-22,passive-corrected
noun.act,OCD,0.018844326875393717,1.0190230017744717,0.9595131300556087,1.0822237295338248,0.5393439698496434,0.6077115153235418,passive-corrected
noun.act,depression,-0.11595972454224848,0.8905110883169425,0.8324881036041368,0.9525781749699525,0.0007427498797330544,0.0018039464710612402,passive-corrected
noun.act,ptsd,-0.09782497214535167,0.9068076064547557,0.8538621069427818,0.9630361020099776,0.001437143621141274,0.003115879363603421,passive-corrected
noun.act,ADHD,0.1304188708859981,1.1393055052978205,1.0816552853215358,1.2000283750437832,8.533107729930584e-07,3.4132430919722332e-06,passive-corrected
noun.time,OCD,-0.22149575329908666,0.801319325104219,0.7353064732606713,0.8732585447508329,4.425543872496874e-07,1.8633868936828943e-06,passive-corrected
noun.time,depression,0.23312549041433375,1.2625399060424585,1.1592490537826239,1.3750341301970126,8.633420957123153e-08,3.8370759809436234e-07,passive-corrected
noun.time,ptsd,-0.14530807318247613,0.8647558439850123,0.7948051503427743,0.940862888701372,0.0007342917323730516,0.0018039464710612402,passive-corrected
noun.time,ADHD,0.11127433661946734,1.117701491247555,1.0365065846298191,1.2052568136681652,0.0038299368956353727,0.007295117896448329,passive-corrected
noun.communication,OCD,0.030686574975488403,1.0311622611760072,0.9743405596255484,1.0912976970621586,0.288632277464664,0.36651717773290665,passive-corrected
noun.communication,depression,-0.08507669197208163,0.9184418445841042,0.8535738234864266,0.9882395624992658,0.022812397596994032,0.03649983615519045,passive-corrected
noun.communication,ptsd,-0.04241005675546532,0.9584766701456507,0.9007582958245837,1.0198934958156638,0.18077650569026205,0.2410353409203494,passive-corrected
noun.communication,ADHD,0.04814798723059728,1.049325930673277,0.9937290562780751,1.1080333233963748,0.08300484670346953,0.11857835243352789,passive-corrected
noun.artifact,OCD,-0.036241222929181964,0.9644076281891522,0.8958337722161106,1.0382306429557706,0.33552912408097046,0.4067019685829945,passive-corrected
noun.artifact,depression,-0.29115747213717624,0.7473979743944645,0.6844151717468289,0.8161767231185534,9.025522624327098e-11,5.157441499615484e-10,passive-corrected
noun.artifact,ptsd,-0.12178592733636022,0.88533787485493,0.8206438511886751,0.9551319388030534,0.0016565794274095412,0.0033981116459682894,passive-corrected
noun.artifact,ADHD,0.30885075341492724,1.361859102514872,1.26985903173194,1.460524490323207,4.94475279140766e-18,4.94475279140766e-17,passive-corrected
noun.group,OCD,0.1044923300699243,1.1101468790846265,1.0447414871971237,1.1796469349061087,0.0007441279193127616,0.0018039464710612402,passive-corrected
noun.group,depression,-0.09686456296919078,0.907678931148148,0.8551748163907273,0.9634065763622944,0.0014410942056665823,0.003115879363603421,passive-corrected
noun.group,ptsd,0.13204118105969265,1.1411553122846512,1.0787989961028919,1.207115923781669,4.1130789475961905e-06,1.3710263158653969e-05,passive-corrected
noun.group,ADHD,-0.1362832392286711,0.8725954442231013,0.8259916110539104,0.9218287438868619,1.1353428930656645e-06,4.325115783107294e-06,passive-corrected
noun.attribute,OCD,-0.09356859930435524,0.9106755435746098,0.8470184523620927,0.9791167398445056,0.011379350486381029,0.019369107210861325,passive-corrected
noun.attribute,depression,-0.17694348613167132,0.8378271320373079,0.7636778435654273,0.9191759445325863,0.00018213895167600922,0.0004857038711360246,passive-corrected
noun.attribute,ptsd,0.0034566956221584733,1.0034626768842858,0.9279894114848393,1.0850741737328833,0.9309515836806729,0.9427357809424535,passive-corrected
noun.attribute,ADHD,0.2094423783335522,1.2329903261065582,1.145566422265295,1.3270859853469832,2.379715610673004e-08,1.189857805336502e-07,passive-corrected
other indefinite,OCD,-0.041989029252062986,0.9588803001488554,0.9089173630749788,1.0115896861106735,0.1240626217472479,0.17412297789087425,passive-corrected
other indefinite,depression,-0.09704599341787502,0.9075142654905424,0.8520589761325363,0.9665787992834098,0.0025558894513171915,0.005111778902634383,passive-corrected
other indefinite,ptsd,0.13434323195251055,1.143785335952836,1.080946604796492,1.2102770746821885,3.163627300526195e-06,1.1003921045308504e-05,passive-corrected
other indefinite,ADHD,-0.001029236746027938,0.9989712927364419,0.9454632262379612,1.0555076242175792,0.9707686659680252,0.9707686659680252,passive-corrected
you,OCD,0.1044690944065861,1.1101210843851679,1.0211803179758672,1.206808239742851,0.014209776320515437,0.023199634809004797,passive-corrected
you,depression,-0.1286460889318473,0.8792850992141847,0.7966509307486767,0.9704906576504154,0.010622867981140538,0.018474553010679195,passive-corrected
you,ptsd,-0.30720400928863456,0.7355005366592493,0.676521593438169,0.7996212459040825,5.867803616966609e-13,4.267493539612079e-12,passive-corrected
you,ADHD,0.24209719609839256,1.2739180066589055,1.1350595723055794,1.4297638003205109,3.931880712972522e-05,0.00012098094501453914,passive-corrected
noun.event,OCD,-0.1912725886908684,0.8259074244404407,0.7640820807901771,0.8927353368114893,1.4483752742453838e-06,5.266819179074123e-06,passive-corrected
noun.event,depression,-0.012889401773501495,0.9871933108122388,0.9019307839328734,1.0805159888909623,0.7797207686444712,0.811404911719714,passive-corrected
noun.event,ptsd,0.031673988864106134,1.0321809479640849,0.9564993365827514,1.113850756181747,0.4149261771512197,0.48107382858112435,passive-corrected
noun.event,ADHD,0.1545337435030629,1.1671136598964076,1.0833877428019627,1.257310048195535,4.725219029340653e-05,0.00014000648975824156,passive-corrected
they,OCD,-0.37266738210091094,0.6888943333262284,0.6422166752111933,0.7389646217655813,2.218858518378756e-25,2.9584780245050082e-24,passive-corrected
they,depression,0.1284412197340441,1.1370545829560545,1.054716196721068,1.2258208688183134,0.0008109544011401129,0.0019081280026826187,passive-corrected
they,ptsd,0.276054018712272,1.317919054394677,1.2213906723977754,1.422076222775421,1.1329588759092262e-12,7.553059172728174e-12,passive-corrected
they,ADHD,0.020307919559534066,1.0205155283438945,0.948878146305954,1.0975613124250572,0.584460619996887,0.64940068888543,passive-corrected
noun.location,OCD,0.12320355350134106,1.1311146398611234,1.013069697739688,1.2629144187835637,0.028458246054217422,0.04464038596739988,passive-corrected
noun.location,depression,-0.1577070821648403,0.8540999264322664,0.7531555407795053,0.9685737471659499,0.013987589441577285,0.023199634809004797,passive-corrected
noun.location,ptsd,-0.05877449444069209,0.942919378745763,0.8446791529242017,1.05258541274083,0.2950871936191859,0.36885899202398237,passive-corrected
noun.location,ADHD,0.049367740146698987,1.0506066299467085,0.9452031585068952,1.1677640737379404,0.36007194893206074,0.4236140575671303,passive-corrected
noun.quantity,OCD,-0.08017309793656904,0.9229565706806846,0.8041516757315049,1.0593136308368147,0.254123691010843,0.3279015367881845,passive-corrected
noun.quantity,depression,-0.02058012383088581,0.979630201605301,0.8473397719928265,1.1325743976825475,0.7809772275302247,0.811404911719714,passive-corrected
noun.quantity,ptsd,0.07000651362329535,1.0725151671912423,0.9355756642619827,1.2294984016740638,0.31514367156207546,0.3878691342302467,passive-corrected
noun.quantity,ADHD,0.029262853545243776,1.0296952179449608,0.9201334269345391,1.1523027104786958,0.6101730477054862,0.6686827920060123,passive-corrected
noun.body,OCD,0.07089255551071334,1.0734658816784959,0.980181015083555,1.1756287679470725,0.12640863491116155,0.17435673780849867,passive-corrected
noun.body,depression,-0.2580795436428045,0.7725337795118669,0.6801185369223124,0.877506505244778,7.181670377902229e-05,0.00020519058222577798,passive-corrected
noun.body,ptsd,-0.2850007666182933,0.7520136778117195,0.6807999119396585,0.8306766227461451,1.9670797700728797e-08,1.0491092107055358e-07,passive-corrected
noun.body,ADHD,0.39372330569672176,1.4824902953006098,1.345140360223398,1.6338647925897392,2.0672999894023683e-15,1.837599990579883e-14,passive-corrected
absolutist pronoun,OCD,-0.1129668103767855,0.8931803039418296,0.8245912955848526,0.967474504789417,0.005586214774897308,0.010392957720739178,passive-corrected
absolutist pronoun,depression,0.1297026479245113,1.1384898006828352,1.0527724699152232,1.2311862850699524,0.0011633248430714188,0.0026590282127346714,passive-corrected
absolutist pronoun,ptsd,0.013473695297221224,1.0135648745767685,0.9356837817980205,1.097928354600443,0.7411685957531382,0.7905798354700141,passive-corrected
absolutist pronoun,ADHD,-0.03620848927081324,0.9644391972956649,0.8940558576166208,1.0403633703154598,0.349001958163658,0.41671875601630803,passive-corrected
