check,category,group,OR,ci_low,ci_high,p,p_bh
post clusters,self (I/we),OCD,1.299596223546361,1.256292265819696,1.344392853643789,6.89936367429876e-52,8.279236409158513e-51
post clusters,self (I/we),depression,0.937240993957224,0.9001899848894163,0.9758169891901595,0.0016350551842945066,0.0025929069298584123
post clusters,self (I/we),ptsd,0.6157554757525553,0.5948889836650914,0.6373538867425238,2.6837577758930428e-167,9.661527993214954e-166
post clusters,self (I/we),ADHD,1.3209368687271068,1.2786635751259676,1.3646077397572518,3.858163212544014e-63,6.944693782579225e-62
post clusters,noun.person,OCD,0.6640641210731782,0.6288671875581193,0.701230984254426,3.915553252769979e-49,3.523997927492981e-48
post clusters,noun.person,depression,0.9360553595373717,0.8807506558074283,0.9948327944364482,0.033442369415122596,0.04299733210515762
post clusters,noun.person,ptsd,1.4362349722204555,1.363406315030441,1.5129538954666177,2.467457993967622e-42,1.7765697556566878e-41
post clusters,noun.person,ADHD,1.0337370654183446,0.9837231357333338,1.086293776778072,0.18972445520432446,0.21344001210486502
post clusters,they,OCD,0.6888943333262284,0.6422166752111933,0.7389646217655813,2.218858518378756e-25,1.3313151110272535e-24
post clusters,they,depression,1.1370545829560545,1.054716196721068,1.2258208688183134,0.0008109544011401129,0.0014597179220522034
post clusters,they,ptsd,1.317919054394677,1.2213906723977754,1.422076222775421,1.1329588759092262e-12,4.078651953273214e-12
post clusters,they,ADHD,1.0205155283438945,0.948878146305954,1.0975613124250572,0.584460619996887,0.6011594948539409
post clusters,he/she,OCD,0.7965268952917484,0.7454499960778271,0.8511034922010691,1.719157698508337e-11,5.626334286027285e-11
post clusters,he/she,depression,0.888207209496322,0.8349155433610852,0.9449004192991215,0.00017312086163256038,0.00034624172326512076
post clusters,he/she,ptsd,1.0518726080157208,0.9980369526159756,1.108612241855065,0.05920169450132568,0.07349175869130084
post clusters,he/she,ADHD,1.350667349952384,1.2731579242278632,1.4328955234157514,2.0755910200262987e-23,1.0674468102992392e-22
post clusters,noun.cognition,OCD,1.1343704474287137,1.0849128158677834,1.1860826908661386,2.9673897534582347e-08,7.63043079460689e-08
post clusters,noun.cognition,depression,0.912836431180512,0.8590069964687187,0.9700390724590771,0.0032721938020471527,0.004908290703070729
post clusters,noun.cognition,ptsd,0.9296348494155096,0.8822424292395543,0.9795731021378208,0.006274551707658723,0.008366068943544965
post clusters,noun.cognition,ADHD,0.9645940415272038,0.9204593941569793,1.0108448790421096,0.13140355940617113,0.15259768189103742
post clusters,absolutist pronoun,OCD,0.8931803039418296,0.8245912955848526,0.967474504789417,0.005586214774897308,0.007734758919088579
post clusters,absolutist pronoun,depression,1.1384898006828352,1.0527724699152232,1.2311862850699524,0.0011633248430714188,0.0019942711595510036
post clusters,absolutist pronoun,ptsd,1.0135648745767685,0.9356837817980205,1.097928354600443,0.7411685957531382,0.7411685957531382
post clusters,absolutist pronoun,ADHD,0.9644391972956649,0.8940558576166208,1.0403633703154598,0.349001958163658,0.3695314851144614
post clusters,noun.time,OCD,0.801319325104219,0.7353064732606713,0.8732585447508329,4.425543872496874e-07,9.957473713117967e-07
post clusters,noun.time,depression,1.2625399060424585,1.1592490537826239,1.3750341301970126,8.633420957123153e-08,2.0720210297095567e-07
post clusters,noun.time,ptsd,0.8647558439850123,0.7948051503427743,0.940862888701372,0.0007342917323730516,0.0013912895981805188
post clusters,noun.time,ADHD,1.117701491247555,1.0365065846298191,1.2052568136681652,0.0038299368956353727,0.0055151091297149365
post clusters,noun.artifact,OCD,0.9644076281891522,0.8958337722161106,1.0382306429557706,0.33552912408097046,0.3660317717246951
post clusters,noun.artifact,depression,0.7473979743944645,0.6844151717468289,0.8161767231185534,9.025522624327098e-11,2.707656787298129e-10
post clusters,noun.artifact,ptsd,0.88533787485493,0.8206438511886751,0.9551319388030534,0.0016565794274095412,0.0025929069298584123
post clusters,noun.artifact,ADHD,1.361859102514872,1.26985903173194,1.460524490323207,4.94475279140766e-18,2.225138756133447e-17
post clusters,noun.body,OCD,1.0734658816784959,0.980181015083555,1.1756287679470725,0.12640863491116155,0.15169036189339385
post clusters,noun.body,depression,0.7725337795118669,0.6801185369223124,0.877506505244778,7.181670377902229e-05,0.0001520824315320472
post clusters,noun.body,ptsd,0.7520136778117195,0.6807999119396585,0.8306766227461451,1.9670797700728797e-08,5.447297824817206e-08
post clusters,noun.body,ADHD,1.4824902953006098,1.345140360223398,1.6338647925897392,2.0672999894023683e-15,8.269199957609473e-15
author clusters,self (I/we),OCD,1.299596223546361,1.251632345129576,1.349398128634262,1.798688617058691e-42,2.158426340470429e-41
author clusters,self (I/we),depression,0.937240993957224,0.8985995580767041,0.9775440827436326,0.002550399611558184,0.003991929826786722
author clusters,self (I/we),ptsd,0.6157554757525553,0.5932344814213432,0.6391314358714123,1.6274681353445096e-143,5.858885287240234e-142
author clusters,self (I/we),ADHD,1.3209368687271068,1.2750263276368976,1.3685005347273735,1.162011287860974e-53,2.0916203181497532e-52
author clusters,noun.person,OCD,0.6640641210731782,0.6258906208800665,0.7045658493438166,7.608023154860346e-42,6.847220839374311e-41
author clusters,noun.person,depression,0.9360553595373717,0.8797270786118472,0.9959902990609598,0.036898587343349526,0.047441040870020816
author clusters,noun.person,ptsd,1.4362349722204555,1.360725959390521,1.5159341094315733,1.980341121388365e-39,1.4258456073996228e-38
author clusters,noun.person,ADHD,1.0337370654183446,0.9820455202355464,1.0881494782068977,0.20488333695982452,0.2304937540798026
author clusters,they,OCD,0.6888943333262284,0.641509074671902,0.739779718208521,1.189246473035485e-24,7.135478838212911e-24
author clusters,they,depression,1.1370545829560545,1.0543248876820868,1.2262758279981116,0.0008604561772239574,0.0015488211190031235
author clusters,they,ptsd,1.317919054394677,1.2207385188386137,1.4228359367156056,1.62117648978891e-12,5.8362353632400766e-12
author clusters,they,ADHD,1.0205155283438945,0.9490722977468979,1.0973367846300328,0.5834018908870753,0.6000705163409917
author clusters,he/she,OCD,0.7965268952917484,0.7424316502036254,0.8545636419852266,2.2984434315896758e-10,6.895330294769027e-10
author clusters,he/she,depression,0.888207209496322,0.8339756752243623,0.9459652966365047,0.00022586315324957398,0.0004517263064991479
author clusters,he/she,ptsd,1.0518726080157208,0.9964152129555116,1.1104165905014085,0.06724327268010832,0.08347440746496206
author clusters,he/she,ADHD,1.350667349952384,1.2716788688503768,1.4345620855339065,1.412567610189116e-22,7.26463342382974e-22
author clusters,noun.cognition,OCD,1.1343704474287137,1.083810722841868,1.1872887810387243,5.967153184364055e-08,1.6524424202854308e-07
author clusters,noun.cognition,depression,0.912836431180512,0.8583886709115198,0.9707378234681578,0.0036549172250716225,0.005482375837607433
author clusters,noun.cognition,ptsd,0.9296348494155096,0.8820846009439094,0.9797483737081493,0.006454248784602087,0.008936652163295198
author clusters,noun.cognition,ADHD,0.9645940415272038,0.9202041100778429,1.0111253087872822,0.13369007746144998,0.1589340311039033
author clusters,absolutist pronoun,OCD,0.8931803039418296,0.821245614963565,0.9714159087290987,0.008365464338128268,0.01115395245083769
author clusters,absolutist pronoun,depression,1.1384898006828352,1.0514468428389392,1.2327385212924054,0.001392149504321287,0.002386542007407921
author clusters,absolutist pronoun,ptsd,1.0135648745767685,0.9346929229468957,1.099092257740553,0.7444347994738509,0.7444347994738509
author clusters,absolutist pronoun,ADHD,0.9644391972956649,0.892587966197476,1.0420742834376524,0.35932593970631854,0.38695323043362634
author clusters,noun.time,OCD,0.801319325104219,0.7341716218897634,0.874608390791077,7.029107298207426e-07,1.5815491420966708e-06
author clusters,noun.time,depression,1.2625399060424585,1.1594872453165357,1.3747516592254898,8.037698134826047e-08,2.0668366632409837e-07
author clusters,noun.time,ptsd,0.8647558439850123,0.7955859416775254,0.9399395219697555,0.0006349896687867654,0.001203138319806503
author clusters,noun.time,ADHD,1.117701491247555,1.0361708506510796,1.2056473338851752,0.0039834352002159545,0.005736146688310974
author clusters,noun.artifact,OCD,0.9644076281891522,0.8916077934492559,1.0431515742043138,0.3654558287428693,0.38695323043362634
author clusters,noun.artifact,depression,0.7473979743944645,0.6847736980281032,0.8157493982866492,6.973432956583623e-11,2.2822144221546404e-10
author clusters,noun.artifact,ptsd,0.88533787485493,0.8197232556436372,0.9562046059522792,0.0019358448445476691,0.0031677461092598225
author clusters,noun.artifact,ADHD,1.361859102514872,1.2679333173915912,1.4627427086765445,2.436244742279589e-17,1.096310134025815e-16
author clusters,noun.body,OCD,1.0734658816784959,0.9777381818162509,1.1785660216186087,0.13685986011725007,0.1589340311039033
author clusters,noun.body,depression,0.7725337795118669,0.6798568434010779,0.877844278953306,7.550746773102246e-05,0.00015989816695981227
author clusters,noun.body,ptsd,0.7520136778117195,0.6773416451756934,0.8349177636482383,9.220851431886748e-08,2.2130043436528197e-07
author clusters,noun.body,ADHD,1.4824902953006098,1.3414747416871375,1.6383293753980057,1.1583057144648289e-14,4.6332228578593154e-14
one post per author,self (I/we),OCD,1.2978759228183658,1.2503978726923717,1.3471567313247088,8.539598156666311e-43,1.0247517787999574e-41
one post per author,self (I/we),depression,0.9320812531639587,0.8938570926195817,0.9719399998870283,0.0009941271528299646,0.0017894288750939364
one post per author,self (I/we),ptsd,0.6277151605344475,0.6049529504810102,0.6513338309227008,8.200997887813242e-135,2.9523592396127672e-133
one post per author,self (I/we),ADHD,1.318487971826629,1.2741666242173588,1.3643510187839794,1.4399084107447565e-56,2.5918351393405615e-55
one post per author,noun.person,OCD,0.6674677208165446,0.6278681496280031,0.7095648323553101,2.1923480743757645e-38,1.973113266938188e-37
one post per author,noun.person,depression,0.9203805233077893,0.8637100101153397,0.9807693528655509,0.010500851904169784,0.01400113587222638
one post per author,noun.person,ptsd,1.4369777174433578,1.3591928587733486,1.519214103502772,2.457378829828033e-37,1.769312757476184e-36
one post per author,noun.person,ADHD,1.0094135320951405,0.9579087702690807,1.0636875978184952,0.725852412092798,0.7685496128041391
one post per author,they,OCD,0.6992454095851227,0.646219921169485,0.7566218972962145,6.031406123392533e-19,3.1018660063161594e-18
one post per author,they,depression,1.1004135676734108,1.017362517932317,1.1902443805191218,0.01685113307490737,0.021665742524880904
one post per author,they,ptsd,1.330351300481619,1.2246730709702447,1.4451486071225417,1.38578165829803e-11,4.988813969872908e-11
one post per author,they,ADHD,0.996866291157305,0.9217941900046773,1.0780523605173498,0.9373736261946155,0.9373736261946155
one post per author,he/she,OCD,0.8280764196834497,0.7683203199459203,0.892480049055615,7.944908335139349e-07,1.7876043754063534e-06
one post per author,he/she,depression,0.868417095364392,0.814407117495126,0.9260089153452676,1.659147554297832e-05,3.318295108595664e-05
one post per author,he/she,ptsd,1.0261839782194901,0.969411037769809,1.0862817897937236,0.37339896919378157,0.43362460938632696
one post per author,he/she,ADHD,1.3509897690151718,1.269124686924497,1.4381355707504655,3.994855577149988e-21,2.3969133462899928e-20
one post per author,noun.cognition,OCD,1.147320338192199,1.0921003310919486,1.2053324414921667,4.740061201177669e-08,1.4220183603533007e-07
one post per author,noun.cognition,depression,0.9142335734857407,0.8583873546117607,0.9737131172750569,0.00529768736402696,0.007880810781682061
one post per author,noun.cognition,ptsd,0.9249405454542535,0.8739971793952975,0.9788532878528591,0.006945227021654399,0.009616468183829167
one post per author,noun.cognition,ADHD,0.9678303133514389,0.9207535282277962,1.017314065844344,0.1986989054595275,0.24666071022562036
one post per author,absolutist pronoun,OCD,0.8799280446649468,0.803987739191853,0.9630412580248494,0.005472785265056988,0.007880810781682061
one post per author,absolutist pronoun,depression,1.1317422440144018,1.0433541533345727,1.2276181609026733,0.002854858525711129,0.004671586678436393
one post per author,absolutist pronoun,ptsd,1.0103904413646079,0.9260016057987566,1.1024698419614098,0.8163060768299905,0.8396291075965616
one post per author,absolutist pronoun,ADHD,0.9680645542293078,0.8935021878404225,1.048849117449012,0.42737225081388686,0.48079378216562274
one post per author,noun.time,OCD,0.783537440828075,0.7132507884081576,0.8607504276996147,3.635701990394006e-07,8.725684776945614e-07
one post per author,noun.time,depression,1.2734954570617072,1.1661048236295486,1.3907760660048702,7.495078629695012e-08,2.075560235915542e-07
one post per author,noun.time,ptsd,0.8401404488563904,0.7681317974855687,0.9188995640007703,0.00013897038017532786,0.00026331229927956855
one post per author,noun.time,ADHD,1.1222904641927425,1.0366480295831735,1.2150082285155253,0.004389663592501096,0.006870777796958238
one post per author,noun.artifact,OCD,0.9786528950734874,0.9020235721180985,1.061792084642243,0.6039661018246073,0.6588721110813898
one post per author,noun.artifact,depression,0.7328332236240582,0.6690179288064548,0.802735637601417,2.2768402274814164e-11,7.451477108121e-11
one post per author,noun.artifact,ptsd,0.8781170921945285,0.8091181326262928,0.9530000583491026,0.0018520184394022687,0.0031748887532610324
one post per author,noun.artifact,ADHD,1.3752116547368587,1.2765206086414222,1.481532755931662,5.047254511584911e-17,2.27126453021321e-16
one post per author,noun.body,OCD,1.0665330648701297,0.9652170269995057,1.178483954015302,0.20593130379543856,0.2471175645545263
one post per author,noun.body,depression,0.7429755191971961,0.6492923629438644,0.8501757507566252,1.5576141613339207e-05,3.2984770475306556e-05
one post per author,noun.body,ptsd,0.7509000282044089,0.6753434341098877,0.8349098012636277,1.1923004867744846e-07,3.0659155374201035e-07
one post per author,noun.body,ADHD,1.522911121369428,1.3749109653571434,1.6868425243726555,7.382857944881934e-16,2.9531431779527737e-15
