category,group,OR,ci_low,ci_high,p_bh
self (I/we),OCD,1.299596223546361,1.251632345129576,1.349398128634262,2.158426340470429e-41
self (I/we),depression,0.937240993957224,0.8985995580767041,0.9775440827436326,0.003991929826786722
self (I/we),ptsd,0.6157554757525553,0.5932344814213432,0.6391314358714123,5.858885287240234e-142
self (I/we),ADHD,1.3209368687271068,1.2750263276368976,1.3685005347273735,2.0916203181497532e-52
noun.person,OCD,0.6640641210731782,0.6258906208800665,0.7045658493438166,6.847220839374311e-41
noun.person,depression,0.9360553595373717,0.8797270786118472,0.9959902990609598,0.047441040870020816
noun.person,ptsd,1.4362349722204555,1.360725959390521,1.5159341094315733,1.4258456073996228e-38
noun.person,ADHD,1.0337370654183446,0.9820455202355464,1.0881494782068977,0.2304937540798026
they,OCD,0.6888943333262284,0.641509074671902,0.739779718208521,7.135478838212911e-24
they,depression,1.1370545829560545,1.0543248876820868,1.2262758279981116,0.0015488211190031235
they,ptsd,1.317919054394677,1.2207385188386137,1.4228359367156056,5.8362353632400766e-12
they,ADHD,1.0205155283438945,0.9490722977468979,1.0973367846300328,0.6000705163409917
he/she,OCD,0.7965268952917484,0.7424316502036254,0.8545636419852266,6.895330294769027e-10
he/she,depression,0.888207209496322,0.8339756752243623,0.9459652966365047,0.0004517263064991479
he/she,ptsd,1.0518726080157208,0.9964152129555116,1.1104165905014085,0.08347440746496206
he/she,ADHD,1.350667349952384,1.2716788688503768,1.4345620855339065,7.26463342382974e-22
noun.cognition,OCD,1.1343704474287137,1.083810722841868,1.1872887810387243,1.6524424202854308e-07
noun.cognition,depression,0.912836431180512,0.8583886709115198,0.9707378234681578,0.005482375837607433
noun.cognition,ptsd,0.9296348494155096,0.8820846009439094,0.9797483737081493,0.008936652163295198
noun.cognition,ADHD,0.9645940415272038,0.9202041100778429,1.0111253087872822,0.1589340311039033
absolutist pronoun,OCD,0.8931803039418296,0.821245614963565,0.9714159087290987,0.01115395245083769
absolutist pronoun,depression,1.1384898006828352,1.0514468428389392,1.2327385212924054,0.002386542007407921
absolutist pronoun,ptsd,1.0135648745767685,0.9346929229468957,1.099092257740553,0.7444347994738509
absolutist pronoun,ADHD,0.9644391972956649,0.892587966197476,1.0420742834376524,0.38695323043362634
noun.time,OCD,0.801319325104219,0.7341716218897634,0.874608390791077,1.5815491420966708e-06
noun.time,depression,1.2625399060424585,1.1594872453165357,1.3747516592254898,2.0668366632409837e-07
noun.time,ptsd,0.8647558439850123,0.7955859416775254,0.9399395219697555,0.001203138319806503
noun.time,ADHD,1.117701491247555,1.0361708506510796,1.2056473338851752,0.005736146688310974
noun.artifact,OCD,0.9644076281891522,0.8916077934492559,1.0431515742043138,0.38695323043362634
noun.artifact,depression,0.7473979743944645,0.6847736980281032,0.8157493982866492,2.2822144221546404e-10
noun.artifact,ptsd,0.88533787485493,0.8197232556436372,0.9562046059522792,0.0031677461092598225
noun.artifact,ADHD,1.361859102514872,1.2679333173915912,1.4627427086765445,1.096310134025815e-16
noun.body,OCD,1.0734658816784959,0.9777381818162509,1.1785660216186087,0.1589340311039033
noun.body,depression,0.7725337795118669,0.6798568434010779,0.877844278953306,0.00015989816695981227
noun.body,ptsd,0.7520136778117195,0.6773416451756934,0.8349177636482383,2.2130043436528197e-07
noun.body,ADHD,1.4824902953006098,1.3414747416871375,1.6383293753980057,4.6332228578593154e-14
