category,overall_pct,epsilon2,p_kw,pct_OCD,g_OCD,p_OCD,pct_depression,g_depression,p_depression,pct_ptsd,g_ptsd,p_ptsd,pct_ADHD,g_ADHD,p_ADHD,p_kw_bh,pbh_OCD,pbh_depression,pbh_ptsd,pbh_ADHD
self (I/we),53.96259319068911,0.022313096705293318,3.6427658710772454e-52,53.58382805873598,-0.028790175850390086,0.9508067965492665,57.428848438818555,0.22881075623474906,2.996419857116585e-27,50.603466385830686,-0.23876067209416502,6.409554888290318e-41,54.88263829831166,0.07230889835435238,0.0009518692748832448,8.499787032513573e-52,0.9679693594302327,1.5254501090775343e-26,5.127643910632255e-40,0.0014406670106341002
it/this/that,10.690644284561962,0.022868280476486435,1.8868607119705467e-53,12.299101571896614,0.2907181269030753,3.56589754384287e-40,8.886181461267686,-0.28138872617753613,1.9626965279688047e-32,10.231974475942488,-0.07652102892943395,0.00730833060515919,10.566003955509371,-0.023085356583724143,0.43202325727897695,5.283209993517531e-53,2.496128280690009e-39,1.2212333951805896e-31,0.009982110094851577,0.49374086546168794
he/she,5.5699124092402155,0.056313190152585194,5.038574447023079e-131,3.6791184457569654,-0.2703842106470735,9.330101547695262e-44,5.304934469143229,-0.03254725729087162,0.09840798514693858,9.191848910910908,0.4884375222549475,5.859557540889309e-125,4.74504971574476,-0.1211955157989055,9.878353430473958e-12,7.054004225832311e-130,1.0449713733418693e-42,0.1172520674091183,3.281352222898013e-123,2.765938960532708e-11
noun.person,3.7713658581642715,0.04185226440662271,1.8331809361533626e-97,2.8929025217738333,-0.26156835279221896,2.7454205755088477e-43,3.969897375180288,0.05080551848132174,0.044039274123039575,5.3142436743286785,0.43149481139812107,1.4900096801864585e-83,3.311804516845708,-0.14073883750173474,4.5240071053871174e-09,1.2832266553073539e-96,2.5623925371415912e-42,0.05480443001978258,4.172027104522084e-82,1.1014973821812112e-08
you,3.4630897325399848,0.005628336031118535,1.1768511084954815e-13,3.884773915732337,0.09443439499326924,0.0013376330183268398,2.8954454786641266,-0.10998947839580225,1.8237339606903175e-05,2.952146612472576,-0.10647871183235627,1.038466249323614e-07,3.777541060475527,0.07275278525901341,1.5753895791781618e-07,1.5816901097644697e-13,0.0019712486585869216,3.094821266625994e-05,2.4230879150884325e-07,3.3931467859221946e-07
noun.group,2.5144928326614435,0.011020110969519338,4.691818226641401e-26,2.165401850566875,-0.14911238520779052,8.226378655390123e-20,2.9427188581605357,0.1581957564296487,3.0289088515275086e-13,2.6825894438019993,0.06668482719805265,3.439265341588514e-06,2.469351990308344,-0.019883057708164533,0.185823453095878,7.298383908108846e-26,3.290551462156049e-19,8.927310299238973e-13,6.4199619709652265e-06,0.21679402861185768
they,2.383082777040784,0.0047495017354960275,1.2032914908679576e-11,2.168215185027225,-0.07331217841862152,0.002486039818353227,2.725195348186567,0.1010192063693114,1.379716752658257e-07,2.6924095912097314,0.09823396005435138,0.0003831977876825337,2.156194168988963,-0.08001645186808574,3.9752959879488936e-06,1.4038400726792839e-11,0.0035696982007123257,3.090565525954496e-07,0.0005960854475061635,7.181179849198001e-06
noun.state,2.33551420903536,0.0011470434279959344,0.0015904454032056694,2.3764567745811123,0.018790393668424398,0.5445410991108555,2.499177585427239,0.06500964927733713,0.00030673403317158095,2.3289183789257564,-0.00281655768954826,0.905944005121351,2.2102485563812446,-0.05943519370333254,0.01317993223652508,0.0015904454032056694,0.5979274813766257,0.0004907744530745295,0.9394974867925121,0.017573242982033437
noun.cognition,2.24710215586753,0.0331804529030812,2.3835131055406763e-77,3.2753074434731806,0.4261161686830443,4.7630288105885723e-70,1.6192870941269892,-0.22185168143582287,3.889003216937243e-23,1.70736927005114,-0.20514225493034322,2.474707414272059e-16,2.0561453471502413,-0.08036872362673952,0.09395148161772275,1.1123061159189822e-76,8.890987113098669e-69,1.6752629242191201e-22,8.1519773646609e-16,0.11437571675201032
other indefinite,1.6033414296517907,0.004631087019952475,2.2424409362112547e-11,1.8366919295968267,0.14020815675648893,1.038392024718976e-10,1.5245475554712964,-0.04088737887814489,0.014354336800258502,1.58559887499598,-0.009899632668459194,0.44229930339063095,1.4453046203732234,-0.09803959469197271,5.458931627720361e-07,2.41493639284289e-11,2.6431796992846664e-10,0.018694020018941306,0.49537521979750665,1.0917863255440723e-06
not in WordNet,1.450070747091541,0.005618000103809631,1.2427565148149405e-13,1.5679265049865772,0.06675805479754122,0.0035114577089828507,1.1480393548297525,-0.14819777626253713,2.1657672263044662e-11,1.2804811926950816,-0.08940616469455955,0.019021713716666614,1.6390067644465527,0.1106981261092542,1.7094427176411736e-06,1.5816901097644697e-13,0.004916040792575991,5.7753792701452435e-11,0.024209453821212056,3.3009928340657144e-06
noun.communication,1.3429289970178633,0.014118232360279075,3.3067925703156484e-33,1.3872278363789246,0.026075799814467924,0.8363537839260762,0.9325773410004524,-0.20964717310435002,7.640334287356787e-19,1.1700515662900117,-0.09475548798671883,0.00011218386953849326,1.6634992547801684,0.19579906882162254,2.795281376546318e-26,6.613585140631297e-33,0.8836945641483069,2.8523914672798672e-18,0.00018477343218104773,1.3044646423882818e-25
noun.act,1.2839961154706618,0.013079640550987006,8.285361117074155e-31,1.0950301578491104,-0.1145003341081346,8.904015721111989e-14,1.040577375466091,-0.12760107076469387,1.6847247756051264e-05,1.2111117656012704,-0.04104368511823693,0.6233618107731798,1.6509439193989655,0.2307834112247433,1.8132557524548274e-29,1.4499381954879772e-30,2.770138224345952e-13,2.948268357308971e-05,0.6713127192941937,1.0154232213747034e-28
absolutist pronoun,1.0877149714922991,0.025854992158900376,2.2759027559587306e-60,0.9297474254224636,-0.1184079459717999,1.3382406136954465e-16,1.6651503963495389,0.37779680474616784,4.31794417048455e-58,0.9920671716771752,-0.06664126863481382,0.9679693594302327,0.9799009029650128,-0.0834629307770994,4.011528321670904e-07,7.965659645855557e-60,4.683842147934063e-16,6.04512183867837e-57,0.9679693594302327,8.320206889391504e-07
