category,group,log_or,OR,ci_low,ci_high,p,p_bh
self (I/we),OCD,0.2488525398762339,1.2825528937164539,1.2356582667492435,1.331227224747134,3.542674734415594e-39,5.66827957506495e-38
self (I/we),depression,-0.07184342779205702,0.9306766024946329,0.8909403158425401,0.9721851430775675,0.0012504665039038227,0.002703711359792049
self (I/we),ptsd,-0.5347970238418278,0.5857881791126717,0.5641220206715174,0.6082864667818932,3.0321230690759318e-170,2.425698455260745e-168
self (I/we),ADHD,0.3605387662037623,1.4341018520706919,1.3837631593448445,1.4862717714542475,4.742228647851038e-87,1.8968914591404152e-85
it/this/that,OCD,0.07687853942739994,1.0799109018299995,1.045486276958766,1.115469022973391,3.3002473245312065e-06,1.1000824415104022e-05
it/this/that,depression,-0.17250809292371308,0.8415514781723008,0.8048347955143476,0.8799431813349817,3.4729637006209405e-14,2.7783709604967524e-13
it/this/that,ptsd,0.040039028545682406,1.0408513963159416,1.0059995859960122,1.0769106113897942,0.021208935470736615,0.03688510516649846
it/this/that,ADHD,0.0005257428911841708,1.000525881118201,0.9688833211295389,1.0332018489288375,0.9744204966724905,0.9867549333392308
noun.person,OCD,-0.41044112529653287,0.6633575617837982,0.6283998560054298,0.7002599548207781,6.022821843825695e-50,1.6060858250201853e-48
noun.person,depression,-0.06909718398215658,0.9332359800821438,0.8780316005604303,0.9919112181884824,0.02634666092260322,0.04391110153767203
noun.person,ptsd,0.3619443117229766,1.4361189647427286,1.3637777059607723,1.5122975481115912,7.1467863047543844e-43,1.429357260950877e-41
noun.person,ADHD,0.03620086779142468,1.0368640981761037,0.9870050411319284,1.0892418106128423,0.149930208675261,0.2104283630529979
noun.state,OCD,-0.0044767048999921535,0.9955333006072525,0.9521669546526679,1.0408747623251635,0.8438219201269095,0.8766980988331528
noun.state,depression,0.053218561112259685,1.0546601276217313,1.0029708406035212,1.1090132831037975,0.03792162406037306,0.05778991704882441
noun.state,ptsd,-0.04666102206673661,0.9544108669859552,0.9120395455728623,0.9987506654097286,0.044014070420714715,0.06520603025291069
noun.state,ADHD,0.007467515219652714,1.0074954666440081,0.9653680423275376,1.0514612777743417,0.7318513533986541,0.7806414436252311
noun.cognition,OCD,0.12562299077209926,1.133854614039551,1.0848875073437723,1.1850318830995605,2.4422527641299442e-08,1.3025348075359705e-07
noun.cognition,depression,-0.08485900891874273,0.9186417955713286,0.8654097528261497,0.9751481836374041,0.005331193337706674,0.010662386675413348
noun.cognition,ptsd,-0.0650686120560423,0.9370031714577164,0.8897787868118138,0.9867339571757047,0.013657030625127888,0.024830964772959794
noun.cognition,ADHD,-0.0431520552053604,0.9577657457271676,0.9145777877053801,1.0029931144400581,0.06679571734424684,0.09542245334892406
he/she,OCD,-0.22655753485286736,0.7972734699815804,0.7430094707975016,0.8555005163718935,2.9839939847813087e-10,1.7051394198750336e-09
he/she,depression,-0.1341930471017507,0.8744212438218479,0.8191198453129506,0.9334562164768724,5.676161776743772e-05,0.00016217605076410775
he/she,ptsd,0.035721069470942786,1.036366731850536,0.9808229105687822,1.0950559895299676,0.2037222378190512,0.27162965042540155
he/she,ADHD,0.33952627581540074,1.4042821905323368,1.3188826094016892,1.4952115196521543,2.7774076885895936e-26,3.7032102514527913e-25
noun.act,OCD,0.035408240947092905,1.036042577480654,0.9754350800165424,1.1004158496478862,0.2496095948885131,0.327356845755427
noun.act,depression,-0.139588626702453,0.8697159397328127,0.8134703189951704,0.9298505405331455,4.272826044128816e-05,0.0001266022531593723
noun.act,ptsd,-0.0932130753722706,0.9109993680849855,0.8583780530933047,0.9668465376770665,0.0021357672780737895,0.004496352164365873
noun.act,ADHD,0.12587213824631568,1.134137146247399,1.0770309315764868,1.1942712403026727,1.7947071309542648e-06,6.836979546492437e-06
noun.time,OCD,-0.19502410952108556,0.8228148201456222,0.756887756099417,0.8944843179129796,4.7186422058533685e-06,1.5099655058730778e-05
noun.time,depression,0.2347938759051839,1.2646480674272451,1.1638372494555074,1.3741910522246155,3.0287355842317914e-08,1.5143677921158957e-07
noun.time,ptsd,-0.1427493725924847,0.8669713284451912,0.7993247711320365,0.9403427886783957,0.00057309400148749,0.0013484564740882119
noun.time,ADHD,0.0874123012780312,1.0913465505483118,1.0141780544079906,1.174386773818476,0.01947680651229871,0.034625433799642155
noun.communication,OCD,0.02704575119867396,1.02741480714719,0.9710566843182803,1.0870438389354757,0.34741346554277497,0.40872172416797053
noun.communication,depression,-0.09593760809153955,0.9085206986406849,0.8456123015504554,0.9761090967398942,0.008780340963120166,0.016335518070921238
noun.communication,ptsd,-0.0445721044968342,0.9564066363880683,0.8997372692131063,1.0166452868259315,0.15264003861766678,0.21053798430023002
noun.communication,ADHD,0.05811440765416592,1.0598362421526595,1.00448251449046,1.118240331689655,0.03371877404310212,0.05395003846896339
noun.artifact,OCD,0.016850339926577754,1.0169931076721326,0.9458603629889996,1.0934753389857934,0.6487688438648249,0.710979554920356
noun.artifact,depression,-0.31397284341815385,0.7305388668285773,0.6703854505393337,0.7960898249176256,7.978533289881037e-13,4.909866639926791e-12
noun.artifact,ptsd,-0.12503930607606,0.8824622157759253,0.8194610320736249,0.9503070088660294,0.0009370978506201955,0.002082439668044879
noun.artifact,ADHD,0.2751769186512254,1.3167636143039738,1.2296397619047823,1.4100604662206162,3.306081462027928e-15,3.306081462027928e-14
noun.group,OCD,0.11174901849569224,1.1182321698302677,1.0525139171447435,1.1880538254881297,0.0002988860606953611,0.0007713188663106093
noun.group,depression,-0.10656053499449378,0.8989206303587483,0.8469148353181818,0.9541199020099651,0.0004571957321945765,0.0011083532901686702
noun.group,ptsd,0.13485875433087913,1.1443751349037863,1.0817286016502805,1.210649739119542,2.6656032144210693e-06,9.271663354508068e-06
noun.group,ADHD,-0.13828256286353638,0.8708525863767922,0.8243540279250579,0.9199739450634348,7.839305460496483e-07,3.300760193893256e-06
noun.attribute,OCD,-0.08082186298995316,0.9223579829042463,0.8586059975189625,0.9908435895923277,0.026985803715827317,0.04405845504624868
noun.attribute,depression,-0.19535619159933465,0.8225416234545073,0.7510832867048117,0.9007985323218644,2.518783852578726e-05,7.750104161780694e-05
noun.attribute,ptsd,0.016191000297174157,1.0163227848229077,0.9415890898592406,1.0969880748136127,0.6777798614092514,0.7327349853072989
noun.attribute,ADHD,0.19844724950149392,1.2195076960786109,1.1340839742947657,1.3113658728135908,8.512858250976813e-08,4.006050941636147e-07
other indefinite,OCD,-0.0288898501873476,0.9715234717014786,0.9216826025958185,1.0240595335190454,0.2822918110067115,0.34743607508518337
other indefinite,depression,-0.11658760958490948,0.8899521252249107,0.8359484809772099,0.9474444935487927,0.00026192705282843365,0.0006984721408758231
other indefinite,ptsd,0.1353910190109485,1.1449844075016031,1.0827478767287333,1.2107983045717359,2.0532903971482216e-06,7.466510535084442e-06
other indefinite,ADHD,0.00023761643143402908,1.0002376446644545,0.9476455869597806,1.055748435460563,0.9931202221200517,0.9931202221200517
you,OCD,0.10270388540599755,1.1081632171860556,1.0141874335026637,1.2108469059638804,0.02311125033759294,0.03933829844696671
you,depression,-0.1049721693483535,0.9003495795530968,0.8102363645970592,1.0004850446382696,0.051058560880160635,0.07426699764387001
you,ptsd,-0.3256987270219962,0.7220226805908327,0.6614784661505321,0.788108423727487,3.12124242849434e-13,2.0808282856628932e-12
you,ADHD,0.24722036282389825,1.280461247747545,1.1274239826542536,1.4542718907958594,0.00014076131687483943,0.0003883070810340398
noun.event,OCD,-0.1848914654161237,0.8311944923050113,0.7707468458440064,0.8963828885756029,1.5899286926869112e-06,6.359714770747645e-06
noun.event,depression,-0.001687396835594961,0.9983140260180267,0.9150670546655859,1.0891342765132586,0.9697003422087976,0.9867549333392308
noun.event,ptsd,0.04921976018363966,1.0504511727189803,0.975793296836046,1.1308211173867937,0.19069212362050247,0.25856559134983387
noun.event,ADHD,0.12433440029882467,1.1323944807447894,1.0530595957878137,1.2177062581742446,0.0007933957625707361,0.001813476028733111
they,OCD,-0.37147656744003366,0.6897151674317942,0.6421112033703653,0.7408483292123519,2.4185642321343473e-24,2.76407340815354e-23
they,depression,0.11120411134518343,1.1176230031097223,1.0352110055771246,1.2065957281661996,0.004434526316639332,0.00909646423926017
they,ptsd,0.29455144915978526,1.3425240333264454,1.2406883834195996,1.4527183490598918,2.50748214279495e-13,1.8236233765781457e-12
they,ADHD,0.017881288511206177,1.0180421159209367,0.944957398723971,1.096779337553524,0.6380302624435408,0.7089225138261565
noun.location,OCD,0.11259922842119602,1.1191833061955696,1.0060937044412523,1.244984704046507,0.038285820044846174,0.05778991704882441
noun.location,depression,-0.16685025294503986,0.8463263367250344,0.7505746135159072,0.9542932245992307,0.006455049894236971,0.012295333131879945
noun.location,ptsd,-0.04954614289684589,0.9516612447166766,0.8567885806136095,1.057039210358155,0.35512026346162606,0.4117336387960882
noun.location,ADHD,0.05672238621469439,1.058361953739857,0.9555486347422488,1.1722375862388132,0.27663408514825705,0.3457926064353213
noun.quantity,OCD,-0.07134781456638559,0.9311379724487339,0.8149498676201529,1.0638911154962665,0.2940742271459309,0.3511334055473802
noun.quantity,depression,-0.05264273407182321,0.9487188968800419,0.8230964468312402,1.0935140696602044,0.4675827540658687,0.5343802903609928
noun.quantity,ptsd,0.07216578959525821,1.0748335255082546,0.940440249822054,1.2284322239239533,0.28962981415023725,0.35106644139422694
noun.quantity,ADHD,0.037686855621690586,1.0384060109557134,0.9309749831411328,1.158234177196459,0.49880545224867334,0.5620343123928713
noun.body,OCD,0.05172855141470344,1.0530898439634078,0.9621943146141334,1.1525719936347927,0.2613544159980612,0.3372315045136273
noun.body,depression,-0.22574017405685756,0.7979253964529169,0.70397662818536,0.9044120398509918,0.00041246315775975525,0.001031157894399388
noun.body,ptsd,-0.2668331303101622,0.7658008497541917,0.6939661112040747,0.8450714408326265,1.0985057005424614e-07,4.882247557966495e-07
noun.body,ADHD,0.38380242155095445,1.467855396436937,1.3336763579016992,1.6155339727540148,4.255799452493467e-15,3.7829328466608596e-14
absolutist pronoun,OCD,-0.08573904031214324,0.917833717571092,0.8474071260366729,0.9941133455537097,0.03529581959150201,0.05536599151608159
absolutist pronoun,depression,0.11032676257702659,1.1166428879589598,1.0322848134578435,1.2078946846584089,0.005908317554766534,0.011528424497105432
absolutist pronoun,ptsd,0.013299785886075341,1.0133886214327572,0.9355268624250799,1.097730636389531,0.7443728390730231,0.7835503569189717
absolutist pronoun,ADHD,-0.04216282565218877,0.9587136646852792,0.8889362753017812,1.0339682566584942,0.27413524208411244,0.3457926064353213
