category,group,g_half1,g_half2
self (I/we),OCD,-0.006531283606966469,-0.051013623678758245
self (I/we),depression,0.19899667803149587,0.25935091363474133
self (I/we),ptsd,-0.21430667852655907,-0.2624746621050659
self (I/we),ADHD,0.04659352491792586,0.09750587501897869
it/this/that,OCD,0.28906215875168806,0.2922275997382628
it/this/that,depression,-0.29623994342824045,-0.26575154481735935
it/this/that,ptsd,-0.1075237765176608,-0.04507733706744323
it/this/that,ADHD,0.019541314987975608,-0.06472702864398916
he/she,OCD,-0.3079941405921434,-0.23332292091602055
he/she,depression,-0.012152250428018015,-0.053474808110340756
he/she,ptsd,0.5062729525565562,0.4709977391397465
he/she,ADHD,-0.11294208728001319,-0.1294401358899064
noun.person,OCD,-0.2648613495800881,-0.25847099833212817
noun.person,depression,0.0819477093132011,0.01998858174684976
noun.person,ptsd,0.38694805107220304,0.4740478628288529
noun.person,ADHD,-0.12485991480896207,-0.15589237159804095
you,OCD,0.10158298778344563,0.08684180233902299
you,depression,-0.09950243089716015,-0.12215613304279142
you,ptsd,-0.09625664925442116,-0.11690441812799647
you,ADHD,0.05282841830695183,0.09318579251492855
noun.group,OCD,-0.15096315256496912,-0.14716686430877185
noun.group,depression,0.15323585734134348,0.16419157289965092
noun.group,ptsd,0.058592397922734005,0.07449497507950575
noun.group,ADHD,-0.010873517959995502,-0.02883543915609927
they,OCD,-0.08242648696320626,-0.0631590885659348
they,depression,0.12227625059992525,0.0762084600101032
they,ptsd,0.0904814275183247,0.10699434744350104
they,ADHD,-0.08277180060883238,-0.07778697331904687
noun.state,OCD,0.0240209449047686,0.013276010378926546
noun.state,depression,0.08921922424731897,0.038059420322400776
noun.state,ptsd,-0.03458280437745056,0.029312703849953516
noun.state,ADHD,-0.05742156254070065,-0.06094831119827934
noun.cognition,OCD,0.3962154640435597,0.45564414284317006
noun.cognition,depression,-0.217731204151582,-0.22570791782384572
noun.cognition,ptsd,-0.19323751530364555,-0.21657946378496237
noun.cognition,ADHD,-0.06419775243054568,-0.09608765204443553
other indefinite,OCD,0.1961338937241727,0.08754247551589642
other indefinite,depression,-0.06915493087705993,-0.012364015192272981
other indefinite,ptsd,-0.05358979184593054,0.03092377611973532
other indefinite,ADHD,-0.09665625087221554,-0.0995120821873127
not in WordNet,OCD,0.03769725960758558,0.09511706838365509
not in WordNet,depression,-0.1386429779804573,-0.15743464077785257
not in WordNet,ptsd,-0.08107440819799866,-0.09743137485782535
not in WordNet,ADHD,0.1302242056856881,0.09195350747026507
noun.communication,OCD,0.07803587775684935,-0.025131166874959636
noun.communication,depression,-0.21253524000791366,-0.2068580692598866
noun.communication,ptsd,-0.1035134009116596,-0.08623739856704332
noun.communication,ADHD,0.16205132602329694,0.22778066496697075
noun.act,OCD,-0.10246412651118363,-0.1256150607888815
noun.act,depression,-0.09932673848739894,-0.1548202492852095
noun.act,ptsd,-0.04516572201380008,-0.03746632708512328
noun.act,ADHD,0.20967173728651523,0.24878241770230627
absolutist pronoun,OCD,-0.1588555929648563,-0.08003458881766859
absolutist pronoun,depression,0.4017428685587592,0.35728681248597244
absolutist pronoun,ptsd,-0.05380993708949719,-0.07880385251082767
absolutist pronoun,ADHD,-0.08107676688854348,-0.0870237224327113
