category,group,OR_half1,OR_half2
self (I/we),OCD,1.297143441476954,1.2678941040650653
self (I/we),depression,0.8958684006513546,0.9719803723599129
self (I/we),ptsd,0.6029840606321978,0.569146815899977
self (I/we),ADHD,1.4326499877414922,1.43602504126294
it/this/that,OCD,1.096992647791493,1.0622673109574425
it/this/that,depression,0.7944626803610805,0.8966166401046982
it/this/that,ptsd,1.0416274068170126,1.0404309394540028
it/this/that,ADHD,1.0306130519286019,0.973168039289588
noun.person,OCD,0.6779067818778204,0.6497018736728188
noun.person,depression,0.9579649041347719,0.9122711768854832
noun.person,ptsd,1.4399257589774925,1.4295697289183378
noun.person,ADHD,1.0011862877429836,1.065782600351697
noun.state,OCD,0.9654199944787427,1.0265457451794024
noun.state,depression,1.0661377173556477,1.0427130016555863
noun.state,ptsd,0.9404332222607801,0.968670899764008
noun.state,ADHD,1.0446141683538461,0.9724750410156053
noun.cognition,OCD,1.1098828135584808,1.1585398719998194
noun.cognition,depression,0.9070094134755688,0.9307497372139104
noun.cognition,ptsd,0.9109566323280069,0.9626932706750914
noun.cognition,ADHD,1.0107230220806067,0.9105355181076524
he/she,OCD,0.7882089221993079,0.8060935192319957
he/she,depression,0.9057630477172537,0.8388755387155397
he/she,ptsd,1.055877546122221,1.0175526501523262
he/she,ADHD,1.3691874716113217,1.4366866666714389
noun.act,OCD,1.0236397069644703,1.0489563157547463
noun.act,depression,0.9151716733685388,0.8224619639454007
noun.act,ptsd,0.8784199141461435,0.9447938085507778
noun.act,ADHD,1.1484978000630899,1.1201280244488148
noun.time,OCD,0.8573958827635446,0.788408539675836
noun.time,depression,1.2408254427729377,1.2873492884122317
noun.time,ptsd,0.8201105688726146,0.9176946070688982
noun.time,ADHD,1.1167864680887527,1.068880217152555
noun.communication,OCD,1.0812214166951877,0.973779653410563
noun.communication,depression,0.8459962834189575,0.9840551292797585
noun.communication,ptsd,0.9316426930155357,0.981656519117849
noun.communication,ADHD,1.075555942675692,1.0456424813778187
noun.artifact,OCD,1.0415907427979902,0.9916115834185316
noun.artifact,depression,0.7284174340491801,0.7314642130304402
noun.artifact,ptsd,0.8783261781786798,0.8873225694538257
noun.artifact,ADHD,1.3011924066052256,1.3329210801819056
noun.group,OCD,1.1639175405374462,1.0737098333881563
noun.group,depression,0.881908271262031,0.9171108802227687
noun.group,ptsd,1.0865427345805496,1.2035730416975043
noun.group,ADHD,0.8974533897920282,0.8467411418811209
noun.attribute,OCD,0.9666882486542729,0.8801768915750688
noun.attribute,depression,0.7597249819475641,0.8949699669835006
noun.attribute,ptsd,1.0196911610276187,1.0117117000791658
noun.attribute,ADHD,1.229019380221454,1.210327859544146
other indefinite,OCD,0.9207705839015304,1.02729209262946
other indefinite,depression,0.9385467470442296,0.837327692102668
other indefinite,ptsd,1.1709942961337512,1.119682590096368
other indefinite,ADHD,1.0030686631847145,0.9977151029765147
you,OCD,1.153751939363259,1.0617608207743032
you,depression,0.9361439781860628,0.8629469765143178
you,ptsd,0.7209050111589108,0.7237669011610324
you,ADHD,1.205560803490824,1.36646053416015
noun.event,OCD,0.8268362991313507,0.8355106131633878
noun.event,depression,0.9788969204798946,1.0185268103835965
noun.event,ptsd,1.0412199083491878,1.0599768338895057
noun.event,ADHD,1.167064213402085,1.101316095673271
they,OCD,0.6862386969714139,0.6926186164738789
they,depression,1.0362140467672067,1.2201885655664255
they,ptsd,1.46002316094438,1.2429192036833856
they,ADHD,1.0000849610138962,1.0338549530901002
noun.location,OCD,1.0607759111284722,1.1862219148972568
noun.location,depression,0.8473254432056961,0.8385579268023646
noun.location,ptsd,0.9575777477215436,0.9481056797973736
noun.location,ADHD,1.113155278813075,1.0025189150040272
noun.quantity,OCD,0.902982495814397,0.9586904653324463
noun.quantity,depression,0.934528326287423,0.9640795331024432
noun.quantity,ptsd,0.9403140923645209,1.2148359974421044
noun.quantity,ADHD,1.1912832622349898,0.9061315941907144
noun.body,OCD,1.029395658258678,1.0765862349915507
noun.body,depression,0.7292934077357376,0.8799991844647754
noun.body,ptsd,0.8217885398982304,0.714022476728222
noun.body,ADHD,1.5040856190442409,1.4345001067313141
absolutist pronoun,OCD,0.912620922747022,0.9215389845586902
absolutist pronoun,depression,1.041756943147307,1.2166800829886453
absolutist pronoun,ptsd,1.076036561652472,0.9519765691026347
absolutist pronoun,ADHD,0.9723587336040517,0.9422671596196084
