category,group,mention,mention_lo,mention_hi,agent,agent_lo,agent_hi
self (I/we),OCD,28.690253512158236,28.400821712728845,28.977599983699285,85.46864728268409,85.19949550198452,85.74389438922148
self (I/we),depression,31.300987666562005,30.96616668780838,31.622467688802747,82.03736130298203,81.61854790034837,82.45791972242854
self (I/we),ptsd,28.55217351270764,28.24213911025649,28.880596001472398,79.23522388878978,78.84806381184958,79.55571086455231
self (I/we),ADHD,28.645417697808163,28.340006094278102,28.91812686774129,85.42844022654216,85.18003098604959,85.68350271134469
noun.person,OCD,4.4357273745027435,4.315101158658885,4.559901284099011,26.912424419738638,26.044193888787166,27.80462689411294
noun.person,depression,5.410958526817929,5.240468782767304,5.5825401287654195,32.35773185381248,31.216865385090763,33.48702977936901
noun.person,ptsd,6.176423915790464,5.990068508827531,6.35939916799252,38.57011450502743,37.57388968092844,39.56246034018584
noun.person,ADHD,4.167594767092102,4.060469696202416,4.2760413631347,33.40627893274977,32.5393725413742,34.2850710638493
they,OCD,1.8052640412789984,1.720904752936401,1.8895367785752217,59.53225342662705,58.16133060084253,60.89022309692383
they,depression,1.9998457631693465,1.8923109201247055,2.1142858173025663,68.00716154799615,66.52554624226946,69.50341026623722
they,ptsd,1.9389116469876049,1.8427415635846187,2.0385523565900168,69.83934525613823,68.49341412179776,71.28300728702271
they,ADHD,1.620419495545995,1.5495526330495266,1.688242671372577,65.69975105530902,64.2053979676445,67.05347580412591
