method,metric,H,p_kw,epsilon2,g_OCD,p_OCD,g_depression,p_depression,g_ptsd,p_ptsd,g_ADHD,p_ADHD,p_kw_bh,pbh_OCD,pbh_depression,pbh_ptsd,pbh_ADHD
TEA,First-Person Agent Ratio,178.3320054898956,2.021468120133994e-38,0.016372397561854105,-0.03273578815488009,0.8728680644471418,0.31019218931142833,7.159743394110653e-33,-0.17286646565970912,2.4113570662046183e-18,-0.03236041315648374,0.09613872121619023,3.2343489922143905e-37,0.8728680644471418,4.582235772230818e-31,1.1871296325930429e-17,0.11832457995838798
TEA,LSCC Fraction,146.3162094869333,1.6419632421755828e-31,0.01338278172443116,0.06731578106717295,0.03242813904002356,0.05074651199192634,0.012941456297592456,0.16729097390896638,2.1178208352598216e-15,-0.23933836897213476,5.0970449187695914e-30,8.757137291603108e-31,0.04235512037880629,0.01725527506345661,8.471283341039286e-15,8.155271870031346e-29
TEA,TEA Triplets/Word,60.49954966617696,4.597420807113459e-13,0.0053692734770918816,0.05852794859107703,3.2167299144060327e-09,0.05927956512529943,0.00912156779888769,-0.02140913684622985,0.07313427250496095,-0.07805573266302293,3.1378255895103743e-10,4.90391552758769e-13,8.111872197225943e-09,0.012690876937582873,0.09177634196700982,8.367534905360999e-10
TEA,Graph Density,132.22997819402113,1.7884549528654228e-28,0.012067417890934833,0.062384256386791015,1.8514664660587307e-29,0.02133046028800623,2.0092077519739532e-07,-0.04586279071945863,4.1180783599774256e-05,-0.03571001060045056,0.002660970906601505,4.769213207641127e-28,2.3698770765551755e-28,4.59247486165475e-07,7.321028195515424e-05,0.0038705031368749167
TEA,Avg Clustering,43.49452687210583,1.932423537743655e-09,0.003781354643020434,-0.056744199210127,0.011570823516342085,-0.11330216079054752,2.115412765142069e-06,0.01918072097691394,0.23735837832171236,0.11467286467902772,1.2763197621261004e-07,1.932423537743655e-09,0.015756015000976457,4.230825530284138e-06,0.2761988402289017,3.0253505472618677e-07
TEA,Node Type-Token Ratio,144.42602371188954,4.197847240876017e-31,0.013206277309915916,-0.2366503579011776,4.7783330775928537e-32,0.01122395706458351,0.16564930544609824,0.09373423820438608,6.818252410117569e-05,0.13948921936932016,1.5413910117461366e-11,1.6791388963504068e-30,1.5290665848297132e-30,0.19632510275093124,0.0001179373389858174,5.192053934302776e-11
TEA,Edge Repetition Index,113.26507485425205,2.175576480918876e-24,0.010296486586446172,0.14953525262217235,8.651064695708093e-20,0.06878639682646097,0.11521940001578722,-0.045080911555134495,0.052903792135730744,-0.15172346752451474,3.549822323368564e-17,3.480922369470201e-24,5.53668140525318e-19,0.1391328603964223,0.06771685393373535,1.5145908579705874e-16
TEA,Mean Edge Weight,84.63519525292092,3.1078482128959725e-18,0.00762304559276505,-0.012713887528234357,2.4421861166124737e-10,0.06378140728552371,0.00015945073465647425,-0.016706022040341082,1.1550171648962657e-12,-0.01686887361665558,0.005239294487622227,3.5518265290239684e-18,7.104541430145378e-10,0.00026166274405165006,4.3482999149035885e-12,0.007451441049062722
TEA,Unique Nodes/Word,102.09788508245555,5.500058239317395e-22,0.009253701100238635,-0.20662319432329793,2.855197078015085e-19,0.16245934200998616,2.252437016706853e-11,0.07824193431328699,0.0018152014183164336,0.022107939584059346,0.6645360580435054,8.000084711734392e-22,1.6612055726633222e-18,6.864569955678028e-11,0.002701695134238413,0.6859727050771668
RQA,Recurrence Rate,152.0592286735299,9.473989930240855e-33,0.013919061413159949,0.11577643105134845,3.2954480801230393e-09,0.14034067159742658,4.170404381194807e-07,-0.25706038494631794,1.0147572550294888e-31,0.00842437329122072,0.4413782249355287,7.579191944192684e-32,8.111872197225943e-09,9.203651048154056e-07,2.1648154773962427e-30,0.4955825683486638
RQA,Determinism,116.57165678238134,4.223783657906565e-25,0.010605253224613068,0.13373132275605465,3.069026903540468e-10,0.09048578778481153,0.0006177897791635807,-0.23159945255135736,4.929754673346547e-24,0.0039149293891129495,0.7842686707242098,9.654362646643576e-25,8.367534905360999e-10,0.0009413939492016468,3.9438037386772374e-23,0.7967173797833242
RQA,Laminarity,134.0115090972192,7.38731915550743e-29,0.012233776178655262,0.1379614034409143,2.0338283541966122e-11,0.09750979127869651,0.0005100543830314016,-0.2534040703772442,8.611458222775962e-28,0.013095096142243258,0.5638639191830346,2.3639421297623777e-28,6.508250733429159e-11,0.0007961824515612123,9.185555437627692e-27,0.611648997079902
RQA,Trapping Time,115.31977526744019,7.856681108866828e-25,0.010488353279245513,0.032810416059943046,1.4072468524837797e-06,0.11710129413367197,1.0182964437086489e-05,-0.1253819774305362,5.775944176659564e-25,-0.005651675179427281,0.2757057916156256,1.3967433082429916e-24,2.905283824482642e-06,1.8620277827815293e-05,5.280863247231601e-24,0.3150923332750007
RQA,Mean Diagonal L,88.17886214256855,5.391004167066318e-19,0.007953951082507101,0.025120382998509858,6.168904812625776e-06,0.10722644520248921,0.00011451549334112908,-0.10204593514020799,4.792691731478037e-19,-0.011084620278844862,0.5744004344110414,6.63508205177393e-19,1.1963936606304535e-05,0.0001928681993113753,2.5561022567882863e-18,0.6126937967051108
RQA,Max Diagonal Lmax,116.21307899137312,5.045544866260766e-25,0.010571769445454583,0.036188029064672056,0.0004160113037794096,0.16565429402920248,3.0094297905024874e-12,-0.1422369667758309,1.0956574125610127e-20,-0.027455474212130147,0.5114177344128183,1.0091089732521532e-24,0.0006656180860470553,1.070019481067551e-11,7.791341600433868e-20,0.5643230172831099
RQA,Recurrence Entropy,93.09441618242346,4.740219050275919e-20,0.008412962571894991,0.09058518635609113,7.98170323041783e-06,0.13711185066892345,5.540488135113483e-07,-0.1958461501220754,3.766267347317167e-18,-0.01582615383532102,0.5895609506386752,6.320292067034559e-20,1.502438255137474e-05,1.181970802157543e-06,1.721722215916419e-17,0.6185557514897576
