n_words,n_triplets,n_nodes,n_edges,density,avg_degree,repetition_idx,max_edge_weight,mean_edge_weight,lscc_frac,lwcc_frac,avg_clustering,n_agents,n_events,n_targets,first_person_ratio,node_ttr,top_edges,slug,source
3356,1567,763,1428,0.0025,4.11,0.0679,8,1.1,0.211,0.9777,0.3079,90,303,370,0.0842,0.2435,he->be(8); it->be(6); you->as compliment(5); bring->you(5); i->hear(4); i->be(4); i->feel(4); my sister->say(4); i->say(3); i->think(3),great-expectations-dickens-seg004,great-expectations-dickens
4733,2115,962,1889,0.002,4.4,0.0715,11,1.12,0.2173,0.9636,0.3409,138,333,491,0.078,0.2274,it->be(11); i->say(7); i->have(7); i->be(7); i->think(5); i->believe(5); cast->your bucket(5); he->be(5); more hope->encouragement(5); more hope->we(5),up-from-slavery-washington-seg018,up-from-slavery-washington
3315,1669,856,1545,0.0021,3.9,0.0583,10,1.08,0.2371,0.9299,0.2694,128,381,347,0.0665,0.2564,it->’(10); tom->say(8); it->be(7); i->know(5); i->reckon(5); huck->say(4); we->get(4); he->say(3); so hack->in order(3); that place->in order(3),adventures-of-tom-sawyer-seg034,adventures-of-tom-sawyer
2880,1467,718,1303,0.0025,4.09,0.086,7,1.13,0.2103,0.9596,0.2534,82,336,300,0.0613,0.2447,it->be(7); you->do(6); he->be(6); go tom->tom(6); that->’(5); i->’m(5); you->on lip(5); she->say(5); i->’d(4); i->think(4),adventures-of-tom-sawyer-seg019,adventures-of-tom-sawyer
1908,942,502,879,0.0035,3.75,0.0546,4,1.07,0.2649,0.9382,0.2655,55,240,207,0.0541,0.2665,tom->say(4); it->be(4); that->’(4); he->be(3); he->’(3); it->ai not(3); it->becky(3); its soft green side->through shimmering veil(3); you->do(3); you->know(3),adventures-of-tom-sawyer-seg008,adventures-of-tom-sawyer
1754,769,413,698,0.0041,3.72,0.0573,8,1.1,0.1889,0.9322,0.2767,58,163,192,0.1261,0.2685,i->be(8); i->know(5); i->say(5); i->think(5); he->be(5); he->have(5); he->say(4); it->be(4); mr. wemmick->say(4); this->be(4),great-expectations-dickens-seg021,great-expectations-dickens
4422,2118,1027,1917,0.0018,4.12,0.0595,22,1.1,0.2454,0.9503,0.283,146,383,498,0.0656,0.2424,it->be(22); i->be(17); he->be(16); they->be(6); that->be(5); she->be(5); he->say(4); lord henry->say(4); i->tell(4); tell->i(4),picture-of-dorian-gray-seg005,picture-of-dorian-gray
919,418,259,394,0.0059,3.23,0.0482,4,1.06,0.2085,0.9151,0.2491,45,96,118,0.1172,0.3098,deaf->blind(4); who->be(3); they->on my doll(3); my father->dr. alexander graham bell(3); i->make(2); i->struggle(2); i->be(2); i->find(2); hold->i(2); in tear->physical exhaustion(2),story-of-my-life-helen-keller-seg004,story-of-my-life-helen-keller
1193,660,292,569,0.0067,4.52,0.1019,8,1.16,0.3767,0.9829,0.3136,22,149,121,0.1182,0.2212,you->_(8); i->_(7); duke->say(7); they->get(4); you->do(4); _->it(4); it->’(4); do->it(4); i->be(3); i->do(3),adventures-huckleberry-finn-seg031,adventures-huckleberry-finn
4377,2202,1020,1943,0.0019,4.32,0.0726,19,1.13,0.2392,0.9255,0.2485,124,426,470,0.0568,0.2316,he->be(19); i->be(15); you->be(10); it->be(10); i->love(8); she->be(8); i->have(7); love->he(7); she->cry(6); she->feel(6),picture-of-dorian-gray-seg006,picture-of-dorian-gray
2301,1022,580,935,0.0028,3.52,0.0481,19,1.09,0.1724,0.9086,0.2183,93,242,245,0.0254,0.2838,it->be(19); he->be(9); they->be(5); be->good form(4); he->cry(4); hop->what(4); be->what(3); she->to mast(3); he->it(3); what->nibs(3),peter-pan-seg014,peter-pan
1020,452,307,425,0.0045,2.94,0.0612,3,1.06,0.0879,0.8371,0.2714,50,130,127,0.0133,0.3396,judge->some friend(3); say->they(2); it->be(2); be->illuminated(2); heartbreaking->her child(2); they->’re find(2); to bed->illuminated(2); tom->tell(2); tom->other(2); upon sofa->with eager auditory(2),adventures-of-tom-sawyer-seg033,adventures-of-tom-sawyer
2031,888,473,813,0.0036,3.75,0.0627,14,1.09,0.1903,0.9408,0.326,64,169,240,0.0833,0.2663,he->be(14); he->master(5); it->make(4); i->leave(3); i->live(3); i->be(3); it->be(3); he->find(3); captain auld->master(3); call->he(3),narrative-frederick-douglass-seg012,narrative-frederick-douglass
4499,2478,1032,2150,0.002,4.8,0.0847,13,1.15,0.3227,0.9748,0.2804,108,444,480,0.1513,0.2082,it->be(13); i->see(12); he->say(12); i->have(11); i->say(11); i->warn’t(10); i->be(9); i->go(8); i->’(6); i->judge(5),adventures-huckleberry-finn-seg009,adventures-huckleberry-finn
2382,1410,667,1271,0.0029,4.23,0.0818,8,1.11,0.2639,0.973,0.2913,76,288,303,0.0511,0.2365,you->’re(8); you->_(4); it->it(4); he->have(4); he->say(4); what->in her mind(3); i->’d(3); she->look(3); they->for so small thing(3); be->what(3),adventures-of-tom-sawyer-seg002,adventures-of-tom-sawyer
3448,1498,755,1386,0.0024,3.97,0.0577,8,1.08,0.1629,0.9642,0.3289,108,263,384,0.0888,0.252,i->be(8); make->brick(6); be->glad(6); it->be(5); we->have(5); i->have(4); have->something(4); i->know(3); i->think(3); come->to we(3),up-from-slavery-washington-seg011,up-from-slavery-washington
3352,1581,723,1452,0.0028,4.37,0.0696,6,1.09,0.2683,0.9557,0.3392,102,228,393,0.0645,0.2287,it->be(6); they->have(6); we->be(5); we->secure(5); i->be(5); i->know(5); from book->year(4); we->do not have(3); who->be(3); at that time->year(3),up-from-slavery-washington-seg010,up-from-slavery-washington
477,139,95,137,0.0153,2.93,0.0146,2,1.01,0.0105,0.8,0.4904,23,24,48,0.0072,0.3417,who->give(2); his gratitude->gratitude(2); john albert macy special edition->contain(1); contain->additional chapter(1); contain->by helen keller(1); contain->to alexander(1); additional chapter->by helen keller(1); additional chapter->to alexander(1); by helen keller->to alexander(1); who->teach speak(1),story-of-my-life-helen-keller-seg001,story-of-my-life-helen-keller
3408,1899,786,1625,0.0026,4.83,0.0954,12,1.17,0.1908,0.972,0.3563,70,311,405,0.089,0.207,i->be(12); in mortal terror->in mortal terror(10); be->in mortal terror(9); i->say(9); it->be(9); joe->say(8); what->matter(7); in mortal terror->with iron leg(7); no hope->in mortal terror(6); i->have(5),great-expectations-dickens-seg002,great-expectations-dickens
776,298,204,278,0.0067,2.92,0.0504,6,1.07,0.1078,0.799,0.3533,27,81,96,0.1242,0.3423,i->be(6); joe->know(3); know->it(3); i->feel(2); i->love(2); i->know be(2); some dreg->at bottom(2); it->be(2); be->too cowardly(2); joe->whole truth(2),great-expectations-dickens-seg006,great-expectations-dickens
1006,422,286,393,0.0048,2.95,0.0458,5,1.07,0.0385,0.8776,0.3109,47,105,134,0.0,0.3389,he->be(5); he->find(5); tom->be(3); phrenologist->mesmerizer(3); village->dull(3); village->dreary(3); dull->dreary(3); tom->joe harper(2); be->failure(2); be->in some sense(2),adventures-of-tom-sawyer-seg023,adventures-of-tom-sawyer
2884,1502,675,1346,0.003,4.45,0.0669,8,1.12,0.2637,0.957,0.2733,66,311,298,0.1165,0.2247,i->be(8); i->reckon(8); i->say(7); do->it(7); she->say(7); it->’(5); it->be(5); he->be(5); i->do(4); i->go(4),adventures-huckleberry-finn-seg012,adventures-huckleberry-finn
3475,1654,751,1482,0.0026,4.4,0.0897,8,1.12,0.2277,0.9694,0.3282,95,253,403,0.0768,0.227,it->be(8); i->be(5); ex->-(4); this->be(4); we->have(4); dese egg->gal(4); dese egg->into eddication(4); i->feel(3); i->want(3); in order->herself(3),up-from-slavery-washington-seg009,up-from-slavery-washington
1146,429,256,397,0.0061,3.35,0.0605,4,1.08,0.0586,0.7539,0.3423,49,93,114,0.028,0.2984,money a crack->undertaker(4); chapter->escape(3); it->be(3); he->another man(3); under bed huck->money a crack(3); under bed huck->undertaker(3); person->attempt find(3); revival.—the duke->meeting.—the duke(2); advise->doctor(2); camp fire->jim(2),adventures-huckleberry-finn-seg001,adventures-huckleberry-finn
4391,1776,988,1709,0.0018,3.6,0.0328,9,1.04,0.1265,0.8866,0.3346,212,286,490,0.0146,0.2782,it->be(9); it->find(3); this->be(3); we->calm(3); himself->from coil(3); be->-(2); be->admirable(2); be->worthy(2); be->extraordinary(2); be->some restoration(2),personal-memoirs-ulysses-grant-v1-seg011,personal-memoirs-ulysses-grant-v1
2294,1202,556,1066,0.0035,4.32,0.091,8,1.13,0.2338,0.9766,0.2421,54,283,219,0.1439,0.2313,i->be(8); i->_(6); i->jim(6); he->considerable(5); we->be(4); we->’d(4); tom->this thing(4); he->say(4); he->listen(4); i->say(4),adventures-huckleberry-finn-seg041,adventures-huckleberry-finn
2234,1204,560,1066,0.0034,4.3,0.0816,10,1.13,0.2232,0.9339,0.3108,68,242,250,0.0864,0.2326,it->be(10); he->say(8); i->say(7); he->do(5); he->be(5); i->know(5); i->be(5); i->_(5); it->’(4); be->what(4),adventures-huckleberry-finn-seg024,adventures-huckleberry-finn
2149,1156,525,1027,0.0037,4.4,0.073,11,1.13,0.2305,0.9962,0.2881,45,243,237,0.1384,0.2271,he->say(11); it->be(6); i->say(6); we->get(5); he->be(5); it->ai not(5); it->’(5); we->go(4); tom->say(4); i->see(4),adventures-huckleberry-finn-seg037,adventures-huckleberry-finn
3893,2266,971,1957,0.0021,4.67,0.0843,16,1.16,0.2873,0.9289,0.311,132,427,412,0.109,0.2143,it->be(16); i->be(14); you->be(10); he->say(9); i->see(6); i->look(6); i->think(6); we->be(6); i->leave(5); so composed->so grave(5),jane-eyre-bronte-seg025,jane-eyre-bronte
984,289,210,273,0.0062,2.75,0.0403,4,1.06,0.0048,0.6238,0.304,50,79,81,0.0104,0.3633,school literature->tom declaims examination evening(4); what->river take lessons(3); discovery->school literature(3); discovery->tom declaims examination evening(3); tom->tell(2); robin hood->his foe death(2); a demoralize joe harper->their first prize(2); a demoralize joe harper->what(2); a demoralize joe harper->river take lessons(2); their first prize->what(2),adventures-of-tom-sawyer-seg001,adventures-of-tom-sawyer
1948,1083,514,925,0.0035,4.21,0.1027,8,1.17,0.2588,0.9475,0.2932,45,224,245,0.1062,0.2373,"he->say(8); i->see(7); i->think(7); i->be(6); he->have(5); it->be(4); he->be(4); this man->arter(4); this man->with cannon(4); broad day,—but->this man(4)",great-expectations-dickens-seg003,great-expectations-dickens
4765,3025,1172,2644,0.0019,5.16,0.0847,17,1.14,0.3268,0.9778,0.3185,143,494,535,0.0836,0.1937,i->be(17); it->be(16); he->say(11); diana->mary(10); i->know(8); i->have(8); i->think(6); i->say(6); you->be(6); he->be(5),jane-eyre-bronte-seg035,jane-eyre-bronte
2682,1373,622,1211,0.0031,4.41,0.0793,13,1.13,0.2315,0.9775,0.2787,67,273,282,0.1682,0.2265,i->be(13); i->take(12); it->be(12); i->get(7); i->hear(6); i->know(5); i->say(4); i->lay(4); i->look(4); he->say(4),adventures-huckleberry-finn-seg008,adventures-huckleberry-finn
4554,2320,1096,2129,0.0018,4.23,0.0592,16,1.09,0.2126,0.969,0.3386,119,442,535,0.0897,0.2362,it->be(16); i->be(13); he->say(7); she->be(7); i->know(6); i->see(5); i->find(4); i->have(4); i->feel(4); i->do(4),jane-eyre-bronte-seg033,jane-eyre-bronte
2185,1411,519,1139,0.0042,5.44,0.1317,13,1.24,0.3545,0.9595,0.2833,50,248,221,0.056,0.1839,caterpillar->say(13); alice->say(13); i->’m(7); she->be(6); _->myself(6); i->_(6); it->be(6); old->as steady(6); _->_(5); say->you(5),alices-adventures-in-wonderland-seg005,alices-adventures-in-wonderland
3911,2031,924,1855,0.0022,4.4,0.0561,19,1.09,0.25,0.9838,0.2796,115,384,425,0.0177,0.2275,it->be(19); she->be(9); he->be(9); that->be(6); you->be(5); smee->say(5); be->what(4); they->think(4); they->be(4); she->go(4),peter-pan-seg008,peter-pan
4361,1976,919,1829,0.0022,4.3,0.053,11,1.08,0.2361,0.9619,0.3104,136,329,454,0.1002,0.2325,i->have(11); i->be(10); it->be(9); i->find(7); who->be(6); i->think(5); i->get(4); give->i(4); i->know(3); i->learn(3),up-from-slavery-washington-seg004,up-from-slavery-washington
2761,1271,645,1161,0.0028,3.94,0.0543,14,1.09,0.2279,0.969,0.2635,73,280,292,0.1015,0.2537,it->be(14); i->be(7); you->be(7); i->have(6); i->know(6); i->want(5); you->know(4); they->be(4); he->have(3); he->cry(3),picture-of-dorian-gray-seg013,picture-of-dorian-gray
2615,1320,607,1185,0.0032,4.35,0.0709,11,1.11,0.1977,0.9473,0.2236,74,288,245,0.0606,0.2299,it->be(11); say->to herself(8); she->hear(6); she->say(6); alice->think(5); it->’(4); she->find(4); she->be(4); alice->say(4); she->grow(3),alices-adventures-in-wonderland-seg004,alices-adventures-in-wonderland
1534,732,385,676,0.0046,3.8,0.0562,6,1.08,0.1818,0.9299,0.34,41,151,193,0.1475,0.263,i->be(6); algebra->geometry(5); i->have(4); i->write(4); i->find(4); it->be(4); i->take(3); change->in my study(3); examination paper->to i(3); i->wish(2),story-of-my-life-helen-keller-seg018,story-of-my-life-helen-keller
2652,1453,578,1250,0.0037,5.03,0.0936,12,1.16,0.2872,0.9913,0.3019,51,270,257,0.1012,0.1989,i->say(12); it->’(10); he->say(10); it->be(6); it->ai not(5); tom->say(5); say->_(5); they->week(5); do want->what(5); that->’(5),adventures-huckleberry-finn-seg036,adventures-huckleberry-finn
3735,1974,925,1793,0.0021,4.27,0.0613,13,1.1,0.2184,0.9589,0.3205,125,379,421,0.0917,0.2343,i->be(13); it->be(10); i->say(9); she->be(7); i->think(6); he->be(6); i->have(5); i->hear(5); be->lady(5); i->know(4),jane-eyre-bronte-seg019,jane-eyre-bronte
2818,1377,675,1273,0.0028,4.08,0.0605,5,1.08,0.1985,0.9556,0.3115,83,264,328,0.1162,0.2451,he->be(5); i->have(4); i->make(4); i->be(4); i->think(4); open->with miss skiffins(4); open->on it(4); with miss skiffins->on it(4); i->take(3); i->tell(3),great-expectations-dickens-seg037,great-expectations-dickens
2861,1249,734,1176,0.0022,3.4,0.0366,9,1.06,0.0913,0.9373,0.2528,105,313,316,0.0072,0.2938,it->be(9); he->be(8); he->do(4); who->fling(4); fling->he(4); she->be(4); be->what(3); he->fall(3); he->find(3); he->have(3),peter-pan-seg013,peter-pan
1749,886,425,814,0.0045,4.17,0.0651,6,1.09,0.1294,0.9553,0.3488,63,136,226,0.0948,0.2398,i->be(6); i->write(5); i->take(4); i->read(3); i->pass(3); i->make(3); deaf ear->to his warning prophecy(3); they->in many(3); they->blind man 's buff(3); they->frolic(3),story-of-my-life-helen-keller-seg017,story-of-my-life-helen-keller
4172,2239,1072,2026,0.0018,4.18,0.0731,13,1.11,0.1912,0.9366,0.3283,160,419,493,0.0898,0.2394,i->be(13); it->be(12); she->have(5); i->see(5); he->be(5); i->go(4); i->think(4); dark face->with stern feature(4); dark face->heavy brow(4); with stern feature->heavy brow(4),jane-eyre-bronte-seg013,jane-eyre-bronte
2500,1166,634,1056,0.0026,3.68,0.0663,18,1.1,0.1877,0.9054,0.23,87,263,284,0.0249,0.2719,it->be(18); he->see(5); i->be(5); he->open(4); you->be(4); he->pass(3); he->go(3); he->look(3); he->feel(3); he->turn(3),picture-of-dorian-gray-seg014,picture-of-dorian-gray
2513,1362,574,1203,0.0037,4.75,0.0873,8,1.13,0.2753,0.9791,0.3279,56,240,278,0.094,0.2107,i->say(8); mr. jaggers->say(8); it->be(7); i->be(5); i->feel(5); wemmick->say(5); herbert->i(4); i->think(4); he->say(4); he->make(4),great-expectations-dickens-seg036,great-expectations-dickens
3694,1997,920,1867,0.0022,4.34,0.0482,11,1.07,0.2315,0.9467,0.3249,155,368,397,0.0696,0.2303,it->be(11); i->be(9); he->be(8); i->have(4); he->say(4); his desk->paper(4); i->say(3); i->see(3); i->by hour(3); be->i(3),jane-eyre-bronte-seg031,jane-eyre-bronte
4022,2524,1002,2264,0.0023,5.04,0.0769,9,1.11,0.3293,0.9561,0.3436,129,390,483,0.0666,0.1985,i->have(9); he->be(8); it->be(7); you->be(7); i->be(6); in course->change long silent place(5); they->be(5); he->say(4); he->have(4); i->think(4),jane-eyre-bronte-seg014,jane-eyre-bronte
2692,1324,621,1213,0.0032,4.26,0.0602,7,1.09,0.2915,0.9565,0.2877,67,254,300,0.0869,0.2349,it->be(7); mr. jaggers->say(7); wemmick->say(6); i->think(5); i->say(5); i->feel(5); she->be(5); i->have(3); i->look(3); i->know(3),great-expectations-dickens-seg048,great-expectations-dickens
1491,601,378,571,0.004,3.18,0.0403,8,1.05,0.0556,0.918,0.3501,54,133,191,0.0815,0.3145,it->be(8); i->find(3); be->no king(2); i->tell(2); i->see(2); i->after my grandmother(2); who->not have(2); once year->from tuscumbia(2); once year->to philadelphia(2); once year->on horseback(2),story-of-my-life-helen-keller-seg002,story-of-my-life-helen-keller
2975,1575,687,1410,0.003,4.59,0.0773,12,1.12,0.2897,0.9665,0.3151,67,296,324,0.1048,0.2181,he->be(12); i->be(11); he->say(9); i->take(5); compeyson->be(5); i->put(4); i->say(4); it->on i(4); compeyson->say(4); i->see(3),great-expectations-dickens-seg042,great-expectations-dickens
4841,2586,1067,2268,0.002,4.85,0.082,14,1.14,0.2718,0.9634,0.3149,133,421,513,0.077,0.2063,i->see(14); it->be(14); estella->say(12); i->be(11); i->mad(8); you->be(8); she->be(8); i->say(7); estella->i(6); look->at she(6),great-expectations-dickens-seg038,great-expectations-dickens
2989,1777,787,1609,0.0026,4.52,0.0777,8,1.1,0.2554,0.9314,0.3082,113,328,346,0.0822,0.2214,i->be(8); it->be(6); she->say(6); my way->through every difficulty(5); you->be(4); i->know(4); she->be(4); to he->something(4); i->feel(3); i->with surprise(3),jane-eyre-bronte-seg009,jane-eyre-bronte
4221,2118,957,1903,0.0021,4.43,0.0751,14,1.11,0.2539,0.9707,0.3052,121,390,446,0.0883,0.2259,it->be(14); i->be(10); joe->say(9); i->think(8); he->be(8); you->be(6); i->make(5); you->under pump(5); she->be(4); he->say(4),great-expectations-dickens-seg015,great-expectations-dickens
4721,2188,946,1994,0.0022,4.63,0.0632,12,1.1,0.2727,0.9387,0.3238,131,321,494,0.0878,0.2162,i->be(12); i->speak(11); i->say(9); it->be(8); who->be(5); i->take(5); i->make(5); i->have(5); i->feel(5); be->present(4),up-from-slavery-washington-seg014,up-from-slavery-washington
425,144,102,131,0.0127,2.82,0.0992,2,1.1,0.049,0.9706,0.2367,30,23,49,0.0139,0.3542,be->rage(2); be->from point(2); new material->his impression(2); new material->into another manner(2); his impression->into another manner(2); who->find(2); those->be(2); those->do so(2); nineteenth century dislike->be(2); his own face->in glass(2),picture-of-dorian-gray-seg001,picture-of-dorian-gray
2031,1050,569,963,0.003,3.69,0.0561,9,1.09,0.1511,0.9508,0.263,75,248,246,0.0543,0.271,it->be(9); that->’(7); it->’(6); ’->what(5); i->reckon(4); know->that(4); tom->say(3); i->_(3); i->know(3); i->be(3),adventures-of-tom-sawyer-seg011,adventures-of-tom-sawyer
2999,1535,782,1400,0.0023,3.93,0.0714,11,1.1,0.1918,0.9105,0.2318,131,330,321,0.0515,0.2547,it->be(11); be->what(6); ferryboat->on board(5); he->be(4); in close place->what(4); widow->say(4); huck->be(3); it->’(3); he->know(3); old man->say(3),adventures-of-tom-sawyer-seg031,adventures-of-tom-sawyer
1675,814,450,747,0.0037,3.62,0.0589,8,1.09,0.0889,0.9267,0.3277,58,166,226,0.1437,0.2764,i->be(8); it->be(6); i->know(4); miss sullivan->i(3); i->make(3); i->go(3); i->remember(3); i->think(3); his nose->into my hand(3); his nose->for pat(3),story-of-my-life-helen-keller-seg009,story-of-my-life-helen-keller
2553,1119,569,1008,0.0031,3.93,0.0615,12,1.11,0.1968,0.9455,0.2935,51,232,286,0.1528,0.2542,it->be(12); i->be(9); i->see(7); i->go(6); i->think(6); i->have(5); we->be(4); he->be(4); see->he(4); he->see(3),great-expectations-dickens-seg047,great-expectations-dickens
2457,1151,563,1056,0.0033,4.09,0.0502,18,1.09,0.2238,0.9805,0.2995,59,224,280,0.1364,0.2446,i->be(18); it->be(9); be->slave(5); i->have(4); i->get(4); i->see(4); it->mark(4); tell->he(4); i->meet(3); i->find(3),narrative-frederick-douglass-seg008,narrative-frederick-douglass
865,457,257,422,0.0064,3.56,0.0711,3,1.08,0.2023,0.8911,0.2687,39,107,111,0.0416,0.2812,i->reckon(3); it->be(3); something->on here people(3); something->tonight(3); little surprise->for this occasion(3); huck->under her roof(2); say->something(2); say->it(2); you->what(2); he->say(2),adventures-of-tom-sawyer-seg035,adventures-of-tom-sawyer
2932,1386,695,1276,0.0026,3.99,0.0525,10,1.09,0.2115,0.9281,0.3202,82,269,344,0.0916,0.2507,wemmick->say(10); it->be(8); it->’(7); that->’(6); i->think(5); i->be(5); i->get(4); he->have(3); he->say(3); he->give(3),great-expectations-dickens-seg025,great-expectations-dickens
3322,1614,785,1450,0.0024,4.11,0.071,10,1.11,0.172,0.9631,0.2872,111,313,361,0.0644,0.2432,i->say(10); he->say(8); he->be(8); it->be(7); i->reckon(6); she->be(6); it->’(5); you->do(4); be->what(4); no show->after i(4),adventures-huckleberry-finn-seg018,adventures-huckleberry-finn
2431,1241,568,1083,0.0034,4.37,0.1016,14,1.15,0.2359,0.9683,0.309,57,263,248,0.1491,0.2288,i->be(14); it->be(9); i->get(5); i->reckon(5); we->get(4); that->be(4); be->what(4); i->think(4); i->know(4); be->_(3),adventures-huckleberry-finn-seg016,adventures-huckleberry-finn
1944,809,453,726,0.0035,3.57,0.0606,9,1.11,0.1148,0.9492,0.2391,60,202,191,0.1681,0.28,it->be(9); i->say(8); drummle->say(7); i->be(6); i->go(5); mr. drummle->say(4); visible->in drizzle(4); visible->at door(4); in drizzle->at door(4); i->think(3),great-expectations-dickens-seg043,great-expectations-dickens
1375,627,353,579,0.0047,3.55,0.0518,9,1.08,0.153,0.9575,0.2358,35,165,153,0.134,0.2815,he->say(9); i->say(6); i->get(5); it->be(4); take->it(3); jim->get(3); it->with your six thousand(2); it->six thousand(2); it->all(2); i->see(2),adventures-huckleberry-finn-seg005,adventures-huckleberry-finn
4866,1944,989,1855,0.0019,3.93,0.0318,12,1.05,0.1729,0.9393,0.319,204,286,499,0.0144,0.2544,it->be(12); he->be(6); this->be(5); be->modern(4); under direction->from his design(4); he->make(3); one->be(3); show->in fig(3); praxiteles->be(3); subject->be(3),personal-memoirs-ulysses-grant-v1-seg010,personal-memoirs-ulysses-grant-v1
2560,1338,588,1214,0.0035,4.55,0.0717,7,1.1,0.3707,0.9796,0.3202,61,258,269,0.1286,0.2197,i->_(7); i->reckon(7); tom->say(5); she->say(5); we->put(4); take->it(4); she->be(4); i->be(4); i->m(4); it->’(3),adventures-huckleberry-finn-seg038,adventures-huckleberry-finn
1570,586,383,555,0.0038,3.06,0.0432,8,1.06,0.094,0.8094,0.251,64,153,166,0.0273,0.3268,he->be(8); mr. gore->be(3); be->cruel(2); be->in perfect keeping(2); i->say(2); he->give(2); he->do(2); call->he(2); himself->into creek(2); it->be(2),narrative-frederick-douglass-seg005,narrative-frederick-douglass
2098,979,493,869,0.0036,3.97,0.0736,9,1.13,0.1278,0.9249,0.2385,58,216,219,0.0981,0.2518,she->be(9); i->’m(8); it->be(7); she->go(6); alice->say(5); she->say(5); alice->think(4); i->be(4); ’m->sure(4); it->’(4),alices-adventures-in-wonderland-seg002,alices-adventures-in-wonderland
2891,1620,668,1422,0.0032,4.85,0.0851,10,1.14,0.3308,0.9835,0.2797,77,309,282,0.1142,0.2062,i->say(10); king->say(9); she->say(8); it->be(7); i->think(6); i->see(6); say->what(5); say->to myself(5); she->of that(4); she->of her money(4),adventures-huckleberry-finn-seg027,adventures-huckleberry-finn
4164,2046,950,1851,0.0021,4.31,0.0692,11,1.11,0.2842,0.9347,0.2953,140,388,422,0.0806,0.2322,sergeant->say(11); it->be(11); i->be(10); he->be(5); he->take(5); we->see(5); i->could see(4); you->’re(4); that->’(4); something->you(4),great-expectations-dickens-seg005,great-expectations-dickens
2276,1149,571,1046,0.0032,4.02,0.0621,10,1.1,0.1664,0.937,0.2961,72,228,271,0.0949,0.2485,i->say(10); wemmick->say(9); mr. jaggers->say(6); what->of it(5); he->say(4); i->know(3); i->have(3); i->suppose(3); i->be(3); i->into my guardian ’s room(3),great-expectations-dickens-seg024,great-expectations-dickens
3106,1454,805,1353,0.0021,3.61,0.0584,6,1.07,0.0944,0.9093,0.2356,130,315,360,0.033,0.2768,it->be(6); he->be(5); i->be(5); he->feel(4); be->what(4); dorian->say(4); he->say(3); he->go(3); what->to you(3); i->have(3),picture-of-dorian-gray-seg017,picture-of-dorian-gray
4354,2970,1078,2536,0.0022,5.51,0.1061,15,1.17,0.2894,0.9703,0.3612,169,406,503,0.0805,0.1815,it->be(15); i->be(14); poor->quite despicable(10); i->have(8); i->think(7); she->be(7); i->see(6); to gateshead->poor(6); that->be(6); you->be(6),jane-eyre-bronte-seg012,jane-eyre-bronte
2265,979,585,923,0.0027,3.35,0.0401,7,1.06,0.1641,0.9641,0.2785,69,237,279,0.1798,0.2988,i->know(7); i->be(7); i->make(3); i->understand(3); i->think(3); i->feel(3); i->have(3); she->be(3); my hand->to they(3); it->be(3),story-of-my-life-helen-keller-seg003,story-of-my-life-helen-keller
2486,1270,561,1120,0.0036,4.53,0.0973,7,1.13,0.2763,0.9733,0.2247,68,250,243,0.022,0.2209,alice->say(7); it->’(7); it->be(6); queen->say(6); she->be(5); alice->think(4); _->about it(4); _->to duchess(4); queen->be(4); ridge->furrow(4),alices-adventures-in-wonderland-seg008,alices-adventures-in-wonderland
4123,2202,899,1950,0.0024,4.9,0.0779,16,1.13,0.2814,0.9878,0.2398,85,426,388,0.0409,0.2041,it->be(16); he->say(12); she->be(10); she->say(9); you->be(6); she->cry(6); you->see(5); he->be(5); i->be(5); wendy->be(5),peter-pan-seg003,peter-pan
2129,1045,602,983,0.0027,3.47,0.0478,7,1.06,0.1927,0.9103,0.2367,80,291,231,0.0555,0.288,it->be(7); it->’(5); he->be(4); that->’(4); be->what(3); you->_(3); i->know(3); they->be(2); it->on ground(2); he->say(2),adventures-of-tom-sawyer-seg010,adventures-of-tom-sawyer
3285,2016,777,1735,0.0029,5.19,0.1141,11,1.16,0.3475,0.9665,0.3362,109,331,337,0.0843,0.1927,i->be(11); he->say(8); it->be(7); do->it(6); jim->i(6); i->say(4); it->’(4); it->warn’t(4); you->ai not(4); nothing->kind(4),adventures-huckleberry-finn-seg020,adventures-huckleberry-finn
2879,1495,647,1317,0.0032,4.62,0.0805,14,1.14,0.2519,0.9675,0.3442,56,294,297,0.1211,0.2164,i->be(14); i->say(11); it->be(11); you->be(6); what->they(6); i->know(5); i->think(5); what->for they(5); i->go(4); miss havisham->say(4),great-expectations-dickens-seg044,great-expectations-dickens
2462,1278,613,1204,0.0032,4.17,0.0449,8,1.06,0.1517,0.9674,0.3254,77,220,316,0.0994,0.2398,i->be(8); it->be(6); i->feel(5); my temper->against edge(4); you->be(4); i->know(3); i->think(3); go->to college(3); i->enter(2); i->begin(2),story-of-my-life-helen-keller-seg019,story-of-my-life-helen-keller
2933,1508,678,1332,0.0029,4.45,0.0826,11,1.13,0.264,0.9469,0.3275,70,273,335,0.1074,0.2248,it->be(11); wemmick->say(8); i->be(7); he->be(6); i->make(5); i->hear(5); tom->jack(5); jack->richard(5); i->find(4); it->by very respectable widow(4),great-expectations-dickens-seg045,great-expectations-dickens
2157,1027,516,915,0.0034,3.98,0.0732,9,1.12,0.219,0.9806,0.2707,50,225,241,0.112,0.2512,i->be(9); i->know(6); it->be(6); herbert->say(6); i->say(5); he->say(5); he->be(5); herbert->be(4); i->due(3); i->both(3),great-expectations-dickens-seg041,great-expectations-dickens
494,199,119,179,0.0127,3.34,0.1006,3,1.11,0.0504,0.916,0.3446,15,48,56,0.1256,0.299,it->be(3); ourselves->all thing(3); we->imagine(2); we->suppose(2); which->to himself(2); infinity->in mind(2); too great->beautiful(2); too great->perfect(2); beautiful->perfect(2); in our presumption->end(2),personal-memoirs-ulysses-grant-v2-seg005,personal-memoirs-ulysses-grant-v2
3561,2088,801,1742,0.0027,5.21,0.1165,15,1.2,0.3421,0.9725,0.3279,71,396,334,0.1116,0.1918,i->say(15); she->say(12); it->’(11); i->_(8); it->be(7); it->_(7); i->’m(7); i->see(6); i->reckon(6); _->it(6),adventures-huckleberry-finn-seg029,adventures-huckleberry-finn
1918,845,480,801,0.0035,3.52,0.0474,5,1.05,0.1417,0.8875,0.2803,58,194,228,0.0615,0.284,she->be(5); they->have(3); constables->bow street man(3); biddy->look thoughtfully(3); i->be(2); i->know(2); i->believe(2); i->see(2); i->hear(2); be->greatly impaired(2),great-expectations-dickens-seg016,great-expectations-dickens
2025,917,501,837,0.0033,3.66,0.0741,6,1.1,0.1936,0.9242,0.2312,73,226,202,0.0382,0.2732,it->be(6); it->’(3); be->what(3); most->to death(3); you->think(3); he->say(3); he->make(3); _->man(3); man->with you(3); ’re->afraid(3),adventures-huckleberry-finn-seg023,adventures-huckleberry-finn
1655,706,399,660,0.0042,3.54,0.0364,9,1.07,0.1303,0.9549,0.3468,45,144,210,0.1671,0.2826,i->have(9); i->be(6); it->be(6); i->leave(5); i->spend(3); i->find(3); what->last look(3); mr.->mrs. auld(3); i->live(2); i->write(2),narrative-frederick-douglass-seg006,narrative-frederick-douglass
2855,1469,691,1330,0.0028,4.25,0.0767,8,1.1,0.1968,0.9783,0.294,74,306,311,0.1327,0.2352,i->say(8); it->be(7); it->ai not(5); he->say(5); it->warn’t(4); we->see(4); _->in bad fix(4); i->be(4); jim->say(4); i->see(3),adventures-huckleberry-finn-seg013,adventures-huckleberry-finn
2485,1202,594,1065,0.003,4.05,0.0704,10,1.13,0.2071,0.9697,0.1975,65,270,259,0.0541,0.2471,it->be(10); i->be(8); peter->say(8); he->say(7); they->be(7); he->cry(6); he->be(5); she->be(5); be->what(4); she->say(4),peter-pan-seg006,peter-pan
3688,1734,911,1642,0.002,3.81,0.0347,10,1.06,0.1767,0.9484,0.3266,139,309,463,0.105,0.2627,i->be(10); i->have(10); it->be(8); i->feel(7); i->know(5); i->go(3); i->see(3); i->follow(3); i->touch(3); we->have(3),story-of-my-life-helen-keller-seg022,story-of-my-life-helen-keller
2540,1187,688,1100,0.0023,3.45,0.0536,6,1.08,0.1831,0.8997,0.2444,122,285,281,0.0261,0.2898,he->be(6); it->be(6); you->let(5); he->listen(3); he->think(3); he->know(3); i->in this thing(3); i->for _(3); i->for my _ sake(3); i->my friend(3),adventures-of-tom-sawyer-seg030,adventures-of-tom-sawyer
2598,1282,589,1140,0.0033,4.35,0.0947,7,1.12,0.3022,0.9372,0.3085,61,252,276,0.103,0.2297,i->be(7); joe->say(6); say->what(5); i.->say(5); i->wish(4); i->think(4); i->say(4); i->feel(3); i->see(3); i->reply(3),great-expectations-dickens-seg009,great-expectations-dickens
2620,1381,594,1189,0.0034,4.65,0.0883,17,1.16,0.2912,0.9815,0.2854,52,275,267,0.1202,0.2151,he->say(17); it->be(10); it->’(8); i->be(7); i->say(6); i->_(6); i->’m(6); i->tom(6); king->duke(6); i->see(4),adventures-huckleberry-finn-seg034,adventures-huckleberry-finn
1468,673,411,631,0.0037,3.27,0.0507,7,1.07,0.1849,0.9051,0.2253,69,184,158,0.0178,0.3053,it->’(7); it->be(4); anything->in their mutual glance(3); could not help->it(3); coroner->at one(3); holiday->for that afternoon(2); he->see(2); it->seem(2); it->friend(2); it->it(2),adventures-of-tom-sawyer-seg012,adventures-of-tom-sawyer
2498,1531,581,1281,0.0038,5.27,0.1413,7,1.2,0.3649,0.9811,0.3188,53,273,255,0.0692,0.1897,he->say(7); tom->say(6); _->_(6); bend _->_(6); jim->say(5); he->’d(4); it->warn’t(4); it->’(4); say->_(4); _->on scutcheon(4),adventures-huckleberry-finn-seg039,adventures-huckleberry-finn
3345,1673,726,1433,0.0027,4.61,0.09,21,1.17,0.2355,0.9738,0.3241,58,314,354,0.1554,0.217,i->be(21); biddy->say(19); it->be(14); i->say(13); you->be(8); she->be(7); i->know(5); i->be not(5); i->have(5); biddy->i(5),great-expectations-dickens-seg019,great-expectations-dickens
1879,1154,513,1001,0.0038,4.5,0.0959,7,1.15,0.3177,0.9318,0.3395,80,235,198,0.0685,0.2223,at same time->every morning(7); it->be(4); be->what(4); he->say(4); with knife->napkin(4); with knife->cup(4); with knife->plate(4); napkin->cup(4); napkin->plate(4); cup->plate(4),adventures-of-tom-sawyer-seg036,adventures-of-tom-sawyer
2965,1431,700,1304,0.0027,4.09,0.0629,12,1.1,0.2157,0.97,0.2457,77,309,314,0.0482,0.2446,it->be(12); he->say(8); wendy->john(6); they->be(5); he->be(5); john->michael(4); she->be(4); she->say(4); you->day(4); that->’(4),peter-pan-seg016,peter-pan
2692,1288,616,1155,0.003,4.18,0.0693,13,1.12,0.1753,0.9416,0.2824,72,257,287,0.1118,0.2391,i->be(13); estella->say(9); it->be(7); i->have(7); i->think(6); i->say(5); she->i(4); give->i(4); she->tell(3); she->give(3),great-expectations-dickens-seg033,great-expectations-dickens
2041,894,493,812,0.0033,3.63,0.0567,11,1.1,0.146,0.9452,0.3318,70,182,241,0.0716,0.2757,it->be(11); i->be(6); i->know(5); she->be(5); he->whip(4); she->in company(4); she->with young man(4); he->be(3); he->make(3); which->from his black slave(3),narrative-frederick-douglass-seg002,narrative-frederick-douglass
2185,1004,495,902,0.0037,4.06,0.0743,6,1.11,0.1879,0.9556,0.2393,57,228,210,0.0408,0.2465,she->find(6); it->be(5); alice->say(5); i->think(5); she->be(4); i->wonder(4); she->feel(3); she->go(3); she->look(3); she->try(3),alices-adventures-in-wonderland-seg001,alices-adventures-in-wonderland
4995,2769,1229,2478,0.0016,4.51,0.0682,18,1.12,0.2734,0.9552,0.3314,152,513,564,0.112,0.2219,it->be(18); i->be(15); i->hear(10); i->think(10); he->be(8); i->know(7); i->have(5); i->find(5); i->see(5); she->be(5),jane-eyre-bronte-seg016,jane-eyre-bronte
3308,1737,790,1519,0.0024,4.4,0.0928,11,1.14,0.2177,0.9468,0.3088,83,349,358,0.1197,0.2274,i->say(11); herbert->say(11); i->be(10); i->think(8); tell->i(7); say->it(5); it->be(5); this->be(5); i->feel(4); you->know(4),great-expectations-dickens-seg030,great-expectations-dickens
2837,1360,679,1237,0.0027,4.01,0.0639,8,1.1,0.1443,0.9411,0.2807,78,277,324,0.0963,0.2496,i->be(8); wemmick->say(8); he->say(6); it->be(6); i->say(5); you->let(5); he->be(4); a->in this branch house(4); a->handel(4); in this branch house->handel(4),great-expectations-dickens-seg055,great-expectations-dickens
3690,1992,824,1741,0.0026,4.83,0.0913,11,1.14,0.2925,0.9769,0.2506,84,394,346,0.1029,0.2068,it->be(11); i->reckon(7); i->be(7); he->be(7); he->say(6); lawyer->say(6); it->’(5); i->_(5); say->_(5); doctor->say(5),adventures-huckleberry-finn-seg030,adventures-huckleberry-finn
1449,624,348,571,0.0047,3.59,0.0543,5,1.09,0.1178,0.9339,0.2751,47,130,171,0.0176,0.2788,it->be(5); it->too wet(5); it->too dry(5); too wet->too dry(5); he->be(4); too hot->too cold(3); too hot->it(3); too hot->too wet(3); too hot->too dry(3); too cold->it(3),narrative-frederick-douglass-seg004,narrative-frederick-douglass
1816,860,439,766,0.004,3.92,0.0809,7,1.12,0.1913,0.9089,0.3299,61,178,200,0.0872,0.2552,i->be(7); man->say(6); i->see(5); give->i(4); he->tilt again(4); tilt again->i(4); i->say(3); he->be(3); he->say(3); alexander bartholomew->abraham(3),great-expectations-dickens-seg001,great-expectations-dickens
2371,1182,559,1059,0.0034,4.23,0.0774,7,1.12,0.2361,0.9642,0.2117,55,270,234,0.0998,0.2365,he->say(7); it->be(7); he->get(6); that->’(6); tom->say(5); we->go(4); i->be(4); he->over world(4); we->be(3); i->’(3),adventures-huckleberry-finn-seg003,adventures-huckleberry-finn
1439,697,359,620,0.0048,3.88,0.0823,10,1.12,0.1643,0.9721,0.2341,42,165,152,0.1463,0.2575,he->say(10); i->get(5); jim->say(5); it->be(4); i->say(3); i->reckon(3); i->find(3); i->start(3); he->next time(3); say->he(3),adventures-huckleberry-finn-seg011,adventures-huckleberry-finn
2950,1436,666,1260,0.0028,4.31,0.0754,13,1.14,0.2102,0.97,0.2814,55,300,311,0.1024,0.2319,he->say(13); i->be(13); he->get(12); he->be(11); it->be(10); he->have(7); i->reckon(7); i->get(6); i->say(6); they->call(4),adventures-huckleberry-finn-seg007,adventures-huckleberry-finn
1674,843,471,795,0.0036,3.58,0.0478,7,1.06,0.0531,0.9151,0.263,59,196,216,0.0214,0.2794,she->be(7); she->have(3); he->in face(3); it->be(3); do->what(3); ink->on spelling book(3); be->glad(2); she->come(2); she->cry(2); she->say(2),adventures-of-tom-sawyer-seg021,adventures-of-tom-sawyer
2024,884,472,822,0.0037,3.75,0.0499,6,1.08,0.1229,0.947,0.2431,64,191,217,0.1482,0.267,i->go(6); i->have(6); i->be(5); he->be(5); landlord->say(4); i->do(3); i->think(3); i->know(3); it->be(3); to his pepper->rum(3),great-expectations-dickens-seg054,great-expectations-dickens
1922,772,455,707,0.0034,3.39,0.041,17,1.09,0.2,0.9714,0.2232,65,188,202,0.0026,0.2947,it->be(17); he->be(14); that->be(5); it->kill(4); be->to he(3); be->nothing(3); he->feel(3); he->look(3); be->who(2); be->his beauty(2),picture-of-dorian-gray-seg021,picture-of-dorian-gray
2742,1273,592,1165,0.0033,4.3,0.0532,11,1.09,0.3041,0.9493,0.2595,76,249,267,0.1422,0.2325,i->write(11); i->be(10); i->read(7); it->be(7); i->feel(6); i->think(4); i->say(4); miss sullivan->i(4); read->to i(4); i->make(3),story-of-my-life-helen-keller-seg014,story-of-my-life-helen-keller
1701,811,417,713,0.0041,3.89,0.0982,7,1.14,0.1703,0.9568,0.2218,60,193,164,0.0555,0.2571,mouse->say(7); dodo->say(6); you->know(4); alice->say(4); it->be(3); say->what(3); i->know(3); i->wish(3); be->caucus race(3); turn->to alice(3),alices-adventures-in-wonderland-seg003,alices-adventures-in-wonderland
1437,634,375,589,0.0042,3.38,0.0458,6,1.08,0.088,0.9013,0.2822,63,144,168,0.1309,0.2957,it->be(6); i->be(6); i->feel(4); i->talk(4); many sound->word element(4); be->practice(3); i->make(3); i->learn(3); practice->practice(3); it->wa(2),story-of-my-life-helen-keller-seg013,story-of-my-life-helen-keller
2494,1299,599,1199,0.0033,4.34,0.0601,9,1.08,0.3222,0.9649,0.3174,76,244,279,0.0593,0.2306,joe->say(9); it->be(7); i->see(5); he->give(5); i->have(3); be->what(3); himself->what(3); time->under these circumstance(3); he->be(3); he->take(3),great-expectations-dickens-seg011,great-expectations-dickens
3585,1896,854,1690,0.0023,4.44,0.0633,18,1.12,0.281,0.966,0.2893,94,362,398,0.0839,0.2252,it->be(18); i->be(17); you->be(15); i->think(9); that->be(8); i->do(6); dorian->say(6); lord henry->say(5); tell->i(5); you->i(5),picture-of-dorian-gray-seg020,picture-of-dorian-gray
3136,1454,759,1295,0.0023,3.83,0.0656,22,1.12,0.2069,0.9289,0.264,90,314,355,0.0509,0.261,it->be(22); he->be(11); you->be(10); i->be(7); lord henry->say(6); she->be(6); _->_(6); be->what(5); dorian->say(5); tell->i(4),picture-of-dorian-gray-seg016,picture-of-dorian-gray
1845,933,500,881,0.0035,3.73,0.0431,4,1.06,0.186,0.95,0.3025,71,226,203,0.0257,0.268,tom->say(4); white mulatto->negro boy(4); white mulatto->girl(4); negro boy->girl(4); you->ben(4); he->be(3); he->take(3); you->stop(3); boat->captain(3); be->only human(2),adventures-of-tom-sawyer-seg003,adventures-of-tom-sawyer
1602,763,394,721,0.0047,3.87,0.0388,11,1.06,0.0558,0.9619,0.2744,69,149,176,0.1193,0.2582,it->be(11); we->have(3); we->get(3); we->be(3); it->’(3); dead->asleep(3); i->find(2); i->say(2); we->without dog(2); we->paddle(2),adventures-huckleberry-finn-seg010,adventures-huckleberry-finn
3225,1417,745,1289,0.0023,3.8,0.0652,23,1.1,0.2376,0.8913,0.2867,107,291,347,0.0289,0.2629,it->be(23); i->be(6); it->seem(4); that->be(4); i->think(4); he->wonder(3); he->that(3); he->have(3); he->pass(3); he->feel(3),picture-of-dorian-gray-seg012,picture-of-dorian-gray
1055,490,282,457,0.0058,3.48,0.0591,3,1.07,0.1277,0.9043,0.2527,32,131,119,0.0306,0.2878,he->be(3); it->be(3); upon lagoon->with some definite purpose(3); she->be(3); name->he(3); in sky->his thank(3); he->hear(2); be->piece(2); be->what(2); they->shut(2),peter-pan-seg009,peter-pan
3887,1922,918,1744,0.0021,4.19,0.0596,15,1.1,0.2211,0.9619,0.3019,124,384,410,0.0911,0.2388,he->be(15); it->be(13); i->be(9); she->be(9); he->have(7); i->hear(5); i->see(4); i->ask(4); i->have(4); they->say(4),jane-eyre-bronte-seg038,jane-eyre-bronte
1914,983,528,897,0.0032,3.72,0.0769,5,1.1,0.1307,0.9261,0.2516,91,214,223,0.0549,0.2686,he->’(5); that->’(5); he->be(4); ’em->what(4); it->’(3); you->be(3); i->be(3); be->what(3); ’->it(3); litter furder->west(3),adventures-of-tom-sawyer-seg024,adventures-of-tom-sawyer
778,475,226,412,0.0081,4.2,0.0922,6,1.15,0.208,0.9735,0.2611,18,119,89,0.1263,0.2379,herself->good lie(6); with thought->good lie(6); this time->good lie(6); it->’(5); good lie->good lie(4); good lie->i(4); that rubbage->about that dream(3); lo->she(3); ’->good lie(3); herself->with thought(3),adventures-of-tom-sawyer-seg020,adventures-of-tom-sawyer
2271,1193,496,991,0.004,4.81,0.114,11,1.2,0.2137,0.9859,0.2745,63,227,206,0.0478,0.2079,duchess->say(11); alice->say(11); mock turtle->say(9); be->what(7); he->tortoise(6); say->it(5); she->say(5); queen->say(5); gryphon->say(5); you->know(4),alices-adventures-in-wonderland-seg009,alices-adventures-in-wonderland
3555,1799,737,1565,0.0029,4.88,0.0818,25,1.15,0.3175,0.9851,0.3293,60,332,345,0.1384,0.2048,i->be(25); he->be(15); i->know(7); love->he(7); he->say(6); i->feel(5); i->tell(5); i->do(5); i->love(5); i->do not know(5),dracula-stoker-seg015,dracula-stoker
995,464,277,429,0.0056,3.35,0.049,6,1.08,0.0181,0.8881,0.2954,46,101,130,0.1422,0.2985,i->feel(6); it->be(5); i->learn(4); i->have(4); i->be(3); i->know(3); from land->to land(3); i->do(2); i->by hand(2); i->across field(2),story-of-my-life-helen-keller-seg006,story-of-my-life-helen-keller
1280,501,324,475,0.0045,3.09,0.0442,5,1.05,0.213,0.892,0.2577,49,139,136,0.0758,0.3234,it->be(5); she->be(3); he->be(3); i->learn(2); i->unlawful(2); i->slave(2); i->learn read(2); be->year(2); red->under influence(2); red->with rage(2),narrative-frederick-douglass-seg007,narrative-frederick-douglass
3890,1995,854,1723,0.0024,4.67,0.0865,23,1.16,0.2951,0.9473,0.3075,92,369,393,0.0877,0.214,i->be(23); it->be(18); you->be(16); that->be(9); he->be(6); i->know(6); i->see(6); be->what(6); tell->i(6); i->it(5),picture-of-dorian-gray-seg010,picture-of-dorian-gray
2645,1807,643,1480,0.0036,5.62,0.123,14,1.22,0.3375,0.9782,0.3197,79,295,269,0.1035,0.1779,i->say(14); i->_(11); he->say(10); _->s’i(9); i->get(7); i->be(7); i->help(6); it->’(6); she->say(6); _->help(6),adventures-huckleberry-finn-seg042,adventures-huckleberry-finn
1409,720,369,653,0.0048,3.9,0.0643,7,1.1,0.2358,0.9648,0.3026,36,167,166,0.1208,0.2562,i->be(7); it->be(6); that->be(5); she->say(4); wicked->what(4); be->dead(3); i->want(3); i->go(3); i->get(3); it->for whole world(3),adventures-huckleberry-finn-seg002,adventures-huckleberry-finn
2876,1335,687,1238,0.0026,3.89,0.0412,10,1.08,0.2256,0.9753,0.2466,74,326,287,0.0404,0.2573,they->be(10); it->be(9); he->be(9); john->michael(7); john->say(6); peter->say(5); that->’(4); he->say(4); that->be(3); wendy->john(3),peter-pan-seg004,peter-pan
1682,876,402,778,0.0048,4.36,0.0835,8,1.13,0.3209,0.9627,0.2956,46,172,184,0.1393,0.2295,he->say(8); i->be(6); i->think(5); i->say(5); he->call(4); i->get(3); i->go(3); i->see(3); it->warn’t(3); they->be(3),adventures-huckleberry-finn-seg004,adventures-huckleberry-finn
2832,1443,642,1318,0.0032,4.5,0.0599,6,1.09,0.2586,0.9704,0.3061,62,257,323,0.088,0.2225,it->be(6); i->be(6); i->say(6); he->say(6); she->be(6); i->know(4); i->think(4); wash->his hand(4); he->be(4); he->take(4),great-expectations-dickens-seg026,great-expectations-dickens
2314,1174,565,1048,0.0033,4.16,0.0802,8,1.12,0.2637,0.9558,0.2347,62,270,233,0.0443,0.2406,it->be(8); he->be(7); window->open(7); i->be(5); you->be(5); he->say(4); she->cry(4); she->say(4); wendy->say(3); be->what(3),peter-pan-seg011,peter-pan
4421,2118,1063,1954,0.0017,3.98,0.0522,13,1.08,0.2361,0.9351,0.272,148,412,503,0.0477,0.2509,it->be(13); she->be(11); you->be(10); he->be(6); i->be(6); he->look(5); be->ill(5); i->think(4); she->look(4); she->come(4),picture-of-dorian-gray-seg009,picture-of-dorian-gray
4428,1815,940,1746,0.002,3.86,0.0338,5,1.04,0.1234,0.934,0.3097,214,275,451,0.016,0.259,it->be(5); this->be(4); it->seem(3); we->get(3); our stock->in this chapter(3); our stock->with copy(3); in this chapter->with copy(3); be->uncertain(2); be->work(2); be->sure(2),personal-memoirs-ulysses-grant-v1-seg009,personal-memoirs-ulysses-grant-v1
2448,1147,625,1051,0.0027,3.67,0.0657,8,1.09,0.136,0.9232,0.2553,86,262,277,0.0157,0.2724,it->be(8); he->be(7); say->woman(4); they->make(4); joe->say(4); tom->say(4); he->tired(3); be->tired(3); it->be sir(3); plain->he(3),adventures-of-tom-sawyer-seg014,adventures-of-tom-sawyer
3191,1869,829,1668,0.0024,4.51,0.0725,15,1.12,0.2014,0.924,0.3312,121,324,384,0.0765,0.2218,i->be(15); with i->in nursery(7); i->have(6); i->feel(5); it->be(5); bessie->say(4); he->against wish(4); with i->alone(4); with i->to night(4); in nursery->alone(4),jane-eyre-bronte-seg005,jane-eyre-bronte
2991,1474,774,1339,0.0022,3.81,0.0717,11,1.1,0.1693,0.9276,0.2367,96,354,324,0.0353,0.2626,it->be(11); tom->say(6); it->’(5); he->be(5); i->reckon(5); he->see(4); she->say(4); bad->time(4); in it->with zeal(3); tom->be(3),adventures-of-tom-sawyer-seg032,adventures-of-tom-sawyer
704,328,196,306,0.008,3.35,0.0621,4,1.07,0.0816,0.9082,0.3371,35,68,93,0.1037,0.2988,i->feel(4); salt->in water(3); it->be(2); our vacation->at brewster(2); our vacation->on cape cod(2); our vacation->with our dear friend(2); at brewster->on cape cod(2); at brewster->with our dear friend(2); on cape cod->with our dear friend(2); i->be(2),story-of-my-life-helen-keller-seg010,story-of-my-life-helen-keller
3125,1638,721,1459,0.0028,4.54,0.0816,10,1.12,0.2483,0.9501,0.333,89,277,355,0.0897,0.2201,mr. jaggers->say(10); i->be(8); it->be(6); he->be(6); you->what(6); i->wonder(5); say->you(5); i->think(4); i->ask(4); i->know(4),great-expectations-dickens-seg020,great-expectations-dickens
2248,1036,597,950,0.0027,3.47,0.0611,8,1.09,0.1491,0.8844,0.2516,85,242,270,0.0087,0.2881,he->be(8); he->see(5); tom->be(4); she->be(4); he->say(4); he->get(4); along deserted street->about half past o’clock(4); she->see(3); she->to distraction(3); it->be(3),adventures-of-tom-sawyer-seg004,adventures-of-tom-sawyer
1948,883,475,797,0.0035,3.72,0.0665,10,1.11,0.1621,0.9389,0.2622,59,212,204,0.0487,0.269,it->be(10); i->complain(6); she->be(5); she->say(5); he->say(5); it->be not(4); it->make(3); peter->say(3); they->say(3); he->be(3),peter-pan-seg010,peter-pan
1677,721,446,664,0.0033,3.23,0.0587,7,1.09,0.1099,0.8812,0.2243,66,204,176,0.0305,0.3093,he->be(7); he->find(4); he->know(4); it->be(4); aunt polly->sid(3); aunt polly->mary(3); aunt polly->joe harper ’s mother(3); sid->mary(3); sid->joe harper ’s mother(3); mary->joe harper ’s mother(3),adventures-of-tom-sawyer-seg016,adventures-of-tom-sawyer
