n_words,n_triplets,n_nodes,n_edges,density,avg_degree,repetition_idx,max_edge_weight,mean_edge_weight,lscc_frac,lwcc_frac,avg_clustering,n_agents,n_events,n_targets,first_person_ratio,node_ttr,top_edges,slug,cancer_type
8536,4263,1562,3580,0.0015,5.46,0.0802,50,1.19,0.3464,0.9808,0.265,150,613,799,0.1506,0.1832,i->be(50); that->be(36); it->be(35); i->have(25); i->think(13); they->say(13); he->say(13); be->able(12); they->be(12); this->be(11),jess-h,thyroid-cancer
3350,1726,762,1516,0.0026,4.53,0.0739,19,1.14,0.1903,0.9829,0.2966,78,348,336,0.1431,0.2207,i->be(19); i->have(19); it->be(13); that->be(11); tell->i(7); i->think(6); i->know(6); they->every year(5); they->take(5); he->tell(5),macy-l,cervical-cancer
6291,3071,1243,2576,0.0017,4.94,0.0924,39,1.19,0.2832,0.9735,0.2946,184,446,613,0.1022,0.2024,it->be(39); i->be(26); be->what(17); i->have(16); i->tell(12); he->say(11); i->go(10); i->get(9); this->be(8); that->be(8),tony-s,bladder-cancer
3261,1579,761,1339,0.0023,4.15,0.106,24,1.18,0.1393,0.9422,0.304,82,263,416,0.1317,0.241,i->be(24); i->have(18); it->be(15); she->have(6); she->be(6); you->be(6); i->take(5); medication->for rest(5); can make->difference(5); be->chronic illness(4),lynn-s,leukemia
6040,3029,1076,2271,0.002,5.63,0.1145,54,1.33,0.2361,0.9786,0.2599,91,432,553,0.1548,0.1776,it->be(54); i->be(49); i->have(35); that->be(22); i->know(19); i->think(17); i->get(13); i->feel(12); tell->i(12); i->do(11),renata-r,leukemia
3366,1530,724,1204,0.0023,4.23,0.1952,10,1.27,0.1354,0.953,0.2783,115,270,339,0.0863,0.2366,i->ask(10); i->be(8); ask->what question(8); this->be(7); last one->what question(6); it->be(6); percent response rate->in other(6); percent response rate->in some cancer(6); i->do not(5); i->have(5),bill-p,kidney-cancer
4385,2284,916,1851,0.0022,4.99,0.0989,31,1.23,0.2402,0.9782,0.2576,84,402,430,0.1795,0.2005,i->be(31); it->be(31); he->say(18); i->have(17); i->think(17); that->be(17); i->get(10); we->do(10); i->see(8); i->go(8),amber-k,colorectal-cancer
1017,499,326,475,0.0045,3.06,0.0442,3,1.05,0.0521,0.9417,0.2636,64,110,152,0.0782,0.3267,early intervention->surgery(3); i->diagnose(3); i->have(3); she->face(2); what->resilient(2); it->be(2); her life->during already difficult time(2); be->intense(2); laughter->normalcy(2); laughter->during hard time(2),teresa-b,breast-cancer
3566,1771,682,1332,0.0029,5.19,0.2095,27,1.33,0.3284,0.9824,0.2531,71,287,324,0.1587,0.1925,it->be(27); i->have(20); that->be(19); i->be(18); you->be(8); i->know(7); i->do(7); you->have(5); i->go(5); i->think(5),alicia-b,sarcoma
8603,4110,1415,3160,0.0016,5.81,0.1168,53,1.3,0.376,0.971,0.2663,129,578,708,0.1423,0.1721,i->be(53); it->be(43); i->have(38); that->be(21); i->think(19); i->know(16); he->say(16); i->say(14); i->get(13); this->be(12),lasonya-d,bladder-cancer
3370,1879,735,1578,0.0029,5.11,0.0938,39,1.19,0.2585,0.9878,0.2699,58,292,385,0.1288,0.1956,it->be(39); that->be(21); i->be(15); be->what(12); i->think(9); we->be(8); you->know(8); i->do not know(7); i->get(7); you->be(6),megan-and-justin-c,skin-cancer
2923,1295,622,1054,0.0027,4.16,0.0911,26,1.23,0.1736,0.963,0.2313,79,262,281,0.1861,0.2402,i->be(26); it->be(17); i->have(12); that->be(10); i->think(9); i->see(9); be->what(7); he->say(7); i->do not know(6); they->say(5),cindy-m,non-hodgkin-lymphoma
8512,4281,1486,3253,0.0015,5.76,0.1838,60,1.32,0.3291,0.9838,0.2808,129,567,790,0.1238,0.1736,it->be(60); i->be(39); that->be(35); i->think(31); i->have(31); i->feel(18); i->do(14); i->know(12); it->be not(10); you->be(10),tina-c,breast-cancer
5442,2523,952,1905,0.0021,5.3,0.1869,60,1.32,0.2447,0.9622,0.2579,97,383,472,0.1451,0.1887,it->be(60); i->be(33); that->be(25); i->think(20); i->do(15); i->have(12); i->go(9); i->know(8); be->able(8); they->be(7),margaret-a,breast-cancer
2358,1046,517,868,0.0033,4.05,0.0979,12,1.21,0.0812,0.9807,0.2528,61,207,249,0.1453,0.2471,i->be(12); i->get(9); it->be(8); those->be(7); i->have(6); raise->red flag(4); you->see(4); you->have(4); you->be(3); you->even go go(3),one-womans-bladder-cancer-story,bladder-cancer
3652,1550,708,1338,0.0027,4.38,0.077,22,1.16,0.202,0.9859,0.2621,77,298,333,0.1206,0.2284,it->be(22); i->be(20); i->think(12); he->say(11); i->have(10); that->be(8); be->cancerous(6); cancer->illness(5); you->have(5); i->miss(5),emily-r,kidney-cancer
6983,3431,1107,2432,0.002,6.2,0.2331,45,1.41,0.3162,0.9919,0.2487,106,442,559,0.1306,0.1613,it->be(45); i->be(41); i->feel(30); i->think(30); that->be(19); i->have(18); you->be(15); i->know(15); tell->i(11); he->be(11),rachel-r,kidney-cancer
2924,1428,666,1197,0.0027,4.29,0.1119,13,1.19,0.1426,0.9384,0.2603,88,253,325,0.1099,0.2332,it->be(13); your good->every day(9); i->be(7); i->feel(7); you->find(6); i->know(6); you->go(5); you->be(5); i->have(5); wantquality->great memory(5),kim-c-2,ovarian-cancer
2774,1419,722,1271,0.0024,3.93,0.0669,19,1.12,0.187,0.964,0.2929,92,282,348,0.1374,0.2544,i->be(19); it->be(12); i->have(10); you->be(6); i->realize(5); i->see(5); tell->i(5); be->lucky(4); i->get(4); i->lose(4),luwen-s,stomach-cancer
3686,1805,747,1364,0.0024,4.83,0.1913,26,1.32,0.1473,0.9679,0.2811,73,288,386,0.1496,0.2069,i->be(26); it->be(21); i->have(18); that->be(15); i->go(13); i->get(10); you->at least be(6); you->with cancer(6); i->do(6); give->i(6),cat-l,breast-cancer
319,132,110,128,0.0107,2.4,0.0312,2,1.03,0.0091,0.7182,0.2475,20,38,52,0.0,0.4167,be->clear(2); to balance parenting->work(2); it->be(2); end->clear(2); marisa->share(1); marisa->remain(1); marisa->continue monitor closely(1); marisa->find(1); marisa->however choose focus(1); marisa->emphasize(1),marisa-c,sarcoma
312,119,101,114,0.0113,2.36,0.0439,2,1.04,0.0099,0.5545,0.3083,16,34,51,0.0,0.4244,brescia->be(2); brescia->return(2); brescia->her family(2); she->gain(2); new appreciation->simple thing(2); brescia->sit(1); brescia->discuss(1); brescia->end take(1); brescia->focus(1); brescia->be now(1),brescia-d,hodgkin-lymphoma
4436,2288,984,1988,0.0021,4.65,0.0694,25,1.15,0.2907,0.9695,0.2959,111,394,479,0.1416,0.215,i->be(25); i->have(18); he->say(15); it->be(14); tell->i(10); i->go(9); i->think(8); i->tell(8); she->say(7); i->say(7),valerie-v,thyroid-cancer
6665,3382,1236,2729,0.0018,5.47,0.092,67,1.24,0.3317,0.983,0.2764,107,506,623,0.1478,0.1827,i->be(67); it->be(33); i->think(33); he->be(27); i->have(25); that->be(21); i->know(15); i->feel(13); we->be(13); they->be(12),anna-m,non-hodgkin-lymphoma
6685,3260,1292,2746,0.0016,5.05,0.0772,57,1.19,0.2399,0.9737,0.2544,151,503,638,0.161,0.1982,i->be(57); i->have(29); it->be(25); i->feel(21); that->be(21); be->able(15); my husband->i(11); we->be(10); this->be(10); it->feel(8),lynn-t,kidney-cancer
2664,1089,544,919,0.0031,4.0,0.0979,11,1.18,0.1176,0.9688,0.1964,68,230,246,0.1175,0.2498,that->be(11); i->be(8); it->be(8); small->large(6); i->have(5); fear->death(4); this->be(4); you->hit(4); i->ask(4); it->come(4),john-s,non-hodgkin-lymphoma
4907,2448,1011,2018,0.002,4.84,0.0937,39,1.21,0.2384,0.9693,0.2508,103,436,472,0.1507,0.2065,it->be(39); i->think(28); i->be(27); you->be(15); he->say(15); i->have(14); that->be(14); this->be(11); i->do(9); she->say(7),marie-r,skin-cancer
7972,4209,1463,3447,0.0016,5.75,0.0862,78,1.22,0.378,0.9836,0.2699,116,623,724,0.1328,0.1738,it->be(78); i->be(70); that->be(31); i->have(30); be->what(17); be->like(16); i->know(15); i->do(14); be->able(13); i->go(11),michele-n,leukemia
3677,1903,830,1652,0.0024,4.59,0.0763,31,1.15,0.2108,0.9904,0.2788,82,316,432,0.134,0.2181,it->be(31); i->be(20); i->have(16); i->think(10); i->get(9); i->find(7); that->be(6); they->see(5); this->be(5); i->go(5),brandon-p,bladder-cancer
7793,4032,1536,3411,0.0014,5.25,0.0794,45,1.18,0.3099,0.9922,0.2803,156,597,783,0.1481,0.1905,it->be(45); i->be(45); i->think(28); i->have(24); i->say(23); i->do(21); i->get(16); this->be(13); you->be(13); i->know(11),jeffrey-r,colorectal-cancer
8322,4437,1317,3219,0.0019,6.74,0.219,65,1.38,0.3812,0.9909,0.2626,141,516,660,0.1039,0.1484,that->be(65); it->be(51); i->be(47); i->have(26); i->think(20); be->what(15); this->be(15); i->know(14); you->be(10); be->something(9),greg-s,thyroid-cancer
6949,3181,1293,2528,0.0015,4.92,0.1108,44,1.26,0.2676,0.9783,0.2399,154,484,655,0.1434,0.2032,i->be(44); it->be(30); i->have(30); have->lung cancer(17); you->have(15); you->be(12); we->have(11); that->be(10); i->get(9); my affair->in order(9),lung-cancer-awareness,lung-cancer
8589,4291,1520,3573,0.0015,5.65,0.0862,51,1.2,0.3724,0.9862,0.3009,141,624,755,0.1415,0.1771,i->be(51); i->have(47); it->be(44); that->be(30); i->think(20); you->have(16); they->do(16); i->go(15); he->say(15); i->say(13),kris-m,stomach-cancer
1995,1006,543,920,0.0031,3.71,0.0543,13,1.09,0.1676,0.9632,0.276,87,192,264,0.1153,0.2699,i->be(13); i->have(9); it->be(7); i->think(5); that->be(4); i->get(4); blood->in my stool(3); have->cancer(3); i->lose(3); tough time->do not last(3),zed-d,colorectal-cancer
8507,4101,1503,3163,0.0014,5.46,0.1382,86,1.3,0.3167,0.9854,0.2544,139,628,736,0.1465,0.1832,i->be(86); it->be(62); i->have(41); that->be(23); i->think(22); you->be(18); be->able(16); i->go(15); give->i(14); they->give(11),nina-n,kidney-cancer
7626,3838,1426,3043,0.0015,5.38,0.1334,55,1.26,0.3282,0.9846,0.2614,135,586,705,0.143,0.1858,i->be(55); it->be(35); i->have(23); i->do not know(19); i->think(18); you->have(14); i->say(12); i->get(12); that->be(12); this->this(12),montessa-l,lung-cancer
4719,2121,806,1552,0.0024,5.26,0.2204,34,1.37,0.3288,0.9839,0.2447,60,343,403,0.1594,0.19,i->be(34); it->be(19); that->be(16); i->think(14); i->have(10); i->get(8); i->do(8); i->know(8); i->feel(8); fine->in moment(8),sarah-j,thyroid-cancer
8638,4321,1391,3170,0.0016,6.21,0.2009,59,1.36,0.2811,0.9899,0.2612,119,534,738,0.1296,0.161,it->be(59); i->be(56); i->have(44); that->be(28); i->go(21); i->get(18); tell->i(17); he->say(15); i->feel(13); i->know(12),jenna-c,thyroid-cancer
2231,967,506,840,0.0033,3.82,0.0774,12,1.15,0.0435,0.9763,0.2683,72,188,246,0.1272,0.2616,i->be(12); it->be(6); be->wrong(5); i->diagnose(5); it->take(4); make->difference(4); i->see(4); be->able(3); be->part(3); doctor->researcher(3),oya-g,multiple-myeloma
8364,4375,1488,3344,0.0015,5.88,0.1199,54,1.31,0.3192,0.9892,0.2542,126,617,745,0.157,0.1701,it->be(54); i->be(50); that->be(37); i->have(35); you->be(23); be->what(20); i->say(18); i->do(17); i->go(17); it->be not(16),vickie-d,bladder-cancer
3631,1655,702,1331,0.0027,4.72,0.1458,19,1.24,0.2792,0.9687,0.2493,89,260,353,0.1106,0.2121,that->be(19); i->think(15); it->be(15); i->have(14); i->be(13); you->know(8); it->be not(7); be->it(6); i->know(6); this->be(6),ruth-r,mpn
2390,1221,515,918,0.0035,4.74,0.1362,24,1.33,0.2602,0.9592,0.2134,57,205,253,0.1605,0.2109,it->be(24); i->have(14); i->be(14); i->think(10); be->what(9); that->be(7); i->feel(6); i->go(6); i->do not know(6); young->vibrant(6),andrea-s,mpn
2671,1260,552,922,0.003,4.57,0.2419,21,1.37,0.1304,0.9565,0.275,67,216,269,0.1611,0.219,i->have(21); it->be(18); i->be(11); i->get(8); i->know(7); i->do(7); tell->i(7); she->tell(6); that->be(6); you->be(5),nicole-t,leukemia
4517,2226,950,1885,0.0021,4.69,0.0737,47,1.18,0.2526,0.9737,0.2711,90,366,494,0.1703,0.2134,i->be(47); it->be(36); i->get(14); i->say(12); that->be(12); i->have(11); i->think(11); i->feel(9); i->know(8); she->say(7),shelby-m,breast-cancer
6981,3509,1180,2684,0.0019,5.95,0.1189,73,1.31,0.3636,0.9856,0.269,90,501,589,0.1442,0.1681,it->be(73); i->be(44); i->have(39); that->be(31); i->say(19); she->say(15); they->do(14); i->think(13); you->be(12); she->be(11),cherylinn-n,non-hodgkin-lymphoma
6482,3348,1205,2612,0.0018,5.56,0.1095,53,1.28,0.3328,0.9826,0.24,120,500,585,0.1556,0.18,i->be(53); i->have(49); it->be(37); you->be(24); have->cancer(23); that->be(23); i->be not(14); i->think(14); i->go(11); i->get(10),burt-r,rare
332,137,115,136,0.0104,2.38,0.0074,2,1.01,0.0087,0.5913,0.2927,22,43,50,0.0,0.4197,be->shocking(2); chloe->unexpectedly diagnose(1); chloe->suffer(1); chloe->bloat(1); chloe->other stomach issue(1); chloe->pay(1); chloe->wake afterward(1); chloe->subsequently undergo(1); chloe->finally declare(1); chloe->emotionally find(1),chloe-w,colorectal-cancer
7376,3416,1289,2813,0.0017,5.3,0.1095,19,1.21,0.3297,0.9651,0.284,198,423,668,0.0864,0.1887,it->be(19); we->see(17); we->have(16); that->be(16); this->be(12); we->be(12); they->be(11); i->think(11); be->what(10); patient->have(7),the-latest-in-multiple-myeloma-ash-2023,multiple-myeloma
2283,1138,545,947,0.0032,4.18,0.1162,16,1.2,0.1119,0.967,0.2483,65,213,267,0.1309,0.2395,i->be(16); it->be(14); i->have(5); i->go(5); that->be(4); i->feel(4); cancer->%(4); sure->cancer(4); he->say(3); be->cancer(3),danny-g,bladder-cancer
6779,3705,1314,3029,0.0018,5.64,0.0954,59,1.22,0.3212,0.9825,0.2942,133,510,671,0.1379,0.1773,i->be(59); it->be(38); i->have(38); that->be(27); i->think(19); you->be(16); they->say(15); be->fine(11); he->be(11); she->say(9),julee-p,sarcoma
4227,1952,857,1605,0.0022,4.56,0.0928,42,1.22,0.2497,0.9778,0.2567,93,343,421,0.1516,0.2195,i->be(42); it->be(24); i->have(19); you->be(11); be->able(9); be->mom(8); i->do(8); mom->to twin(8); be->wife(6); i->be not(6),amanda-b,lung-cancer
4675,2213,978,1853,0.0019,4.53,0.0896,33,1.19,0.2679,0.9642,0.2111,92,420,466,0.174,0.221,i->be(33); it->be(26); i->get(17); i->have(14); she->be(9); that->be(9); he->say(8); he->be(8); they->say(7); i->say(7),erin-h,multiple-myeloma
4060,1939,899,1696,0.0021,4.31,0.0607,26,1.14,0.2447,0.9811,0.2365,94,363,442,0.1439,0.2318,i->be(26); it->be(23); i->have(12); that->be(11); i->think(10); i->get(10); you->be(9); i->go(7); i->feel(7); it->be not(6),shiva-s,colorectal-cancer
3033,1539,759,1397,0.0024,4.06,0.0429,33,1.1,0.2148,0.975,0.2655,76,295,388,0.1235,0.2466,it->be(33); i->be(24); i->have(13); it->be not(5); be->stage(4); they->be(4); that->be(4); i->do(4); i->go(4); they->see(3),aj-h,cervical-cancer
427,171,142,168,0.0084,2.41,0.0179,2,1.02,0.007,0.7113,0.2535,28,49,65,0.0,0.4152,about diagnosis->surgery(2); it->be(2); be->beacon(2); kathleen->open(1); kathleen->react swiftly(1); kathleen->choose not undergo(1); kathleen->face(1); kathleen->remain(1); kathleen->however find(1); kathleen->eventually meet(1),kathleen-m,breast-cancer
7594,4112,1437,3405,0.0017,5.72,0.0937,73,1.21,0.3368,0.9861,0.3114,122,589,726,0.1425,0.1747,i->be(73); it->be(38); that->be(30); be->like(29); i->have(25); they->be(18); you->be(10); be->what(9); i->know(9); i->just know(8),anjee-a,kidney-cancer
2713,1182,538,906,0.0031,4.39,0.1402,20,1.3,0.0688,0.9628,0.2443,73,203,262,0.1371,0.2276,i->be(20); it->be(9); be->treatable(6); be->incurable(6); they->say(6); i->say(6); i->feel(6); in order->to same center(6); bewildering->upsetting(6); treatable->incurable(6),linda-m,leukemia
5688,2690,1102,2285,0.0019,4.88,0.0766,35,1.18,0.2659,0.98,0.2376,116,461,525,0.1483,0.2048,it->be(35); i->be(34); i->have(23); i->think(17); this->be(14); that->be(13); i->get(12); be->something(11); be->able(9); i->say(8),cheryl-m,skin-cancer
3392,1543,761,1362,0.0024,4.06,0.0683,23,1.13,0.1997,0.954,0.2806,87,301,373,0.1497,0.2466,i->be(23); it->be(20); that->be(11); i->have(8); i->think(7); be->able(5); what->go(5); i->find(5); it->get(4); i->know(4),grace-b,thyroid-cancer
6798,3481,1419,3071,0.0015,4.91,0.0599,54,1.13,0.3122,0.9774,0.2964,141,519,759,0.1034,0.2038,it->be(54); i->be(38); i->have(23); that->be(21); be->able(10); they->be(8); i->go(8); i->get(7); be->what(6); they->do(6),april-d,breast-cancer
7367,3515,1310,2927,0.0017,5.37,0.0858,49,1.2,0.3252,0.9908,0.2412,109,581,620,0.1642,0.1863,it->be(49); i->be(43); i->have(29); that->be(25); i->get(21); this->be(16); i->go(12); i->do(12); i->feel(11); i->say(8),megan-c-2,skin-cancer
4394,2188,959,1890,0.0021,4.56,0.0698,39,1.16,0.2544,0.9635,0.2971,101,359,499,0.1239,0.2191,it->be(39); i->be(31); i->have(19); that->be(17); i->think(9); you->be(8); i->go(6); i->get(6); i->do(6); be->fine(5),amy-m-2,stomach-cancer
6437,2966,1181,2384,0.0017,5.02,0.1179,46,1.24,0.2439,0.9678,0.2673,144,438,599,0.0954,0.1991,it->be(46); i->have(18); they->be(13); you->be(10); i->be(10); be->amazing(8); that->be(8); it->be not(8); she->be(7); you->have(7),meg-l,non-hodgkin-lymphoma
6309,3029,1294,2696,0.0016,4.68,0.0608,28,1.12,0.2944,0.9768,0.2557,151,502,641,0.1453,0.2136,it->be(28); i->be(24); i->have(15); be->able(9); we->have(9); we->know(9); i->say(8); my wife->i(8); this->be(7); i->go(7),gregory-p,multiple-myeloma
6850,3626,1400,3110,0.0016,5.18,0.0759,45,1.17,0.3507,0.9814,0.267,168,564,668,0.1434,0.1931,it->be(45); i->be(41); i->have(26); i->think(23); i->say(23); you->be(13); you->have(11); i->do(10); that->be(10); he->say(9),helen-d,colorectal-cancer
3794,1754,744,1386,0.0025,4.72,0.1104,30,1.27,0.2473,0.9664,0.2457,76,284,384,0.1471,0.2121,i->be(30); i->have(19); it->be(17); i->get(10); it->be not(10); i->feel(7); you->be(6); that->be(6); she->be(6); with multiple myeloma->other form(6),keith-g,multiple-myeloma
3314,1571,736,1353,0.0025,4.27,0.0843,19,1.16,0.2799,0.9565,0.2546,102,296,338,0.1146,0.2342,it->be(19); i->be(11); i->get(8); i->think(8); it->be not(7); they->be(6); you->be(5); i->feel(5); get->you(5); mean->what(4),todd-s,mpn
654,204,116,139,0.0104,3.52,0.4101,6,1.47,0.0259,0.6638,0.2135,26,47,43,0.1765,0.2843,i->do have(6); i->now be(4); it->be(4); be->ldh test(2); be->so incredibly high(2); be->very fortunate(2); be->amazing(2); be->able(2); be->really awesome(2); we->will be(2),hodgkin-lymphoma-101,hodgkin-lymphoma
1871,852,469,770,0.0035,3.63,0.0545,17,1.11,0.1258,0.9552,0.268,63,182,224,0.1232,0.2752,i->be(17); it->be(10); i->think(7); that->be(5); i->have(4); be->lawyer(3); be->absolutely necessary(3); that->be not(3); clinical trial->be(3); what->happen(3),shelley-g,leukemia
5562,2896,1176,2474,0.0018,4.93,0.0764,38,1.17,0.2772,0.9864,0.287,120,428,628,0.1298,0.203,i->be(38); it->be(33); i->have(23); i->get(11); be->what(8); that->be(8); i->go(8); she->be(7); they->be(7); you->be(7),alicia-r,cervical-cancer
2103,997,563,927,0.0029,3.54,0.041,15,1.08,0.1474,0.9751,0.2832,78,205,280,0.1133,0.2823,it->be(15); i->be(10); i->have(10); be->rough(3); we->be(3); doctor->say(3); rylie->rylie(2); be->rylie(2); be->tough(2); she->what(2),rylie-t,colorectal-cancer
569,243,144,208,0.0101,3.38,0.1683,2,1.17,0.0903,0.6944,0.3036,29,45,70,0.0329,0.2963,myelodysplastic syndrome->be(2); be->group(2); be->year old(2); be->at time(2); be->bad(2); be->no clear way(2); affect->bone marrow 's ability(2); bone marrow 's ability->produce(2); produce->healthy blood cell(2); fatigue->set(2),myelodysplastic-syndromes-mds,leukemia
3631,1655,702,1331,0.0027,4.72,0.1458,19,1.24,0.2792,0.9687,0.2493,89,260,353,0.1106,0.2121,that->be(19); i->think(15); it->be(15); i->have(14); i->be(13); you->know(8); it->be not(7); be->it(6); i->know(6); this->be(6),ruth-r,ruth-r
8433,4103,1440,3210,0.0015,5.7,0.1234,64,1.28,0.334,0.9771,0.2712,149,544,747,0.134,0.1755,it->be(64); i->be(46); i->have(27); that->be(27); be->what(21); i->think(17); i->do not know(15); i->get(14); i->say(14); i->do(13),jason-w,non-hodgkin-lymphoma
1975,908,423,680,0.0038,4.29,0.2147,15,1.34,0.0969,0.9669,0.2549,37,181,205,0.1938,0.2329,it->be(15); i->be(14); give->i(8); i->get(6); i->have(6); i->feel(6); i->say(5); be->okay(5); i->use talk(4); i->go(4),demi-d,sarcoma
7297,3742,1378,3081,0.0016,5.43,0.097,46,1.21,0.32,0.9862,0.2754,145,530,703,0.1245,0.1841,it->be(46); i->be(30); that->be(29); i->get(21); he->say(19); i->have(14); be->what(11); this->be(11); you->be(10); i->think(10),jeff-f,leukemia
5752,2969,1204,2617,0.0018,4.93,0.0726,24,1.13,0.3239,0.9784,0.3062,145,452,607,0.1226,0.2028,it->be(24); i->be(18); that->be(12); he->be(11); i->have(9); i->think(9); we->know(7); we->have(7); we->be(7); they->say(6),jake-l,testicular-cancer
4456,2138,978,1855,0.0019,4.37,0.0701,44,1.15,0.2577,0.9642,0.2731,111,383,484,0.1506,0.2287,it->be(44); i->be(31); i->have(13); that->be(10); i->go(8); tell->i(6); i->feel(6); i->get(6); i->know(6); it->be not(5),camila-b,lung-cancer
2018,940,543,894,0.003,3.46,0.0313,8,1.05,0.1565,0.9576,0.2806,81,182,280,0.0968,0.2888,it->be(8); i->be(7); i->have(6); be->available(3); i->find(3); peer support->advocacy(3); be->hard(2); it->be not(2); patient->other patient(2); what->with metastatic triple negative breast cancer(2),janice-c,breast-cancer
8351,4054,1420,3243,0.0016,5.71,0.1431,45,1.25,0.3423,0.9824,0.2749,157,567,696,0.1083,0.1751,it->be(45); that->be(36); i->be(33); i->have(33); i->think(15); i->get(13); he->be(13); this->be(12); be->able(10); be->what(9),laura-f,kidney-cancer
1819,869,484,771,0.0033,3.59,0.0765,16,1.13,0.0145,0.9587,0.2341,86,179,219,0.1358,0.2785,i->be(16); it->be(9); i->have(7); i->say(5); be->emotionally difficult(4); i->think(4); i->wake(4); it->on my portal(3); be->patient(3); i->see(3),cyndi-f,thyroid-cancer
3712,1740,806,1502,0.0023,4.32,0.0732,30,1.16,0.2246,0.9752,0.236,85,322,399,0.1615,0.2316,i->be(30); i->have(21); it->be(14); i->know(9); i->say(8); i->think(7); that->be(6); give->i(6); it->be not(5); i->go(5),tiffany-f,lung-cancer
6289,3036,1125,2143,0.0017,5.4,0.2333,51,1.42,0.2249,0.9796,0.2593,103,449,573,0.1663,0.1853,i->be(51); it->be(39); that->be(28); i->have(27); he->say(14); i->think(13); you->have(11); i->go(11); i->get(11); they->be(10),jude-a,multiple-myeloma
6421,3374,1195,2718,0.0019,5.65,0.1096,37,1.24,0.3188,0.9774,0.2675,92,507,596,0.1292,0.1771,it->be(37); that->be(28); i->be(27); i->know(19); i->have(16); i->think(14); be->what(12); i->say(10); i->go(9); i->do(9),hannah-d,leukemia
6935,3750,1378,3207,0.0017,5.44,0.0786,52,1.17,0.3309,0.9826,0.3105,138,517,723,0.1253,0.1837,it->be(52); i->be(30); i->have(29); i->do(16); that->be(16); i->go(14); i->think(13); be->something(11); be->what(9); i->say(9),marina-b,breast-cancer
3481,1789,771,1551,0.0026,4.64,0.0716,27,1.15,0.2581,0.9831,0.2761,87,305,379,0.1302,0.2155,i->be(27); it->be(22); i->have(16); i->think(12); you->be(7); that->be(7); i->do(6); i->say(6); be->incurable(5); i->go(5),rachel-h,hodgkin-lymphoma
5373,2876,1053,2381,0.0021,5.46,0.0865,49,1.21,0.3438,0.9905,0.2788,103,429,521,0.161,0.1831,i->be(49); it->be(35); i->think(18); i->have(18); that->be(18); i->go(12); i->tell(11); i->do(11); i->say(9); i->feel(9),spencer-l,ovarian-cancer
480,199,160,192,0.0075,2.49,0.0365,2,1.04,0.0187,0.7812,0.2574,24,61,75,0.0,0.402,she->believe(2); disease->her own resilience(2); as visitor->immediate answer(2); safe space->because constant monitoring(2); safe space->access(2); because constant monitoring->access(2); strong->worthy(2); maggie->move be(1); maggie->return(1); maggie->navigate(1),maggie-c,breast-cancer
5762,2867,1160,2461,0.0018,4.94,0.0813,41,1.16,0.2922,0.9853,0.2795,105,470,585,0.1256,0.2023,i->be(41); it->be(31); i->have(20); that->be(18); i->think(14); you->be(10); i->do(10); i->get(7); you->have(6); you->get(6),roy-b,lung-cancer
301,115,102,114,0.0111,2.25,0.0088,2,1.01,0.0098,0.2843,0.2814,23,34,45,0.0,0.4435,she->embrace(2); who->hail(1); who->have(1); hail->from ohio(1); lauren->diagnose twist(1); lauren->face(1); lauren->yet find(1); diagnose twist->with t cell acute lymphoblastic leukemia(1); diagnose twist->in may(1); diagnose twist->twist(1),lauren-m,leukemia
313,119,99,119,0.0123,2.4,0.0,1,1.0,0.0101,0.6364,0.3117,15,32,52,0.0,0.416,callan->actively engage(1); callan->maintain(1); callan->discover(1); callan->immediately suspect initially undergo(1); callan->recently begin participate(1); callan->face(1); callan->remain(1); callan->determine(1); callan->continue engage(1); actively engage->before his stage(1),callan-r,testicular-cancer
2768,1227,618,1061,0.0028,3.97,0.066,17,1.16,0.1731,0.966,0.2204,80,264,274,0.1597,0.2518,i->be(17); it->be(14); i->have(14); it->be not(9); i->think(6); i->need(6); that->be(6); they->be(5); be->what(4); be->who(4),courtney-l,non-hodgkin-lymphoma
7106,3716,1221,2833,0.0019,6.09,0.161,51,1.31,0.3366,0.9689,0.3084,127,482,612,0.1485,0.1643,it->be(51); i->be(39); i->have(31); i->get(27); i->go(16); i->take(14); i->know(13); i->my family(12); i->think(12); that->be(10),bobby-j,non-hodgkin-lymphoma
6405,3273,1227,2658,0.0018,5.33,0.0993,58,1.23,0.2901,0.9804,0.2871,122,466,639,0.154,0.1874,i->be(58); it->be(39); that->be(25); i->think(24); i->have(23); i->go(12); be->what(11); be->doctor(10); i->get(10); they->be(9),shira-b,lung-cancer
8416,4272,1432,3277,0.0016,5.97,0.1706,78,1.3,0.3261,0.9888,0.2802,145,540,747,0.092,0.1676,it->be(78); that->be(40); i->be(27); it->be not(21); i->do(15); i->get(12); i->have(11); be->lot(10); you->do(9); i->go(9),bruce-m,prostate-cancer
420,185,145,181,0.0087,2.55,0.0221,2,1.02,0.0345,0.8414,0.2731,16,59,70,0.0,0.3919,he->be(2); he->maintain(2); he->emphasize(2); he->advocate(2); tom->share(1); tom->consequently experience(1); tom->succumb prostate prior(1); tom->face(1); tom->choose aprostatectomyto eliminate(1); tom->fear(1),tom-h,prostate-cancer
431,198,158,197,0.0079,2.51,0.0051,2,1.01,0.0506,0.7722,0.2997,26,60,72,0.0,0.399,she->believe(2); who->enjoy(1); who->live healthily(1); enjoy->baking(1); enjoy->cooking(1); enjoy->snowboarding(1); baking->cooking(1); baking->snowboarding(1); cooking->snowboarding(1); kate->share(1),kate-j,colorectal-cancer
3593,1670,840,1524,0.0022,3.98,0.0499,17,1.1,0.2167,0.9655,0.2434,89,356,395,0.1443,0.2515,i->be(17); it->be(12); that->be(10); i->have(7); i->feel(6); i->do(6); be->what(5); you->have(5); i->think(5); i->go(5),mckenna-a,sarcoma
3521,1646,784,1460,0.0024,4.2,0.0603,23,1.13,0.227,0.9656,0.2643,89,336,359,0.13,0.2382,i->be(23); it->be(14); that->be(14); i->have(11); -->ray(8); you->know(7); i->get(7); chest x->-(5); chest x->ray(5); i->go(5),jennifer-m-2,skin-cancer
5298,2528,1046,1979,0.0018,4.83,0.1794,35,1.28,0.1874,0.9742,0.2818,102,406,538,0.1412,0.2069,it->be(35); i->be(23); i->have(18); that->be(13); i->do not have(8); i->go(8); i->think(7); tell->i(7); it->be not(6); i->get(6),carlos-c,multiple-myeloma
3835,1705,789,1445,0.0023,4.32,0.0976,24,1.18,0.1749,0.9518,0.2647,111,304,374,0.1261,0.2314,i->be(24); i->think(21); that->be(12); it->be(8); i->have(8); something->be(6); you->be(6); be->fine(5); be->wrong(5); be->what(5),serena-v,leukemia
1619,744,415,679,0.004,3.59,0.0604,11,1.1,0.0627,0.9711,0.2538,54,161,200,0.1505,0.2789,it->be(11); i->be(10); i->have(6); i->month(3); i->lose(3); that->be(3); be->wrong(2); be->lot easy(2); she->be(2); it->get(2),jannette-j,thyroid-cancer
7070,3250,1166,2495,0.0018,5.57,0.1246,43,1.3,0.3096,0.9708,0.2611,114,435,617,0.1394,0.1794,i->be(43); it->be(34); i->have(24); be->able(21); i->go(20); i->feel(18); they->be(12); that->be(12); i->do(11); i->know(10),daniella-s,non-hodgkin-lymphoma
2677,1187,645,1095,0.0026,3.68,0.0447,20,1.08,0.1473,0.9845,0.2503,81,269,295,0.1247,0.2717,i->be(20); it->be(8); i->have(6); you->know(4); i->do(4); that->be(4); be->good(3); you->through hard time(3); look->for wonder(3); that joy->beauty(3),michelle-c-2,multiple-myeloma
569,243,144,208,0.0101,3.38,0.1683,2,1.17,0.0903,0.6944,0.3036,29,45,70,0.0329,0.2963,myelodysplastic syndrome->be(2); be->group(2); be->year old(2); be->at time(2); be->bad(2); be->no clear way(2); affect->bone marrow 's ability(2); bone marrow 's ability->produce(2); produce->healthy blood cell(2); fatigue->set(2),myelodysplastic-syndromes-mds,leukemia
356,137,120,136,0.0095,2.28,0.0074,2,1.01,0.0083,0.8167,0.2492,18,48,54,0.0,0.438,to deep empathy->connection(2); rylie->begin experience(1); rylie->still find(1); rylie->face(1); rylie->confront(1); rylie->also consider(1); rylie->reach(1); rylie->be officially(1); rylie->learn embrace(1); rylie->note(1),riley-g,hodgkin-lymphoma
4987,2344,1041,2032,0.0019,4.5,0.063,38,1.15,0.2767,0.9827,0.2352,104,443,494,0.1732,0.2221,i->be(38); it->be(30); i->have(25); that->be(14); i->go(11); i->say(10); he->say(9); i->think(7); be->what(6); have->testicular cancer(5),matt-b,testicular-cancer
8522,4233,1520,3309,0.0014,5.57,0.1408,70,1.28,0.3151,0.9816,0.2653,144,581,795,0.1238,0.1795,it->be(70); i->be(56); that->be(34); i->have(26); i->get(16); i->go(15); i->think(15); he->be(14); i->feel(12); he->say(12),shari-b,non-hodgkin-lymphoma
5283,2570,978,1978,0.0021,5.26,0.1254,48,1.3,0.2566,0.9857,0.2394,95,379,504,0.1389,0.1903,it->be(48); i->be(39); you->be(15); that->be(14); i->feel(12); i->have(12); i->think(11); -->ray(10); i->get(10); this->be(10),danielle-d-2,hodgkin-lymphoma
389,182,134,177,0.0099,2.72,0.0282,2,1.03,0.0075,0.7612,0.315,19,49,66,0.0,0.3681,rashawn->undergo(2); rashawn->know(2); rashawn->seek(2); help->other(2); full life->despite adversity(2); rashawn->be(1); rashawn->face post(1); rashawn->emphasize(1); rashawn->today continue manage vigilantly(1); rashawn->address immediately(1),rashawn-m,colorectal-cancer
3028,1638,672,1400,0.0031,4.88,0.085,23,1.17,0.2679,0.9881,0.2584,57,296,319,0.1166,0.2051,that->be(23); it->be(22); i->have(14); i->be(13); i->get(7); you->find(6); be->what(5); be->amazing(5); you->get(5); i->think(5),leanne-b,cervical-cancer
2701,1286,618,1129,0.003,4.16,0.0717,15,1.14,0.2071,0.9854,0.2873,79,237,302,0.1291,0.2403,it->be(15); i->be(13); i->have(11); you->know(7); i->think(5); she->be(5); that->be(4); be now->in remission(3); be now->for year(3); in remission->for year(3),mike-e,non-hodgkin-lymphoma
1522,601,324,478,0.0046,3.71,0.205,6,1.26,0.0432,0.9444,0.2703,66,120,138,0.0782,0.2696,it->be(6); i->be(6); it->do not work(4); i->go(4); on my finger->big more awkward spot(4); on my finger->on my toe(4); big more awkward spot->on my toe(4); week->in hospital(4); month old->at this point(4); it->be not(3),acute-myeloid-leukemia-aml,leukemia
7568,3797,1531,3300,0.0014,4.96,0.0706,47,1.15,0.2887,0.9798,0.282,172,573,786,0.1159,0.2016,it->be(47); i->have(29); i->be(28); i->go(14); they->do(12); i->say(10); i->know(9); he->say(8); that->be(8); it->get(7),jesse-g,leukemia
2160,967,569,902,0.0028,3.4,0.0421,11,1.07,0.0562,0.9402,0.2448,79,225,265,0.1562,0.2942,it->be(11); i->be(9); i->get(4); i->have(4); which->be(3); be->able(3); they->say(3); uti->something(3); like what->through cancer(3); like what->at this age(3),ryan-l,testicular-cancer
5711,3033,1237,2616,0.0017,4.9,0.073,41,1.16,0.2838,0.9846,0.2868,111,450,676,0.1576,0.2039,it->be(41); i->be(40); i->have(28); i->feel(15); i->do(11); he->be(9); i->know(8); it->feel(7); i->go(7); i->do not know(6),cheyenne-e,skin-cancer
8322,4437,1317,3219,0.0019,6.74,0.219,65,1.38,0.3812,0.9909,0.2626,141,516,660,0.1039,0.1484,that->be(65); it->be(51); i->be(47); i->have(26); i->think(20); be->what(15); this->be(15); i->know(14); you->be(10); be->something(9),greg-s,thyroid-cancer
377,155,126,153,0.0097,2.46,0.0131,2,1.01,0.0317,0.6587,0.3486,24,41,61,0.0,0.4065,it->be not(2); that->respiratory doctor(2); jen->be(1); jen->diffuse back(1); jen->even do(1); jen->struggle walk(1); jen->gasp(1); jen->find(1); jen->her brother(1); be->27(1),jen-n,non-hodgkin-lymphoma
8407,4044,1415,2975,0.0015,5.72,0.1829,57,1.36,0.2332,0.9689,0.2264,176,540,699,0.0962,0.175,it->be(57); i->have(28); you->be(26); i->be(23); that->be(23); you->have(19); i->think(15); they->say(15); i->say(14); they->have(13),dennis-golden,prostate-cancer
2957,1299,581,989,0.0029,4.47,0.1577,17,1.31,0.0465,0.9604,0.2527,70,231,280,0.1455,0.2236,i->be(17); it->be(15); i->have(6); i->do(6); tell->i(6); be->wrong(5); i->know(5); i->go(5); i->feel(5); it->could be(5),a-firefighters-story,bladder-cancer
5284,2483,1004,2075,0.0021,4.95,0.0665,50,1.2,0.2998,0.9811,0.2375,93,417,494,0.1438,0.2022,it->be(50); i->be(38); that->be(23); i->have(23); be->able(16); i->think(16); i->do(9); it->feel(8); this->be(8); i->do not know(8),shannon-m-2,lung-cancer
3472,1649,655,1242,0.0029,5.04,0.1755,30,1.33,0.2489,0.9756,0.2389,69,264,322,0.1837,0.1986,i->be(30); i->have(25); it->be(25); i->get(18); that->be(10); i->wake(9); i->feel(7); i->do not know(6); be->scary(6); i->think(5),jillian-j,sarcoma
2721,1339,528,913,0.0033,5.07,0.3012,22,1.47,0.1989,0.964,0.2409,60,203,265,0.1725,0.1972,it->be(22); i->be(21); i->have(19); that->be(12); i->go(10); i->know(7); i->see(7); i->feel(6); i->do(5); i->tell(5),maui-bigelow,multiple-myeloma
2183,1016,579,938,0.0028,3.51,0.0522,11,1.08,0.1071,0.924,0.2851,83,219,277,0.125,0.2849,it->be(11); i->be(10); that->be(4); i->have(4); i->tell(4); i->think(3); i->go(3); i->get(3); it->could be(3); my early stomach cancer symptom->initial concern(3),frank-b,stomach-cancer
5081,2369,1041,1958,0.0018,4.55,0.0827,39,1.21,0.2094,0.9568,0.2252,109,401,531,0.1634,0.2197,it->be(39); i->be(32); i->have(26); i->say(13); this->be(11); i->feel(11); that->be(9); i->go(9); need->what(8); people->what(8),amanda-w,ovarian-cancer
4296,2200,870,1838,0.0024,5.06,0.0892,31,1.2,0.3632,0.9713,0.2749,80,356,434,0.1395,0.1977,it->be(31); i->have(31); i->be(23); i->go(10); i->get(10); it->be not(8); that->be(8); i->do(8); i->think(8); tell->i(8),lauren-c-3,lung-cancer
415,167,139,165,0.0086,2.4,0.0121,2,1.01,0.0072,0.8058,0.2311,24,55,60,0.0,0.4162,fear->take(2); afraid->around scan time(2); dual diagnosis->blindside kidney cancer(1); blindside kidney cancer->jennifer(1); jennifer->feel(1); jennifer->go alone(1); jennifer->undergo(1); jennifer->emphasize(1); jennifer->stay(1); jennifer->advocate(1),jennifer-w,ovarian-cancer
5362,2910,1133,2443,0.0019,5.14,0.086,40,1.19,0.3027,0.9859,0.275,134,416,583,0.1333,0.1947,i->be(40); it->be(37); i->have(33); i->think(27); that->be(15); be->what(10); i->know(9); they->be(9); they->say(8); this->be(7),sorcha-b,sarcoma
2219,1136,629,1055,0.0027,3.61,0.0464,12,1.08,0.089,0.9571,0.2992,99,220,310,0.1136,0.2768,i->have(12); it->be(10); i->be(9); i->think(4); i->call(3); it->be not(3); we->have(3); that->be(3); few week->with no medical care(3); be->after surgery(2),sarah-g,colorectal-cancer
4764,2471,1090,2178,0.0018,4.53,0.0684,27,1.13,0.2642,0.9716,0.278,122,446,522,0.1445,0.2206,i->be(27); it->be(22); i->have(17); that->be(17); i->tell(8); be->normal(7); i->know(7); i->do(6); i->feel(6); this->be not(5),arelly-r,stomach-cancer
2259,1042,510,859,0.0033,4.09,0.1059,15,1.21,0.1353,0.951,0.2302,80,179,251,0.1353,0.2447,i->be(15); be->what(9); it->be(9); michelle->jolene(7); pecoma->be(6); i->have(6); know->what(5); i->think(5); i->want(5); they->know(4),michelle-c-and-jolene-s,sarcoma
6970,3393,1393,2912,0.0015,4.87,0.0728,51,1.17,0.2125,0.9864,0.263,163,529,701,0.12,0.2053,it->be(51); i->be(36); that->be(33); i->have(31); it->be not(9); i->get(9); we->be(8); we->have(8); be->what(7); they->be(7),chris-k,skin-cancer
362,167,125,165,0.0106,2.67,0.0121,2,1.01,0.008,0.816,0.2514,24,46,55,0.0,0.3743,it->be(2); sign->testament(2); crystal 's account->be(1); crystal 's account->confront(1); crystal 's account->grapple(1); crystal 's account->let(1); be->heartfelt narrative(1); be->entirely shocking(1); be->during these dark time(1); be->strength(1),crystal-w,colorectal-cancer
1364,640,317,505,0.005,4.04,0.1168,10,1.27,0.0252,0.9716,0.2229,38,114,165,0.1578,0.2477,i->have(10); i->be(10); it->be(8); hard->your kid(6); hard->cancer(6); be->what(5); have->cancer(5); your kid->cancer(5); that->be(4); you->be(4),margie-h,leukemia
907,314,189,267,0.0075,3.32,0.1348,9,1.18,0.0106,0.7989,0.2301,47,65,77,0.0096,0.301,it->be(9); extra sample->anything(4); account->for %(3); i->with stage(3); it->not get(2); it->look(2); it->stag n2(2); be->to muscle(2); be->in lamina propria(2); be->deep(2),bladder-cancer-basics,bladder-cancer
7023,3389,1103,2441,0.002,6.15,0.2048,70,1.39,0.2339,0.9683,0.2933,100,447,556,0.1455,0.1627,it->be(70); i->be(48); i->feel(27); i->think(26); i->have(23); that->be(18); i->get(16); i->know(15); about whatever reaction->way(12); about whatever reaction->about anything(12),erin-r,non-hodgkin-lymphoma
5889,2891,1023,2077,0.002,5.65,0.2311,52,1.39,0.3089,0.9824,0.2545,88,414,521,0.1522,0.1769,it->be(52); i->be(37); i->have(30); that->be(16); i->think(11); i->know(10); be->able(9); i->go(9); they->be(9); we->have(9),melissa-v,multiple-myeloma
2440,1156,586,1047,0.0031,3.95,0.0554,14,1.1,0.1894,0.9881,0.24,66,234,286,0.1289,0.2535,it->be(14); i->feel(10); i->be(10); i->do(7); you->be(6); i->get(6); i->have(4); do->that(4); this->be(3); they->have(3),marissa-t,breast-cancer
8163,3895,1377,2970,0.0016,5.66,0.1158,60,1.31,0.337,0.9913,0.2371,113,605,659,0.1476,0.1768,it->be(60); i->be(54); that->be(34); i->go(23); i->get(22); this->be(18); i->know(17); i->do(15); be->like(13); you->have(13),valarie-t,multiple-myeloma
8211,3958,1361,3047,0.0016,5.82,0.1588,79,1.3,0.3204,0.9824,0.3193,132,476,753,0.0953,0.1719,it->be(79); that->be(30); i->be(26); i->have(23); i->go(19); be->what(16); they->give(15); they->be(13); i->think(9); give->i(9),tim-h,non-hodgkin-lymphoma
2639,1123,533,938,0.0033,4.21,0.1023,13,1.2,0.1463,0.9625,0.2171,74,208,251,0.1211,0.2373,that->be(13); i->be(13); it->be(8); i->know(6); good grade->to school(6); you->be(5); i->do(5); i->think(5); you->get(4); you->go(4),multiple-myeloma-health-equity-dr-brandon-blue,multiple-myeloma
399,140,131,137,0.008,2.14,0.0219,2,1.02,0.0076,0.6336,0.2557,29,46,56,0.0,0.4679,she->be(2); cancer->not spread(2); to well understanding->treatment(2); maddee->diagnose(1); maddee->choose not undergo(1); maddee->rely(1); diagnose->with stage february cancerin(1); she->initially attribute(1); she->begin experience(1); she->dismiss(1),maddee-m,colorectal-cancer
2117,997,478,852,0.0037,4.17,0.0974,19,1.17,0.2322,0.9644,0.2867,50,192,236,0.1444,0.2397,i->be(19); it->be(6); i->have(6); i->go(6); this->do(4); i->do(4); be->determined(3); be->pain(3); be->key(3); she->be(3),dr-yvonne-d,multiple-myeloma
8420,4504,1494,3437,0.0015,6.03,0.1513,109,1.31,0.332,0.99,0.284,102,582,810,0.1365,0.1659,it->be(109); i->be(65); that->be(32); this->be(21); i->feel(19); i->think(19); i->have(17); it->be not(15); i->get(14); they->be(14),sonia-s,non-hodgkin-lymphoma
425,181,147,178,0.0083,2.46,0.0169,2,1.02,0.0136,0.6667,0.2513,28,55,64,0.0,0.4061,he->find(2); he->share(2); clarity->amid emotional chaos(2); rob->not expect(1); rob->admit(1); rob->describe vividly(1); rob->feel(1); rob->process deeply(1); not expect->much(1); not expect->from psa test(1),rob-m,prostate-cancer
390,129,113,129,0.0102,2.28,0.0,1,1.0,0.0354,0.5575,0.2853,22,39,52,0.0,0.438,nolan->diagnose(1); nolan->begin(1); nolan->start(1); nolan->undergo(1); nolan->focus(1); nolan->have(1); nolan->credit(1); nolan->return(1); nolan->decide pursue(1); nolan->help(1),nolan-w,non-hodgkin-lymphoma
370,148,132,145,0.0084,2.24,0.0207,2,1.02,0.0076,0.7576,0.2071,17,56,59,0.0,0.4459,she->be(2); she->find(2); as accessory->death sentence(2); monica->share(1); monica->undergo(1); monica->navigate(1); monica->also use advocate(1); monica->stress(1); monica->challenge(1); monica->choose maintain(1),monica-a,colorectal-cancer
6344,3356,1199,2790,0.0019,5.6,0.0796,67,1.2,0.2861,0.985,0.2933,124,469,606,0.1392,0.1786,it->be(67); i->be(43); i->have(19); *->*(18); that->be(17); she->be(10); i->know(10); be->*(9); it->be not(9); i->get(9),taylor-scheib-2,thyroid-cancer
2714,1127,612,916,0.0024,3.68,0.1779,10,1.23,0.0752,0.9134,0.2261,96,233,283,0.079,0.2715,it->be(10); he->have(9); month->live(6); i->be(5); that->be(4); be->microscopic(4); be->temporary(4); he->be(4); i->get(4); this->be(4),shahzad-b,non-hodgkin-lymphoma
6590,3165,1184,2473,0.0018,5.35,0.1363,62,1.28,0.2677,0.973,0.3096,105,422,657,0.1567,0.187,i->be(62); it->be(60); i->have(22); that->be(21); i->think(13); i->get(13); i->be not(12); you->be(12); this->be(12); be->able(11),kara-l,sarcoma
4606,2298,855,1699,0.0023,5.38,0.2078,33,1.35,0.345,0.9848,0.2632,84,354,417,0.1654,0.186,i->be(33); i->have(25); it->be(23); you->be(13); that->be(12); i->get(9); you->get(8); have->cancer(8); i->think(7); i->feel(7),daniel-garza,anal-cancer
8670,4221,1470,3264,0.0015,5.74,0.1299,106,1.29,0.3,0.9884,0.2668,121,635,714,0.1822,0.1741,i->be(106); it->be(83); i->have(33); be->like(24); i->feel(18); i->do(16); that->be(15); i->go(14); you->have(11); you->be(11),sara-i,ovarian-cancer
