n_words,n_triplets,n_nodes,n_edges,participation_coeff,dominant_emotion,dominant_ratio,emotional_concentration,dom_fear,lscc_fear,coverage_fear,dom_anger,lscc_anger,coverage_anger,dom_sadness,lscc_sadness,coverage_sadness,dom_joy,lscc_joy,coverage_joy,dom_trust,lscc_trust,coverage_trust,dom_disgust,lscc_disgust,coverage_disgust,dom_surprise,lscc_surprise,coverage_surprise,dom_anticipation,lscc_anticipation,coverage_anticipation,corr_synt_fear,corr_synt_anger,corr_synt_sadness,corr_synt_joy,corr_synt_trust,corr_synt_disgust,corr_synt_surprise,corr_synt_anticipation,fp_fear,fp_anger,fp_sadness,fp_joy,fp_trust,fp_disgust,fp_surprise,fp_anticipation,slug
343,177,110,157,0.4971,trust,0.2063,0.1476,0.0847,0.05,0.1818,0.0741,0.0526,0.1727,0.1111,0.0476,0.1909,0.1693,0.0357,0.2545,0.2063,0.0263,0.3455,0.0476,0.0833,0.1091,0.1217,0.0417,0.2182,0.1852,0.027,0.3364,0.2941,-0.0104,0.0481,0.3922,0.395,-0.1001,0.7333,0.3654,0.0612,0.0204,0.0408,0.0612,0.0816,0.0204,0.102,0.0612,depression_qx4l5j
389,162,106,147,0.5988,fear,0.2,0.1406,0.2,0.0385,0.2453,0.16,0.0476,0.1981,0.17,0.0435,0.217,0.11,0.0667,0.1415,0.11,0.0667,0.1415,0.11,0.0714,0.1321,0.07,0.0909,0.1038,0.07,0.1,0.0943,0.6712,0.4975,0.3172,0.3581,0.0021,0.862,-0.2038,0.5406,0.0645,0.0645,0.0,0.0,0.0323,0.0,0.0323,0.0323,depression_qrczko
971,426,273,405,0.4998,anticipation,0.1903,0.1439,0.1592,0.0476,0.3077,0.132,0.0141,0.2601,0.1631,0.0123,0.2967,0.1223,0.0196,0.1868,0.132,0.0149,0.2454,0.0311,0.0455,0.0806,0.0699,0.025,0.1465,0.1903,0.013,0.2821,0.6854,0.4775,0.4624,0.6593,0.6002,0.5207,0.4603,0.7634,0.1463,0.0488,0.061,0.0854,0.061,0.0122,0.061,0.1707,ptsd_nlgucy
316,143,100,129,0.7074,fear,0.1718,0.1326,0.1718,0.0312,0.32,0.1472,0.037,0.27,0.1411,0.0385,0.26,0.0982,0.2353,0.17,0.135,0.16,0.25,0.1411,0.0417,0.24,0.0859,0.2667,0.15,0.0798,0.2667,0.15,0.5937,0.3884,0.1978,0.1461,-0.0712,0.1817,-0.095,-0.1699,0.1026,0.0513,0.0513,0.0,0.0,0.0513,0.0,0.0256,depression_rj12pb
760,341,239,330,0.4746,trust,0.1628,0.1286,0.1096,0.025,0.1674,0.1395,0.0244,0.1715,0.1395,0.0227,0.1841,0.1096,0.0256,0.1632,0.1628,0.0189,0.2218,0.0997,0.0323,0.1297,0.103,0.0263,0.159,0.1362,0.02,0.2092,0.7368,0.69,0.5504,0.3936,0.0463,0.463,0.155,0.0346,0.0984,0.1148,0.082,0.0,0.0164,0.0656,0.0328,0.0164,ptsd_gdh7p9
512,230,154,220,0.5091,trust,0.2207,0.1399,0.1549,0.1429,0.2273,0.1127,0.1852,0.1753,0.1408,0.0556,0.2338,0.1033,0.037,0.1753,0.2207,0.0196,0.3312,0.0986,0.04,0.1623,0.0798,0.0909,0.1429,0.0892,0.0435,0.1494,0.465,0.4883,0.579,0.6656,0.5597,0.3521,0.5055,0.7534,0.0909,0.0909,0.0909,0.0909,0.0909,0.0606,0.0909,0.1212,ptsd_icl4jh
699,285,192,260,0.4687,anticipation,0.188,0.1347,0.1496,0.0244,0.2135,0.0983,0.0385,0.1354,0.1453,0.0263,0.1979,0.1068,0.0345,0.151,0.141,0.0263,0.1979,0.0726,0.0526,0.099,0.0983,0.0333,0.1562,0.188,0.0196,0.2656,0.1726,-0.0097,0.0264,0.1362,0.2279,-0.1246,0.2798,0.3477,0.0469,0.0156,0.0312,0.0156,0.0156,0.0,0.0469,0.0625,ptsd_q10apl
369,611,119,345,0.7408,fear,0.2012,0.1409,0.2012,0.0204,0.4118,0.1411,0.0444,0.3782,0.1592,0.0204,0.4118,0.0661,0.037,0.2269,0.1111,0.025,0.3361,0.1592,0.0392,0.4286,0.0841,0.0312,0.2689,0.0781,0.0323,0.2605,0.4458,0.3775,0.375,-0.0037,-0.1826,0.3813,0.3279,0.0647,0.0811,0.0811,0.0541,0.0,0.027,0.0541,0.027,0.027,depression_riw4si
558,227,152,213,0.4797,anticipation,0.1807,0.138,0.1285,0.0263,0.25,0.1406,0.0303,0.2171,0.1727,0.0208,0.3158,0.1124,0.0278,0.2368,0.1285,0.0238,0.2763,0.0884,0.0476,0.1382,0.0482,0.0625,0.1053,0.1807,0.02,0.3289,0.6036,0.4243,0.5724,0.1249,-0.0459,-0.0015,-0.1339,0.4586,0.0833,0.0667,0.0833,0.0333,0.0167,0.0333,0.0,0.0833,depression_r42kf5
819,426,223,382,0.5185,anticipation,0.2229,0.1508,0.1988,0.0159,0.2825,0.1175,0.0213,0.2108,0.1145,0.0222,0.2018,0.0723,0.0294,0.1525,0.1416,0.0213,0.2108,0.0843,0.0294,0.1525,0.0482,0.0556,0.0807,0.2229,0.0137,0.3274,0.8028,0.7362,0.7412,-0.062,0.2932,0.6122,0.2377,0.4629,0.1667,0.0833,0.0833,0.0104,0.0521,0.0625,0.0417,0.0938,depression_qwbg6l
321,151,103,146,0.4535,sadness,0.2784,0.1876,0.2165,0.0455,0.2136,0.1959,0.0455,0.2136,0.2784,0.0357,0.2718,0.0412,0.1667,0.0583,0.0619,0.1111,0.0874,0.1031,0.0909,0.1068,0.0103,0.5,0.0194,0.0928,0.0769,0.1262,0.8847,0.8671,0.8057,-0.5,-0.3118,0.8152,,0.3117,0.1212,0.1212,0.1212,0.0,0.0303,0.0303,0.0303,0.0606,depression_r2trby
418,190,126,179,0.5785,anger,0.2,0.1385,0.1379,0.0417,0.1905,0.2,0.0303,0.2619,0.1103,0.0455,0.1746,0.0966,0.0625,0.127,0.1655,0.0323,0.246,0.1172,0.0476,0.1667,0.0552,0.1,0.0794,0.1172,0.0435,0.1825,0.5395,0.6806,0.3322,0.3189,0.1822,0.4045,-0.0025,0.1903,0.0345,0.069,0.0345,0.0345,0.0345,0.0345,0.0,0.0345,ptsd_jgq9dg
452,242,131,212,0.5721,anticipation,0.2339,0.1736,0.2156,0.0227,0.3359,0.1927,0.0263,0.2901,0.1422,0.0385,0.1985,0.078,0.04,0.1908,0.0826,0.0455,0.1679,0.0092,0.3333,0.0229,0.0459,0.0625,0.1221,0.2339,0.0182,0.4198,0.611,0.5578,0.5824,0.3592,0.1799,,-0.1281,0.4873,0.0244,0.0,0.0488,0.0976,0.0488,0.0,0.0488,0.0244,ptsd_ornd6o
316,136,90,126,0.3962,anticipation,0.2258,0.1497,0.1183,0.0714,0.1556,0.0753,0.1,0.1111,0.1828,0.0556,0.2,0.0538,0.1429,0.0778,0.1613,0.0588,0.1889,0.0968,0.0769,0.1444,0.086,0.0833,0.1333,0.2258,0.037,0.3,-0.0304,-0.0975,0.3199,-0.2382,-0.0354,-0.0589,-0.1821,-0.0267,0.0645,0.0645,0.0968,0.0323,0.0323,0.0645,0.0323,0.0323,ptsd_qlj4um
354,153,95,139,0.4086,anticipation,0.2941,0.1803,0.1176,0.1,0.1053,0.0784,0.1429,0.0737,0.1765,0.0909,0.1158,0.1765,0.0909,0.1158,0.098,0.125,0.0842,0.0392,0.3333,0.0316,0.0196,0.5,0.0211,0.2941,0.0526,0.2,-0.201,-0.1979,-0.3483,0.2308,0.1366,,,0.2743,0.0286,0.0286,0.0286,0.0571,0.0286,0.0,0.0286,0.0571,ptsd_oj31ml
392,153,112,146,0.4546,fear,0.2642,0.1629,0.2642,0.0286,0.3125,0.1887,0.037,0.2411,0.1415,0.0526,0.1696,0.0755,0.0833,0.1071,0.0755,0.0909,0.0982,0.0377,0.1429,0.0625,0.0849,0.0667,0.1339,0.1321,0.0476,0.1875,0.5503,0.3563,0.3375,0.0988,0.0785,-0.1931,-0.1304,0.437,0.0769,0.0385,0.0769,0.0769,0.0385,0.0,0.0,0.0,ptsd_ql47jq
486,247,149,227,0.5317,trust,0.1905,0.1426,0.127,0.037,0.1812,0.1005,0.0476,0.1409,0.1164,0.04,0.1678,0.1429,0.0333,0.2013,0.1905,0.1389,0.2416,0.0899,0.0476,0.1409,0.0423,0.2,0.0671,0.1905,0.0526,0.255,0.5042,0.3859,0.3435,0.4377,0.5964,0.4209,0.5217,0.5682,0.098,0.0588,0.0784,0.0588,0.0784,0.0588,0.0588,0.0784,ptsd_oax5ns
1029,480,276,431,0.5227,trust,0.1801,0.1355,0.1524,0.0143,0.2536,0.0942,0.0238,0.1522,0.1302,0.0169,0.2138,0.1496,0.0392,0.1848,0.1801,0.0303,0.2391,0.0693,0.0323,0.1123,0.0831,0.0303,0.1196,0.1413,0.0167,0.2174,0.8089,0.7621,0.822,0.7633,0.6658,0.7758,0.805,0.7381,0.1019,0.0556,0.0833,0.0833,0.0833,0.0463,0.1019,0.1111,depression_rml348
370,165,116,156,0.5354,fear,0.1687,0.1308,0.1687,0.0303,0.2845,0.1205,0.037,0.2328,0.1566,0.0294,0.2931,0.0964,0.05,0.1724,0.0964,0.0526,0.1638,0.0964,0.0455,0.1897,0.1205,0.0385,0.2241,0.1446,0.0333,0.2586,0.4957,0.1668,0.4492,-0.0593,0.0797,-0.1021,0.2943,0.0257,0.1364,0.0455,0.0909,0.0,0.0455,0.0455,0.0455,0.0455,ptsd_iageho
328,170,105,154,0.2608,anticipation,0.2286,0.1539,0.0857,0.1111,0.0857,0.0571,0.2,0.0476,0.1571,0.0833,0.1143,0.1,0.0909,0.1048,0.0571,0.1667,0.0571,0.1143,0.125,0.0762,0.2,0.0588,0.1619,0.2286,0.0476,0.2,0.5072,0.4346,0.3243,-0.107,0.5104,0.4019,-0.0045,0.0017,0.0625,0.0625,0.0625,0.0312,0.0625,0.0938,0.0312,0.0312,ptsd_ju2li9
386,138,109,133,0.4371,fear,0.2135,0.1539,0.2135,0.0435,0.211,0.1124,0.0714,0.1284,0.1573,0.0588,0.156,0.0225,0.3333,0.0275,0.1573,0.0526,0.1743,0.1236,0.0588,0.156,0.0449,0.1667,0.055,0.1685,0.0435,0.211,0.0117,0.2707,0.6335,,-0.1003,-0.1553,-0.3026,0.2315,0.0357,0.0,0.0,0.0357,0.0357,0.0357,0.0357,0.0714,ptsd_irkq78
478,229,144,216,0.4103,fear,0.2148,0.1592,0.2148,0.0294,0.2361,0.1037,0.0476,0.1458,0.1111,0.0476,0.1458,0.1185,0.0455,0.1528,0.1852,0.0323,0.2153,0.0667,0.0769,0.0903,0.0074,0.5,0.0139,0.1926,0.04,0.1736,0.4109,0.2479,0.2957,0.0377,0.3963,0.3221,,0.4214,0.0612,0.0204,0.0204,0.0204,0.102,0.0204,0.0,0.0816,ptsd_djpez8
312,272,90,181,0.5469,trust,0.1844,0.1331,0.1135,0.0556,0.2,0.1206,0.0526,0.2111,0.156,0.0526,0.2111,0.1418,0.0385,0.2889,0.1844,0.0714,0.3111,0.1064,0.0625,0.1778,0.0993,0.0625,0.1778,0.078,0.0714,0.1556,0.1846,0.5173,0.4947,0.0255,0.2588,0.4518,0.4214,0.0759,0.069,0.1724,0.1724,0.0345,0.0345,0.1379,0.1034,0.0345,depression_rggdzg
572,216,158,200,0.6028,sadness,0.1843,0.1368,0.1475,0.0227,0.2785,0.106,0.0323,0.1962,0.1843,0.02,0.3165,0.1244,0.0333,0.1899,0.1659,0.0227,0.2785,0.0737,0.0417,0.1519,0.0691,0.0556,0.1139,0.129,0.0286,0.2215,0.8312,0.6864,0.8077,0.7325,0.4419,0.6499,0.7557,0.6033,0.0851,0.0213,0.0638,0.0851,0.0851,0.0213,0.1064,0.1064,depression_rjs8vr
384,150,118,140,0.5283,anticipation,0.2178,0.1448,0.099,0.0714,0.1186,0.0792,0.1,0.0847,0.1287,0.0588,0.1441,0.0891,0.0909,0.0932,0.1881,0.0417,0.2034,0.0693,0.1111,0.0763,0.1287,0.0625,0.1356,0.2178,0.0357,0.2373,0.2562,0.1176,0.3349,0.2064,0.4343,0.1365,0.5097,0.4714,0.0541,0.0541,0.0541,0.0541,0.0811,0.0541,0.0811,0.1351,depression_qvvj7r
318,145,86,133,0.5086,trust,0.2099,0.1657,0.0432,0.0909,0.1279,0.0185,0.1667,0.0698,0.0864,0.0588,0.1977,0.1914,0.069,0.3372,0.2099,0.1379,0.3372,0.0864,0.125,0.186,0.1543,0.0769,0.3023,0.2099,0.0625,0.3721,-0.0994,,0.3718,0.5786,0.5494,0.2966,0.3118,0.357,0.0,0.0,0.0,0.2593,0.1852,0.037,0.037,0.1111,ptsd_n7vp2s
771,320,195,301,0.5231,trust,0.2171,0.1526,0.1103,0.0303,0.1692,0.0783,0.0323,0.159,0.1103,0.0312,0.1641,0.1388,0.0968,0.159,0.2171,0.0556,0.2769,0.032,0.0769,0.0667,0.1032,0.1429,0.1077,0.21,0.0667,0.2308,0.7534,0.0906,0.7237,0.5919,0.7859,0.1323,0.5979,0.7083,0.0606,0.0303,0.1364,0.0152,0.0606,0.0303,0.0606,0.0152,ptsd_h98wf0
703,380,190,332,0.4571,anticipation,0.2428,0.1561,0.1156,0.2174,0.1211,0.1098,0.2273,0.1158,0.1156,0.2273,0.1158,0.1676,0.1667,0.1579,0.1561,0.0645,0.1632,0.0173,0.2,0.0263,0.0751,0.2667,0.0789,0.2428,0.0213,0.2474,0.7964,0.7626,0.6418,0.5126,0.0859,-0.2639,0.2969,0.3943,0.0606,0.0606,0.0303,0.0455,0.0303,0.0,0.0455,0.0303,ptsd_hdw7eb
313,127,99,120,0.5084,anticipation,0.3014,0.177,0.1781,0.0588,0.1717,0.0548,0.1667,0.0606,0.0959,0.1111,0.0909,0.0959,0.1111,0.0909,0.1644,0.0625,0.1616,0.0548,0.1667,0.0606,0.0548,0.1667,0.0606,0.3014,0.0357,0.2828,0.3808,0.083,0.639,-0.0155,0.3412,0.083,-0.0614,0.1378,0.1034,0.0,0.1034,0.0345,0.0,0.0,0.0345,0.069,ptsd_phxhvn
319,167,105,137,0.5502,sadness,0.2824,0.1618,0.1756,0.04,0.2381,0.1069,0.0556,0.1714,0.2824,0.0256,0.3714,0.1145,0.1053,0.181,0.0916,0.1176,0.1619,0.084,0.0769,0.1238,0.0916,0.0714,0.1333,0.0534,0.125,0.0762,0.3347,0.2574,0.3156,0.0468,-0.0924,0.1789,0.3077,-0.1803,0.125,0.0625,0.125,0.0625,0.0625,0.125,0.125,0.125,depression_rhchdf
357,142,111,133,0.5452,sadness,0.2059,0.1446,0.1471,0.05,0.1802,0.1667,0.0435,0.2072,0.2059,0.037,0.2432,0.1078,0.0714,0.1261,0.1275,0.0588,0.1532,0.1275,0.0556,0.1622,0.0882,0.0909,0.0991,0.0294,0.2,0.045,0.8481,0.6005,0.7008,0.7728,0.7517,0.1696,0.7079,-0.2462,0.1087,0.087,0.1087,0.0435,0.0652,0.0435,0.0652,0.0,depression_qvp497
323,130,92,117,0.4868,trust,0.2756,0.1608,0.1575,0.037,0.2935,0.0551,0.125,0.087,0.126,0.0476,0.2283,0.1339,0.0625,0.1739,0.2756,0.0417,0.2609,0.0787,0.0833,0.1304,0.0551,0.1111,0.0978,0.1181,0.0556,0.1957,0.5297,0.0622,0.3891,0.083,0.5915,0.4881,0.1947,0.1595,0.1176,0.0,0.0588,0.0588,0.1176,0.0,0.0,0.0882,depression_rmq0vv
407,201,125,184,0.43,sadness,0.1942,0.1531,0.1871,0.0357,0.224,0.0432,0.1,0.08,0.1942,0.0667,0.12,0.1727,0.04,0.2,0.1583,0.04,0.2,0.0863,0.0625,0.128,0.036,0.1429,0.056,0.1223,0.0588,0.136,0.3442,0.185,-0.0445,0.4189,0.192,0.1384,0.3525,0.04,0.0,0.0222,0.0222,0.0667,0.0222,0.0222,0.0,0.0444,ptsd_pb282e
452,188,134,182,0.5013,fear,0.1852,0.1358,0.1852,0.0345,0.2164,0.1037,0.0526,0.1418,0.1556,0.0385,0.194,0.1111,0.05,0.1493,0.1259,0.0417,0.1791,0.1259,0.0435,0.1716,0.0519,0.1111,0.0672,0.1407,0.0476,0.1567,0.6211,0.2504,0.6708,0.1726,-0.1027,0.361,-0.2264,0.1017,0.1389,0.0556,0.1389,0.0278,0.0278,0.0833,0.0278,0.0556,depression_rd8s5n
386,193,117,176,0.4504,sadness,0.3469,0.193,0.0918,0.0769,0.1111,0.1327,0.0526,0.1624,0.3469,0.0278,0.3077,0.1122,0.0625,0.1368,0.1327,0.05,0.1709,0.0612,0.1111,0.0769,0.0102,0.5,0.0171,0.1122,0.0667,0.1282,-0.159,-0.1704,0.3672,0.3027,0.3338,-0.3349,,0.2012,0.0,0.0,0.0526,0.0351,0.0351,0.0,0.0175,0.0351,depression_r4k4vy
860,355,225,332,0.3828,sadness,0.2098,0.1532,0.067,0.0455,0.0978,0.1384,0.025,0.1778,0.2098,0.0185,0.24,0.0982,0.0312,0.1422,0.2009,0.0172,0.2578,0.0536,0.0588,0.0756,0.0625,0.0526,0.0844,0.1696,0.0204,0.2178,-0.0419,0.4691,0.3622,0.0082,0.3313,0.2473,-0.1218,0.1949,0.0147,0.0294,0.0147,0.0147,0.0294,0.0147,0.0,0.0294,depression_qth85v
452,203,124,188,0.6196,fear,0.1967,0.136,0.1967,0.0435,0.371,0.0861,0.04,0.2016,0.123,0.0323,0.25,0.1148,0.0333,0.2419,0.1475,0.025,0.3226,0.0861,0.04,0.2016,0.0902,0.0435,0.1855,0.1557,0.0263,0.3065,0.5263,0.0584,0.1343,0.2272,0.2792,0.0584,-0.0135,0.4743,0.1613,0.0645,0.0645,0.0968,0.0968,0.0645,0.0323,0.1613,depression_rd3o9e
423,201,129,189,0.5119,anticipation,0.262,0.1567,0.1337,0.0312,0.2481,0.0695,0.0556,0.1395,0.123,0.0312,0.2481,0.1497,0.0323,0.2403,0.1283,0.0333,0.2326,0.0321,0.1429,0.0543,0.1016,0.05,0.155,0.262,0.0455,0.3411,0.2324,0.0977,0.3713,0.1419,0.2582,0.5705,0.1775,0.7014,0.1,0.0,0.0,0.1,0.1,0.0,0.1,0.2,depression_qubzbt
520,226,137,203,0.4888,fear,0.1741,0.1328,0.1741,0.0303,0.2409,0.1294,0.037,0.1971,0.1592,0.027,0.2701,0.1343,0.0645,0.2263,0.1095,0.0741,0.1971,0.1095,0.04,0.1825,0.0647,0.0526,0.1387,0.1194,0.0645,0.2263,0.5043,0.4612,0.5895,0.7612,0.6286,0.4695,0.4059,0.1309,0.0426,0.0,0.0213,0.0426,0.0426,0.0,0.0426,0.0,ptsd_lacedm
887,363,226,333,0.3727,trust,0.1928,0.1442,0.1704,0.0244,0.1814,0.0807,0.04,0.1106,0.1211,0.0294,0.1504,0.1211,0.0278,0.1593,0.1928,0.0192,0.2301,0.0314,0.1,0.0442,0.1166,0.0333,0.1327,0.1659,0.0244,0.1814,0.388,-0.1427,0.2564,-0.1772,0.49,-0.1063,0.3784,0.5172,0.0,0.0,0.0909,0.0,0.0,0.0,0.0,0.0,depression_rdeqjw
987,540,273,478,0.59,anticipation,0.1869,0.1381,0.1159,0.0145,0.2527,0.0972,0.0192,0.1905,0.1009,0.0175,0.2088,0.1832,0.0127,0.2894,0.1514,0.0147,0.2491,0.0748,0.0217,0.1685,0.0897,0.0286,0.1282,0.1869,0.0116,0.315,0.6038,0.3747,0.4044,0.6645,0.6122,0.3494,0.5323,0.6328,0.0645,0.0484,0.0565,0.1452,0.1129,0.0403,0.0968,0.129,ptsd_gwtwf7
1832,921,438,793,0.5353,anticipation,0.1953,0.1371,0.1436,0.0111,0.2055,0.1285,0.0119,0.1918,0.1386,0.0114,0.2009,0.1119,0.0152,0.1507,0.1419,0.012,0.1895,0.0634,0.0213,0.1073,0.0768,0.0208,0.1096,0.1953,0.0093,0.2466,0.5267,0.6489,0.6859,0.4317,0.3097,0.494,0.2431,0.4888,0.0452,0.0565,0.0621,0.0339,0.0169,0.0282,0.0339,0.0734,depression_r3z5gp
370,147,94,132,0.3614,anticipation,0.3375,0.1872,0.1125,0.0714,0.1489,0.1625,0.0556,0.1915,0.1,0.0909,0.117,0.05,0.1429,0.0745,0.0875,0.0769,0.1383,0.1125,0.0833,0.1277,0.0375,0.2,0.0532,0.3375,0.0357,0.2979,0.3531,0.107,0.7327,-0.1588,-0.0708,0.1227,-0.4718,0.3192,0.0244,0.0244,0.0488,0.0244,0.0244,0.0244,0.0244,0.0488,ptsd_fpeff2
400,164,119,150,0.5767,sadness,0.2715,0.1982,0.2649,0.0227,0.3697,0.1987,0.0333,0.2521,0.2715,0.0222,0.3782,0.0464,0.0909,0.0924,0.0331,0.125,0.0672,0.0662,0.0769,0.1092,0.053,0.0833,0.1008,0.0662,0.0833,0.1008,0.3658,0.4103,0.4146,0.0,0.1204,0.106,-0.3179,-0.0934,0.0698,0.0698,0.0698,0.0,0.0,0.0465,0.0233,0.0233,depression_rmobib
319,121,90,112,0.4887,anticipation,0.2796,0.1694,0.1075,0.0714,0.1556,0.0538,0.1429,0.0778,0.129,0.0625,0.1778,0.129,0.0556,0.2,0.1935,0.04,0.2778,0.0645,0.125,0.0889,0.043,0.1667,0.0667,0.2796,0.0323,0.3444,-0.036,0.6024,0.4957,0.5626,0.02,0.0071,-0.1596,0.6646,0.0312,0.0625,0.0625,0.0625,0.0312,0.0312,0.0312,0.0,depression_rdfedj
962,431,259,404,0.4548,fear,0.2278,0.166,0.2278,0.0133,0.2896,0.1673,0.0385,0.2008,0.1673,0.0182,0.2124,0.0142,0.2,0.0193,0.2028,0.0312,0.2471,0.0569,0.0435,0.0888,0.0712,0.0385,0.1004,0.0925,0.0312,0.1236,0.41,0.5829,0.4763,0.1753,0.2516,0.1673,0.4984,-0.0078,0.0923,0.0923,0.0923,0.0,0.0462,0.0308,0.0615,0.0154,ptsd_eisrh1
462,204,147,187,0.4083,fear,0.2205,0.1598,0.2205,0.0571,0.2381,0.0787,0.0769,0.0884,0.1102,0.0625,0.1088,0.0945,0.0588,0.1156,0.2047,0.0286,0.2381,0.0157,0.3333,0.0204,0.0945,0.0769,0.0884,0.1811,0.08,0.1701,0.3711,-0.1075,0.2411,0.1072,0.2145,,-0.036,0.7393,0.0625,0.0,0.0,0.0417,0.0417,0.0,0.0417,0.1042,depression_r87q9e
402,168,121,156,0.4964,anticipation,0.1783,0.1314,0.1146,0.0435,0.1901,0.1529,0.0323,0.2562,0.1019,0.05,0.1653,0.1274,0.037,0.2231,0.1338,0.0323,0.2562,0.1083,0.0435,0.1901,0.0828,0.0667,0.124,0.1783,0.0294,0.281,0.4033,0.5259,0.5602,0.1883,0.4347,0.3274,0.5996,0.4612,0.087,0.1087,0.1087,0.0435,0.0652,0.0652,0.1087,0.087,depression_raqsjs
307,119,84,113,0.4271,anger,0.2376,0.1758,0.2178,0.037,0.3214,0.2376,0.0455,0.2619,0.1287,0.0588,0.2024,0.0396,0.1667,0.0714,0.1287,0.0556,0.2143,0.0297,0.25,0.0476,0.0297,0.25,0.0476,0.1881,0.0556,0.2143,0.5319,0.0553,0.0317,0.5477,-0.1359,,,0.2417,0.0,0.0357,0.0357,0.0,0.0357,0.0,0.0,0.0714,ptsd_falobf
1035,492,276,436,0.5917,anticipation,0.1895,0.1375,0.1116,0.0189,0.192,0.0863,0.0244,0.1486,0.1284,0.0156,0.2319,0.1432,0.0143,0.2536,0.1726,0.0123,0.2935,0.0653,0.0333,0.1087,0.1032,0.0213,0.1703,0.1895,0.011,0.3297,0.423,0.3246,0.4751,0.4394,0.5383,0.1387,0.3195,0.5591,0.0413,0.0331,0.0413,0.0661,0.0909,0.0248,0.0413,0.1074,depression_qu9ww9
340,140,103,132,0.5929,sadness,0.197,0.1406,0.1818,0.037,0.2621,0.1288,0.0476,0.2039,0.197,0.0357,0.2718,0.0833,0.0714,0.1359,0.0909,0.0714,0.1359,0.1364,0.04,0.2427,0.0606,0.1,0.0971,0.1212,0.0556,0.1748,0.8618,0.5647,0.8388,0.5534,0.4595,0.2993,0.6101,0.6478,0.1579,0.0789,0.1579,0.0789,0.0789,0.0526,0.0789,0.1053,depression_r8r84b
648,340,185,307,0.4669,anticipation,0.2651,0.1545,0.104,0.0345,0.1568,0.1141,0.0303,0.1784,0.1611,0.0185,0.2919,0.0906,0.0333,0.1622,0.1208,0.0238,0.227,0.047,0.0588,0.0919,0.0973,0.0294,0.1838,0.2651,0.0137,0.3946,-0.0521,-0.0944,0.4021,-0.1333,0.217,0.2935,0.2306,0.216,0.0333,0.0333,0.1,0.0167,0.05,0.0333,0.0667,0.0333,ptsd_cekr0l
406,209,127,193,0.6221,fear,0.24,0.1679,0.24,0.0256,0.3071,0.12,0.0385,0.2047,0.0743,0.0526,0.1496,0.0971,0.05,0.1575,0.1829,0.0323,0.2441,0.0343,0.1,0.0787,0.04,0.0909,0.0866,0.2114,0.0244,0.3228,0.4584,0.3913,0.0613,0.6264,0.4711,0.0518,-0.2847,0.4962,0.0488,0.0244,0.0244,0.0976,0.122,0.0244,0.0,0.0976,ptsd_hydhht
323,126,92,113,0.5916,joy,0.2099,0.1465,0.0741,0.1111,0.0978,0.0864,0.0909,0.1196,0.1111,0.0833,0.1304,0.2099,0.05,0.2174,0.1852,0.0526,0.2065,0.0741,0.1111,0.0978,0.0864,0.1111,0.0978,0.1728,0.0588,0.1848,0.4227,-0.1677,0.3246,-0.2378,-0.1036,-0.1499,-0.3167,-0.1968,0.0541,0.027,0.0541,0.027,0.027,0.0,0.0,0.027,depression_qrgot8
606,316,170,289,0.4937,trust,0.1868,0.1474,0.1374,0.0303,0.1941,0.1044,0.0417,0.1412,0.1758,0.0263,0.2235,0.1209,0.0476,0.1235,0.1868,0.0286,0.2059,0.044,0.0909,0.0647,0.0495,0.1,0.0588,0.1813,0.0278,0.2118,0.5078,0.5428,0.5283,0.1236,0.2061,0.6496,0.0189,0.5272,0.0667,0.0833,0.1,0.05,0.05,0.05,0.0333,0.0833,ptsd_i0rujo
402,163,119,157,0.6428,anticipation,0.1787,0.1311,0.0821,0.05,0.1681,0.0966,0.0417,0.2017,0.1401,0.0312,0.2689,0.1353,0.0357,0.2353,0.1353,0.037,0.2269,0.1159,0.037,0.2269,0.1159,0.0435,0.1933,0.1787,0.0263,0.3193,0.063,0.3033,0.2595,0.2422,0.4066,0.0566,0.005,0.3646,0.0741,0.1111,0.1111,0.1111,0.1481,0.0741,0.0741,0.1481,depression_qovcak
502,233,145,219,0.5819,fear,0.1674,0.1339,0.1674,0.0217,0.3172,0.1381,0.0244,0.2828,0.159,0.0238,0.2897,0.0795,0.0417,0.1655,0.159,0.0244,0.2828,0.0879,0.037,0.1862,0.0921,0.0345,0.2,0.1172,0.0286,0.2414,0.3292,0.0939,0.3116,0.1022,0.465,-0.0633,-0.0377,0.1164,0.0976,0.0488,0.0488,0.0,0.0488,0.0,0.0244,0.0244,depression_re4tfo
332,161,94,148,0.4941,anticipation,0.2278,0.1501,0.1646,0.3125,0.1702,0.1266,0.3077,0.1383,0.0886,0.0909,0.117,0.1392,0.0667,0.1596,0.1392,0.0588,0.1809,0.0253,0.25,0.0426,0.0886,0.4444,0.0957,0.2278,0.2273,0.234,0.7176,0.5049,-0.0638,0.2718,0.2692,,0.4961,0.7419,0.0909,0.0606,0.0303,0.0909,0.0606,0.0,0.0303,0.0909,ptsd_n164mg
313,129,103,123,0.415,trust,0.2022,0.1423,0.0674,0.1,0.0971,0.1124,0.0667,0.1456,0.0562,0.125,0.0777,0.1573,0.0476,0.2039,0.2022,0.0385,0.2524,0.1124,0.0667,0.1456,0.1236,0.0588,0.165,0.1685,0.0588,0.165,-0.2384,-0.12,-0.1192,-0.2241,0.5354,-0.139,0.3825,0.405,0.0,0.0,0.0357,0.0714,0.1429,0.0714,0.1071,0.1429,ptsd_j0ae4n
381,178,108,166,0.5625,trust,0.1905,0.1387,0.1825,0.0357,0.2593,0.0873,0.0667,0.1389,0.1111,0.0625,0.1481,0.1429,0.0417,0.2222,0.1905,0.0345,0.2685,0.1111,0.0588,0.1574,0.0635,0.0909,0.1019,0.1111,0.0526,0.1759,0.5006,0.5921,0.1966,0.8096,0.8166,0.5922,0.7544,0.4563,0.1364,0.0682,0.0682,0.1136,0.1591,0.0682,0.0682,0.0682,ptsd_r1clkv
1275,514,337,476,0.5691,anticipation,0.1822,0.1308,0.1165,0.0135,0.2196,0.1292,0.0299,0.1988,0.1186,0.0137,0.2166,0.125,0.0149,0.1988,0.1314,0.0139,0.2136,0.1208,0.0303,0.1958,0.0763,0.0476,0.1246,0.1822,0.0108,0.276,0.7032,0.3154,0.6112,0.3331,0.2589,0.2226,0.6395,0.6445,0.0588,0.0196,0.049,0.0392,0.0294,0.0196,0.0392,0.098,depression_r4ungi
350,164,109,146,0.4983,fear,0.224,0.1574,0.224,0.0312,0.2936,0.192,0.0333,0.2752,0.12,0.05,0.1835,0.072,0.0833,0.1101,0.08,0.0769,0.1193,0.048,0.1429,0.0642,0.072,0.0909,0.1009,0.192,0.037,0.2477,0.3906,0.2778,0.1791,-0.2164,0.3839,-0.4069,-0.0041,0.2737,0.0606,0.0303,0.0303,0.0303,0.0606,0.0,0.0303,0.0909,ptsd_f7o0m6
702,293,182,270,0.5356,sadness,0.2038,0.1455,0.1736,0.0233,0.2363,0.1547,0.0286,0.1923,0.2038,0.0851,0.2582,0.0566,0.0625,0.0879,0.1358,0.0286,0.1923,0.1019,0.0435,0.1264,0.0491,0.0588,0.0934,0.1245,0.0286,0.1923,0.2255,0.0525,0.3775,0.1693,0.4939,0.0313,-0.199,0.0863,0.0566,0.0377,0.0755,0.0189,0.0755,0.0377,0.0,0.0189,ptsd_oii6v1
552,215,156,207,0.5255,trust,0.2174,0.1546,0.0815,0.2222,0.1154,0.0598,0.0667,0.0962,0.0707,0.0526,0.1218,0.163,0.0571,0.2244,0.2174,0.1053,0.2436,0.0598,0.0667,0.0962,0.1467,0.0571,0.2244,0.2011,0.0417,0.3077,0.5844,0.514,0.452,0.3144,0.7095,0.4168,0.3906,0.4765,0.0732,0.0488,0.0488,0.0244,0.122,0.0488,0.0732,0.0732,depression_qutwfu
700,261,186,251,0.5277,sadness,0.182,0.1414,0.1771,0.0156,0.3441,0.1446,0.02,0.2688,0.182,0.0164,0.328,0.0673,0.037,0.1452,0.1222,0.0196,0.2742,0.1197,0.0213,0.2527,0.0449,0.25,0.086,0.1421,0.0204,0.2634,0.7888,0.5215,0.7029,0.3365,0.6967,0.4555,0.6354,0.6368,0.2083,0.1458,0.125,0.0625,0.125,0.1042,0.0833,0.1875,ptsd_ljxy0l
492,203,132,189,0.3357,trust,0.3226,0.1865,0.1183,0.0667,0.1136,0.0753,0.0909,0.0833,0.1075,0.0769,0.0985,0.1613,0.0526,0.1439,0.3226,0.0286,0.2652,0.0,0.0,0.0,0.0753,0.125,0.0606,0.1398,0.0526,0.1439,0.5013,-0.1876,0.4731,0.2581,0.387,,-0.318,0.3636,0.0556,0.0185,0.0556,0.0,0.037,0.0,0.0185,0.037,depression_rlumxo
321,172,95,150,0.5311,fear,0.1974,0.1458,0.1974,0.05,0.2105,0.1184,0.0833,0.1263,0.1711,0.0526,0.2,0.0395,0.2,0.0526,0.0921,0.1,0.1053,0.0921,0.1111,0.0947,0.1053,0.0833,0.1263,0.1842,0.0556,0.1895,0.1018,0.1346,-0.1682,-0.2567,-0.0703,-0.2593,-0.2841,0.1719,0.0,0.0,0.0323,0.0,0.0,0.0,0.0323,0.0645,ptsd_q0i5kv
404,185,135,171,0.3389,anticipation,0.425,0.2391,0.0875,0.1,0.0741,0.0625,0.1429,0.0519,0.1,0.2,0.0741,0.075,0.125,0.0593,0.125,0.0769,0.0963,0.0,0.0,0.0,0.125,0.2,0.0741,0.425,0.025,0.2963,0.5175,0.5746,0.21,0.1062,0.3401,,0.6871,0.5879,0.0,0.0,0.0182,0.0364,0.0545,0.0,0.0909,0.1091,depression_rk5of3
1271,571,315,486,0.5369,fear,0.1902,0.1427,0.1902,0.0122,0.2603,0.1488,0.0345,0.1841,0.1512,0.0145,0.219,0.0585,0.069,0.0921,0.1317,0.0364,0.1746,0.0976,0.0488,0.1302,0.0537,0.0833,0.0762,0.1683,0.0253,0.2508,0.5702,0.694,0.7364,0.0707,0.4363,0.6672,0.7017,0.5292,0.0397,0.0714,0.0556,0.0079,0.0397,0.0397,0.0476,0.0556,ptsd_f5nfwe
354,158,109,145,0.6337,anger,0.2067,0.1448,0.1667,0.0333,0.2752,0.2067,0.027,0.3394,0.16,0.037,0.2477,0.0867,0.0526,0.1743,0.1267,0.0357,0.2569,0.1267,0.0455,0.2018,0.04,0.1111,0.0826,0.0867,0.0556,0.1651,0.0708,0.1588,0.1511,0.2571,0.176,0.1293,-0.4159,0.2991,0.0556,0.0556,0.0,0.0556,0.0556,0.0556,0.0556,0.0556,ptsd_mmo4v5
497,185,129,174,0.4682,fear,0.2033,0.1501,0.2033,0.0357,0.2171,0.1951,0.0385,0.2016,0.1057,0.0526,0.1473,0.0325,0.1429,0.0543,0.122,0.0435,0.1783,0.1138,0.0556,0.1395,0.065,0.0833,0.093,0.1626,0.0357,0.2171,0.6179,0.5432,-0.1205,-0.0913,0.259,-0.162,-0.1088,0.2222,0.0233,0.0233,0.0,0.0,0.0465,0.0233,0.0233,0.0465,ptsd_ehokdi
350,140,103,134,0.5533,sadness,0.1832,0.1393,0.1527,0.05,0.1942,0.1603,0.0476,0.2039,0.1832,0.0385,0.2524,0.0687,0.0833,0.1165,0.0916,0.0667,0.1456,0.145,0.0526,0.1845,0.0611,0.0833,0.1165,0.1374,0.05,0.1942,0.2814,0.2567,0.2748,0.2184,0.4199,0.2738,0.0454,0.091,0.1304,0.1304,0.1304,0.087,0.1304,0.1304,0.0,0.087,depression_rea4xv
569,304,163,244,0.5397,anticipation,0.1766,0.1356,0.1332,0.0227,0.2699,0.1196,0.0294,0.2086,0.1603,0.0213,0.2883,0.1413,0.0323,0.1902,0.0761,0.0303,0.2025,0.0625,0.04,0.1534,0.1304,0.0345,0.1779,0.1766,0.0196,0.3129,0.6244,0.5748,0.6118,0.6799,0.5461,0.3126,0.578,0.6157,0.1429,0.127,0.1111,0.0635,0.0635,0.0952,0.0794,0.0952,depression_refimr
489,192,126,174,0.5061,anticipation,0.2447,0.151,0.1064,0.0667,0.119,0.0851,0.0833,0.0952,0.1064,0.0667,0.119,0.1702,0.0455,0.1746,0.1383,0.0526,0.1508,0.0426,0.1429,0.0556,0.1064,0.0667,0.119,0.2447,0.0345,0.2302,-0.1491,0.4163,0.4609,0.4992,-0.1383,-0.0913,0.3577,0.4658,0.0,0.0312,0.0312,0.0312,0.0156,0.0,0.0156,0.0469,depression_qsddlw
1005,484,258,411,0.4993,anticipation,0.1689,0.1364,0.1153,0.0182,0.2132,0.1528,0.0172,0.2248,0.1475,0.0167,0.2326,0.1367,0.0238,0.1628,0.1475,0.0169,0.2287,0.0804,0.0256,0.1512,0.0509,0.0625,0.062,0.1689,0.0154,0.2519,0.6428,0.4763,0.747,0.2742,0.3069,0.3605,0.1118,0.4238,0.051,0.0612,0.0918,0.0306,0.0306,0.0408,0.0408,0.0612,depression_r5ciji
423,202,121,183,0.5937,sadness,0.2108,0.1422,0.1659,0.0238,0.3471,0.1121,0.0323,0.2562,0.2108,0.0192,0.4298,0.13,0.0345,0.2397,0.1435,0.0625,0.2645,0.0897,0.0455,0.1818,0.0493,0.0909,0.0909,0.0987,0.0357,0.2314,0.7306,0.2763,0.7853,0.1201,0.4495,0.2952,0.2862,0.4518,0.1064,0.0213,0.1489,0.0638,0.1064,0.0213,0.0638,0.0851,ptsd_d6jcta
408,190,120,175,0.3857,fear,0.2727,0.1695,0.2727,0.0385,0.2167,0.0649,0.1429,0.0583,0.1558,0.0625,0.1333,0.1039,0.0833,0.1,0.1688,0.0588,0.1417,0.039,0.25,0.0333,0.039,0.25,0.0333,0.1558,0.0556,0.15,0.1172,-0.276,0.0853,-0.2183,0.2365,,,-0.2508,0.0263,0.0263,0.0263,0.0263,0.0,0.0263,0.0,0.0,ptsd_mqilxj
1425,671,345,604,0.5134,sadness,0.1679,0.1296,0.1361,0.0723,0.2406,0.1336,0.0976,0.2377,0.1679,0.1089,0.2928,0.126,0.0652,0.2667,0.1158,0.0235,0.2464,0.0929,0.1429,0.142,0.0891,0.0377,0.1536,0.1387,0.1031,0.2812,0.7221,0.6926,0.7756,0.6453,0.6159,0.6353,0.2909,0.7316,0.088,0.08,0.136,0.056,0.048,0.048,0.056,0.096,depression_r8m55p
344,174,108,159,0.526,sadness,0.1889,0.1396,0.1611,0.0303,0.3056,0.1278,0.0357,0.2593,0.1889,0.0278,0.3333,0.0833,0.0588,0.1574,0.1222,0.0357,0.2593,0.0944,0.05,0.1852,0.0556,0.0909,0.1019,0.1667,0.0345,0.2685,0.1059,-0.0672,0.2153,0.0858,0.2989,-0.0639,0.0897,0.3158,0.0556,0.0278,0.0278,0.0278,0.0556,0.0,0.0278,0.0833,depression_qzu2om
944,398,271,370,0.5089,fear,0.1902,0.1451,0.1902,0.0286,0.2583,0.1729,0.0286,0.2583,0.1499,0.0192,0.1919,0.0576,0.0357,0.1033,0.0951,0.0233,0.1587,0.0461,0.0455,0.0812,0.1268,0.0222,0.1661,0.1614,0.0152,0.2435,0.7274,0.836,0.5793,-0.0767,0.3688,0.5334,0.5186,0.0762,0.1486,0.1486,0.0676,0.0135,0.027,0.0405,0.0811,0.027,ptsd_oj07qr
334,144,100,131,0.4187,joy,0.2545,0.1927,0.1091,0.1111,0.09,0.0182,0.5,0.02,0.0364,0.25,0.04,0.2545,0.05,0.2,0.2545,0.0476,0.21,0.0909,0.125,0.08,0.0364,0.3333,0.03,0.2,0.0769,0.13,0.1721,,,0.4784,-0.0693,-0.1707,,0.1233,0.0,0.0,0.0,0.0732,0.0244,0.0,0.0,0.0488,depression_rjm40v
942,463,257,398,0.5526,anticipation,0.1517,0.1289,0.144,0.0172,0.2257,0.144,0.0172,0.2257,0.126,0.0208,0.1868,0.1028,0.0426,0.1829,0.1388,0.0308,0.2529,0.1054,0.025,0.1556,0.0874,0.0263,0.1479,0.1517,0.0312,0.249,0.4748,0.4526,0.5923,0.2279,0.0541,0.3952,0.5615,0.1902,0.0337,0.0337,0.0337,0.0112,0.0112,0.0225,0.0674,0.0337,ptsd_clsjoh
541,275,153,239,0.5352,sadness,0.2143,0.1466,0.1837,0.0857,0.2288,0.1582,0.0968,0.2026,0.2143,0.1053,0.2484,0.0765,0.0556,0.1176,0.0612,0.0667,0.098,0.0969,0.1667,0.1176,0.1276,0.16,0.1634,0.0816,0.05,0.1307,0.5337,0.4241,0.5345,0.1901,-0.1458,0.516,0.6864,0.8057,0.098,0.0784,0.098,0.0392,0.0196,0.0784,0.098,0.1176,ptsd_powr36
436,222,120,143,0.444,sadness,0.1786,0.1361,0.119,0.0667,0.125,0.131,0.0625,0.1333,0.1786,0.0435,0.1917,0.0952,0.0909,0.0917,0.1429,0.0588,0.1417,0.0476,0.1429,0.0583,0.131,0.0667,0.125,0.1548,0.0588,0.1417,0.7564,0.5632,0.666,-0.2017,0.2659,-0.161,0.5887,-0.156,0.0278,0.0417,0.0278,0.0139,0.0278,0.0139,0.0417,0.0139,depression_rhod6i
349,196,117,184,0.3446,anticipation,0.3846,0.2253,0.0462,0.125,0.0684,0.0846,0.0769,0.1111,0.0231,0.25,0.0342,0.1846,0.1538,0.2222,0.1462,0.0526,0.1624,0.0231,0.25,0.0342,0.1077,0.0588,0.1453,0.3846,0.0952,0.359,-0.2281,0.1915,,0.4825,0.4531,,0.0057,0.5743,0.0,0.0,0.0,0.0645,0.0968,0.0,0.0,0.129,ptsd_ljexag
976,482,263,434,0.5693,anticipation,0.1546,0.1287,0.1322,0.0185,0.2053,0.1147,0.0208,0.1825,0.1197,0.0217,0.1749,0.1446,0.0233,0.1635,0.1446,0.0213,0.1787,0.0923,0.027,0.1407,0.0973,0.0323,0.1179,0.1546,0.0189,0.2015,0.5799,0.5482,0.6642,0.2008,0.3016,0.496,0.0303,0.2037,0.0517,0.0517,0.069,0.069,0.0517,0.0517,0.0517,0.069,ptsd_m56fiw
509,244,153,227,0.4984,anticipation,0.2373,0.1603,0.096,0.0526,0.1242,0.0565,0.0714,0.0915,0.0791,0.0556,0.1176,0.1638,0.0286,0.2288,0.2147,0.02,0.3268,0.0565,0.0714,0.0915,0.096,0.0455,0.1438,0.2373,0.0426,0.3072,0.5431,0.6839,0.557,0.23,0.2366,0.2968,0.0982,0.6719,0.0784,0.0784,0.0784,0.0392,0.0392,0.0588,0.0196,0.1176,depression_qvc8s6
494,194,149,182,0.5234,trust,0.1744,0.1341,0.1512,0.0256,0.2617,0.0872,0.0417,0.1611,0.1105,0.04,0.1678,0.1512,0.1538,0.1745,0.1744,0.1333,0.2013,0.093,0.0714,0.094,0.0814,0.05,0.1342,0.1512,0.0256,0.2617,0.1046,0.1664,0.3096,0.5178,0.5885,-0.0641,0.1392,0.6694,0.0476,0.0238,0.0,0.0952,0.1429,0.0476,0.0476,0.1667,ptsd_ozz19g
515,270,157,232,0.5756,sadness,0.1822,0.1448,0.1413,0.0323,0.1975,0.145,0.0294,0.2166,0.1822,0.0238,0.2675,0.0669,0.0476,0.1338,0.1338,0.0294,0.2166,0.1636,0.0256,0.2484,0.0223,0.1111,0.0573,0.145,0.0294,0.2166,0.2962,0.2917,0.3587,0.7357,0.2731,0.3487,-0.1772,0.3791,0.0556,0.0185,0.0556,0.0926,0.0741,0.0185,0.0185,0.1111,ptsd_f1v8jv
414,218,122,190,0.6219,anger,0.2032,0.1459,0.1872,0.027,0.3033,0.2032,0.0238,0.3443,0.1604,0.0323,0.2541,0.0695,0.0667,0.123,0.0588,0.0714,0.1148,0.1123,0.0455,0.1803,0.0802,0.0526,0.1557,0.1283,0.0357,0.2295,0.3465,0.3618,0.4201,-0.1579,0.5081,0.2055,-0.203,0.059,0.0488,0.0732,0.0488,0.0,0.0,0.0488,0.0244,0.0,depression_raccrb
496,204,144,189,0.3503,anticipation,0.2817,0.1599,0.0704,0.0833,0.0833,0.0915,0.0625,0.1111,0.0915,0.0714,0.0972,0.0986,0.0714,0.0972,0.1761,0.037,0.1875,0.0986,0.0526,0.1319,0.0915,0.0714,0.0972,0.2817,0.0889,0.3125,0.2694,0.4455,0.9745,0.7384,0.8178,0.6522,0.3025,0.6871,0.0192,0.0385,0.1538,0.0577,0.1346,0.0577,0.0192,0.1154,ptsd_iqz4er
415,136,117,130,0.5181,sadness,0.1594,0.1338,0.1449,0.08,0.2137,0.1377,0.087,0.1966,0.1594,0.0769,0.2222,0.1377,0.0455,0.188,0.1449,0.0417,0.2051,0.0942,0.1429,0.1197,0.0507,0.125,0.0684,0.1304,0.0417,0.2051,0.498,0.4818,0.5725,0.3235,0.3492,0.4167,0.5252,0.3469,0.1304,0.1304,0.1739,0.1304,0.1304,0.1304,0.087,0.087,ptsd_headil
328,135,104,122,0.4826,anticipation,0.2667,0.1605,0.0778,0.0909,0.1058,0.1222,0.0625,0.1538,0.0889,0.0833,0.1154,0.1889,0.05,0.1923,0.1222,0.0714,0.1346,0.0444,0.2,0.0481,0.0889,0.1,0.0962,0.2667,0.0385,0.25,-0.1831,-0.0822,-0.1935,-0.2065,-0.0766,-0.3892,0.1797,0.1547,0.0,0.0,0.0,0.0294,0.0,0.0,0.0588,0.0588,depression_qrisr3
926,380,258,349,0.506,trust,0.2011,0.1497,0.1218,0.0196,0.1977,0.0935,0.0256,0.1512,0.1218,0.0196,0.1977,0.1643,0.0156,0.2481,0.2011,0.0119,0.3256,0.0368,0.0625,0.062,0.0652,0.0357,0.1085,0.1955,0.0132,0.2946,0.3343,0.219,0.2956,0.5136,0.4089,-0.2683,0.0686,0.4518,0.1605,0.1111,0.1235,0.1481,0.1111,0.0247,0.037,0.0988,depression_r62aht
762,338,210,309,0.4646,trust,0.244,0.1517,0.132,0.0244,0.1952,0.1,0.0333,0.1429,0.108,0.0294,0.1619,0.12,0.0588,0.1619,0.244,0.0294,0.3238,0.044,0.0714,0.0667,0.076,0.0435,0.1095,0.176,0.0208,0.2286,0.6725,0.7579,0.2527,0.0785,0.3735,0.4154,0.3374,0.611,0.0625,0.05,0.0625,0.025,0.0875,0.0,0.075,0.0875,ptsd_qtmr6i
453,180,133,170,0.4459,trust,0.1942,0.146,0.1295,0.0385,0.1955,0.1223,0.0385,0.1955,0.1583,0.0333,0.2256,0.0647,0.0714,0.1053,0.1942,0.0323,0.2331,0.0791,0.0667,0.1128,0.0576,0.0833,0.0902,0.1942,0.0312,0.2406,0.175,-0.1099,0.3782,0.4313,0.8078,0.1633,-0.1615,0.8068,0.0222,0.0,0.0444,0.0444,0.1333,0.0222,0.0222,0.1556,depression_r9y6ka
855,353,229,324,0.5318,anticipation,0.1875,0.1418,0.1406,0.0444,0.1965,0.1328,0.0233,0.1878,0.1641,0.0385,0.2271,0.1484,0.0435,0.2009,0.1211,0.0488,0.179,0.0547,0.05,0.0873,0.0508,0.0556,0.0786,0.1875,0.0175,0.2489,0.4481,0.1872,0.3822,0.6734,0.5324,-0.1737,0.0945,0.6783,0.0417,0.0417,0.0694,0.0694,0.0556,0.0,0.0278,0.0417,ptsd_j5tcmh
508,203,139,191,0.3707,trust,0.3077,0.1869,0.1635,0.0455,0.1583,0.0865,0.0769,0.0935,0.1538,0.0435,0.1655,0.0962,0.0909,0.0791,0.3077,0.0345,0.2086,0.0385,0.1667,0.0432,0.0,0.0,0.0,0.1538,0.0556,0.1295,0.5428,-0.1411,0.4713,0.4297,0.7087,-0.1998,,0.5646,0.0645,0.0161,0.0484,0.0484,0.129,0.0161,0.0,0.0645,depression_r4t65s
622,315,179,277,0.4912,fear,0.1777,0.1381,0.1777,0.0227,0.2458,0.1066,0.0357,0.1564,0.1777,0.0513,0.2179,0.0761,0.0526,0.1061,0.132,0.0345,0.162,0.0863,0.0455,0.1229,0.0812,0.0526,0.1061,0.1624,0.0286,0.1955,0.4459,0.2505,0.6058,0.0497,0.2097,0.2797,0.5963,0.2067,0.0926,0.0741,0.1296,0.037,0.0185,0.0741,0.0926,0.037,ptsd_q6o9xw
384,165,110,157,0.5299,fear,0.1607,0.1299,0.1607,0.0417,0.2182,0.1518,0.0526,0.1727,0.0982,0.0714,0.1273,0.0804,0.0714,0.1273,0.1339,0.0455,0.2,0.1339,0.0667,0.1364,0.125,0.0714,0.1273,0.1161,0.0526,0.1727,0.4003,0.5222,0.5624,-0.0849,0.1915,0.4929,0.4431,-0.0917,0.087,0.087,0.0652,0.0217,0.0435,0.087,0.087,0.0217,depression_r7kqqf
343,170,113,158,0.4531,anticipation,0.2366,0.1486,0.0968,0.0769,0.115,0.1613,0.0667,0.1327,0.1075,0.1111,0.0796,0.1183,0.0667,0.1327,0.129,0.0526,0.1681,0.0323,0.2,0.0442,0.1183,0.0625,0.1416,0.2366,0.0323,0.2743,-0.2646,0.0,0.313,-0.1836,0.0647,0.1336,0.0866,0.0794,0.0,0.0,0.0,0.0312,0.0,0.0,0.0,0.0,ptsd_nqys9m
752,360,217,330,0.5638,trust,0.234,0.1627,0.0473,0.04,0.1152,0.0591,0.0357,0.129,0.1064,0.0208,0.2212,0.1986,0.0159,0.2903,0.234,0.0132,0.3502,0.0591,0.04,0.1152,0.1017,0.0233,0.1982,0.1939,0.0156,0.2949,0.0485,0.0678,0.5557,0.4796,0.6327,0.2438,0.3882,0.6105,0.0154,0.0154,0.0615,0.0923,0.1385,0.0462,0.0615,0.1385,depression_qwbjy3
365,161,106,144,0.6277,anger,0.2465,0.1822,0.2183,0.0244,0.3868,0.2465,0.0244,0.3868,0.1479,0.0345,0.2736,0.0211,0.2,0.0472,0.1127,0.0556,0.1698,0.1901,0.0312,0.3019,0.0141,0.3333,0.0283,0.0493,0.0909,0.1038,0.4263,0.4602,0.3596,-0.2802,0.2244,0.2748,,-0.2261,0.0714,0.0952,0.0714,0.0,0.0952,0.0714,0.0,0.0238,ptsd_cn9fma
342,143,104,132,0.5055,sadness,0.2381,0.161,0.2286,0.0357,0.2692,0.1143,0.0667,0.1442,0.2381,0.037,0.2596,0.0857,0.0909,0.1058,0.0381,0.2,0.0481,0.0762,0.1,0.0962,0.1238,0.0667,0.1442,0.0952,0.0833,0.1154,0.5982,0.5577,0.9136,0.7496,0.8018,0.3531,0.9497,-0.1675,0.1087,0.087,0.1957,0.0652,0.0,0.0652,0.1087,0.0,depression_rbnm8q
716,322,192,297,0.4421,anticipation,0.1894,0.1355,0.1477,0.025,0.2083,0.0947,0.04,0.1302,0.1629,0.0217,0.2396,0.0909,0.0417,0.125,0.1098,0.0323,0.1615,0.125,0.0294,0.1771,0.0795,0.05,0.1042,0.1894,0.0417,0.25,0.3531,0.0966,0.4763,-0.0199,0.1537,0.0471,-0.0237,0.1135,0.0714,0.0357,0.125,0.0,0.0,0.0357,0.0357,0.0357,depression_r896t7
307,142,99,128,0.5619,anticipation,0.2124,0.1434,0.1416,0.0476,0.2121,0.1327,0.0556,0.1818,0.177,0.0435,0.2323,0.0885,0.0769,0.1313,0.1062,0.0714,0.1414,0.0796,0.0769,0.1313,0.0619,0.1111,0.0909,0.2124,0.2222,0.1818,0.4533,0.6066,0.5036,0.1787,0.4103,0.3182,-0.163,0.7186,0.0278,0.0556,0.0278,0.0278,0.0556,0.0278,0.0,0.0278,depression_qsz76c
353,154,106,142,0.5374,sadness,0.2333,0.163,0.2,0.0435,0.217,0.1778,0.0476,0.1981,0.2333,0.0345,0.2736,0.0333,0.2,0.0472,0.1,0.0714,0.1321,0.1333,0.0588,0.1604,0.0778,0.125,0.0755,0.0444,0.1667,0.0566,0.6353,0.4202,0.8274,-0.1474,-0.2051,0.1833,0.5906,-0.4478,0.0889,0.0667,0.1333,0.0,0.0222,0.0444,0.0667,0.0,depression_rgtvm1
1040,519,269,446,0.5091,trust,0.2139,0.1495,0.1016,0.0227,0.1636,0.0722,0.0294,0.1264,0.115,0.0208,0.1784,0.1497,0.0167,0.223,0.2139,0.0116,0.3197,0.0615,0.037,0.1004,0.0802,0.0345,0.1078,0.2059,0.0135,0.2751,0.7101,0.214,0.6092,0.4558,0.6522,0.195,0.4772,0.6003,0.0654,0.0093,0.0374,0.0561,0.1028,0.0187,0.0374,0.0935,depression_qyu3io
429,197,126,183,0.5932,trust,0.1988,0.1473,0.1491,0.0333,0.2381,0.1118,0.0435,0.1825,0.0932,0.05,0.1587,0.1677,0.0333,0.2381,0.1988,0.0294,0.2698,0.0373,0.1111,0.0714,0.0683,0.0714,0.1111,0.1739,0.0294,0.2698,0.062,0.1731,0.1934,0.108,0.2571,-0.0594,0.2905,0.4029,0.0286,0.0286,0.0286,0.0286,0.0571,0.0,0.0,0.0857,ptsd_izyzod
350,143,106,135,0.4491,anticipation,0.2258,0.1561,0.1935,0.0556,0.1698,0.1452,0.0769,0.1226,0.0806,0.1111,0.0849,0.1613,0.0833,0.1132,0.0806,0.125,0.0755,0.0806,0.1111,0.0849,0.0323,0.25,0.0377,0.2258,0.0476,0.1981,0.5731,0.6129,-0.1667,0.1534,-0.1305,-0.1405,,0.0755,0.0625,0.0625,0.0312,0.0,0.0,0.0,0.0,0.0,ptsd_ewmv6o
1385,675,326,585,0.5732,trust,0.1833,0.1353,0.1143,0.0182,0.1687,0.0889,0.0208,0.1472,0.1053,0.0169,0.181,0.1361,0.0135,0.227,0.1833,0.0111,0.2761,0.0962,0.0208,0.1472,0.0944,0.0196,0.1564,0.1815,0.046,0.2669,0.594,0.4385,0.6546,0.453,0.616,0.4973,0.5632,0.6274,0.0592,0.0329,0.0658,0.0329,0.0724,0.0263,0.0461,0.0592,ptsd_pzgnjx
377,229,108,203,0.5084,anger,0.2681,0.1672,0.1739,0.04,0.2315,0.2681,0.0588,0.3148,0.058,0.0833,0.1111,0.0652,0.1,0.0926,0.087,0.0625,0.1481,0.1594,0.0435,0.213,0.0362,0.125,0.0741,0.1522,0.0417,0.2222,0.2898,0.3612,-0.1184,-0.1075,-0.2028,0.1727,0.0978,0.2923,0.0,0.0476,0.0,0.0,0.0476,0.0,0.0476,0.0952,ptsd_hg0llg
444,204,135,191,0.4681,anticipation,0.2791,0.1657,0.0698,0.0625,0.1185,0.0698,0.0588,0.1259,0.0698,0.0625,0.1185,0.1221,0.04,0.1852,0.1628,0.0312,0.237,0.0581,0.0714,0.1037,0.1686,0.0303,0.2444,0.2791,0.0222,0.3333,0.2276,0.1748,0.1231,0.0595,0.047,-0.1562,0.4883,0.5644,0.0,0.0208,0.0417,0.0417,0.0417,0.0208,0.0625,0.1458,depression_rl6c7k
799,334,214,308,0.4531,anticipation,0.1901,0.1382,0.1322,0.0233,0.2009,0.0826,0.0385,0.1215,0.1653,0.0204,0.229,0.1405,0.0286,0.1636,0.1322,0.0227,0.2056,0.0992,0.0333,0.1402,0.0579,0.0556,0.0841,0.1901,0.0182,0.257,0.073,0.1043,0.2035,0.1654,0.0745,0.2253,-0.0882,0.037,0.027,0.0135,0.0405,0.0405,0.027,0.027,0.0135,0.0135,depression_rfj7p5
432,203,133,191,0.5063,anticipation,0.2475,0.1591,0.099,0.0667,0.1128,0.099,0.0667,0.1128,0.1287,0.0556,0.1353,0.198,0.0588,0.1278,0.0891,0.0833,0.0902,0.1188,0.0667,0.1128,0.0198,0.25,0.0301,0.2475,0.0357,0.2105,-0.0338,-0.0424,0.2672,0.1662,0.1427,0.2559,,-0.0363,0.0286,0.0286,0.0571,0.0,0.0571,0.0,0.0286,0.0286,ptsd_r5yyq1
309,136,99,127,0.5582,fear,0.1749,0.1391,0.1749,0.0312,0.3232,0.1475,0.04,0.2525,0.1311,0.0323,0.3131,0.1366,0.1739,0.2323,0.1639,0.0333,0.303,0.082,0.0625,0.1616,0.1257,0.0455,0.2222,0.0383,0.1,0.101,0.8128,0.5917,0.6568,0.7852,0.8263,0.2589,0.5797,0.2338,0.2381,0.1429,0.119,0.1905,0.2143,0.0714,0.119,0.0476,depression_r7rce4
449,192,135,172,0.4137,sadness,0.181,0.1412,0.1429,0.0526,0.1407,0.1429,0.0526,0.1407,0.181,0.0417,0.1778,0.1048,0.0625,0.1185,0.1619,0.04,0.1852,0.0762,0.0833,0.0889,0.0381,0.1429,0.0519,0.1524,0.0435,0.1704,0.4755,0.4,0.3512,0.2057,0.1101,-0.2053,-0.1525,0.1029,0.0789,0.0789,0.0789,0.0526,0.0526,0.0263,0.0263,0.0526,depression_qpwn2y
819,375,227,343,0.4206,sadness,0.1568,0.1284,0.1254,0.025,0.1762,0.1289,0.0244,0.1806,0.1568,0.119,0.185,0.0767,0.037,0.1189,0.1254,0.0213,0.207,0.1324,0.0263,0.1674,0.1254,0.1316,0.1674,0.1289,0.0227,0.1938,0.6047,0.5661,0.7251,0.0444,0.2106,0.5904,0.4805,0.1718,0.0986,0.0704,0.0986,0.0282,0.0423,0.0704,0.0845,0.0423,depression_rbij6h
346,114,88,106,0.4687,fear,0.2072,0.1463,0.2072,0.0323,0.3523,0.1081,0.0588,0.1932,0.0901,0.0714,0.1591,0.0721,0.0909,0.125,0.1532,0.0455,0.25,0.0631,0.1,0.1136,0.1081,0.0714,0.1591,0.1982,0.037,0.3068,0.4712,0.2566,0.2708,0.1645,0.5351,0.3256,0.3422,0.4581,0.0732,0.0488,0.0488,0.0488,0.0976,0.0488,0.0732,0.0976,ptsd_p8ob46
308,140,96,136,0.3508,anger,0.2034,0.1531,0.1525,0.0909,0.1146,0.2034,0.0667,0.1562,0.1186,0.1111,0.0938,0.0508,0.25,0.0417,0.1864,0.0714,0.1458,0.0847,0.1429,0.0729,0.0339,0.3333,0.0312,0.1695,0.0714,0.1458,0.2277,0.4293,0.3197,,0.2322,-0.2736,,-0.104,0.0952,0.1429,0.0952,0.0952,0.0952,0.0476,0.0476,0.0476,ptsd_rlrf88
540,238,146,215,0.564,anticipation,0.2284,0.1392,0.1117,0.3333,0.1233,0.1168,0.0417,0.1644,0.1117,0.0476,0.1438,0.1269,0.0333,0.2055,0.132,0.129,0.2123,0.0863,0.05,0.137,0.0863,0.0476,0.1438,0.2284,0.1667,0.2877,0.7254,0.3984,0.2215,0.7648,0.7972,0.2157,0.6369,0.8545,0.1111,0.0476,0.0476,0.1111,0.0794,0.0317,0.0635,0.1587,ptsd_pknx8n
630,374,170,299,0.5784,fear,0.2022,0.1498,0.2022,0.0164,0.3588,0.1607,0.0208,0.2824,0.1551,0.0192,0.3059,0.0499,0.0435,0.1353,0.1385,0.0196,0.3,0.1385,0.0238,0.2471,0.0222,0.0833,0.0706,0.133,0.0217,0.2706,0.6818,0.6653,0.5555,-0.0602,0.1637,0.8093,-0.154,0.5146,0.0909,0.0606,0.0909,0.0303,0.0606,0.0606,0.0303,0.0303,ptsd_dzm8tq
661,293,193,270,0.4742,fear,0.1721,0.1343,0.1721,0.0222,0.2332,0.1023,0.0357,0.1451,0.1628,0.0222,0.2332,0.1302,0.0606,0.171,0.1395,0.0244,0.2124,0.1163,0.0333,0.1554,0.0558,0.0667,0.0777,0.1209,0.0323,0.1606,0.8516,0.7383,0.8486,0.6443,0.4956,0.8643,0.8509,0.7621,0.0682,0.0455,0.0909,0.0682,0.0682,0.1136,0.0682,0.0455,ptsd_pets75
371,183,115,174,0.6,fear,0.2215,0.1463,0.2215,0.0238,0.3652,0.1879,0.0278,0.313,0.1074,0.0435,0.2,0.0604,0.0714,0.1217,0.1342,0.037,0.2348,0.1208,0.0455,0.1913,0.0872,0.0588,0.1478,0.0805,0.0625,0.1391,0.4675,0.4835,0.4297,-0.1262,0.1657,0.3906,0.4544,-0.1496,0.1515,0.1515,0.0909,0.0303,0.0606,0.1212,0.0909,0.0303,ptsd_gdpzxo
308,133,94,129,0.491,sadness,0.2066,0.1399,0.157,0.0455,0.234,0.124,0.0588,0.1809,0.2066,0.0323,0.3298,0.0992,0.0833,0.1277,0.0826,0.1,0.1064,0.1322,0.0556,0.1915,0.0579,0.125,0.0851,0.1405,0.0625,0.1702,0.3694,0.3524,0.4904,0.4445,0.2498,-0.2116,0.5962,0.5438,0.087,0.0435,0.087,0.087,0.0435,0.0435,0.1304,0.1304,ptsd_g6ge4i
635,318,190,299,0.6554,trust,0.1759,0.1317,0.1107,0.0303,0.1737,0.1075,0.0286,0.1842,0.1303,0.0244,0.2158,0.1303,0.0233,0.2263,0.1759,0.0185,0.2842,0.1042,0.0323,0.1632,0.0814,0.0323,0.1632,0.1596,0.0172,0.3053,0.5203,0.6445,0.4248,0.6208,0.5242,0.5167,0.2533,0.5779,0.0526,0.0877,0.0526,0.1053,0.0702,0.0877,0.0526,0.1228,depression_rmzhny
548,265,157,244,0.4746,anticipation,0.1946,0.1394,0.181,0.1579,0.242,0.1403,0.1562,0.2038,0.1312,0.0714,0.1783,0.0679,0.05,0.1274,0.1041,0.0357,0.1783,0.086,0.1111,0.1146,0.095,0.0385,0.1656,0.1946,0.0213,0.2994,0.8247,0.7084,0.794,0.3547,0.1954,0.5542,0.3826,0.5291,0.2051,0.1282,0.2051,0.0769,0.0769,0.1026,0.1026,0.0769,ptsd_rjzn4k
517,219,147,202,0.6026,sadness,0.2018,0.1454,0.1697,0.0238,0.2857,0.1881,0.0217,0.3129,0.2018,0.102,0.3333,0.0872,0.0526,0.1293,0.1193,0.0357,0.1905,0.0917,0.0417,0.1633,0.0642,0.25,0.1088,0.078,0.05,0.1361,0.7393,0.7915,0.8277,0.5088,0.4779,0.3824,0.2612,0.633,0.2222,0.2222,0.2222,0.0556,0.0556,0.0833,0.0278,0.0278,ptsd_qsb9ew
423,195,126,175,0.4311,fear,0.2435,0.1626,0.2435,0.0333,0.2381,0.1217,0.0476,0.1667,0.1043,0.0556,0.1429,0.0696,0.0833,0.0952,0.1826,0.0417,0.1905,0.0957,0.0714,0.1111,0.0087,0.5,0.0159,0.1739,0.0526,0.1508,0.308,0.2192,-0.0041,-0.1608,0.3167,0.3083,,0.165,0.0833,0.0625,0.0208,0.0208,0.0625,0.0625,0.0208,0.0625,ptsd_p2a52d
550,278,146,243,0.5375,fear,0.2119,0.1633,0.2119,0.0238,0.2877,0.1747,0.0263,0.2603,0.1338,0.0357,0.1918,0.0409,0.0625,0.1096,0.0297,0.0909,0.0753,0.1561,0.0286,0.2397,0.052,0.0556,0.1233,0.2007,0.02,0.3425,0.6823,0.5473,0.4203,-0.1509,-0.0645,0.2732,-0.1125,0.5102,0.25,0.1346,0.1154,0.0192,0.0,0.0385,0.0,0.0962,ptsd_nxv398
385,177,135,169,0.5653,fear,0.1946,0.1446,0.1946,0.0222,0.3333,0.1479,0.0357,0.2074,0.1907,0.0233,0.3185,0.0817,0.05,0.1481,0.1167,0.0333,0.2222,0.1284,0.037,0.2,0.0389,0.0769,0.0963,0.1012,0.0303,0.2444,0.6678,0.7378,0.6553,0.8634,0.9073,0.4282,0.7416,0.8462,0.1702,0.1489,0.1489,0.1064,0.1702,0.0851,0.0851,0.0851,ptsd_n7u9fd
467,219,143,200,0.5052,anticipation,0.2078,0.1481,0.1299,0.037,0.1888,0.1039,0.0476,0.1469,0.1234,0.0385,0.1818,0.1104,0.0435,0.1608,0.2013,0.027,0.2587,0.0909,0.0625,0.1119,0.0325,0.125,0.0559,0.2078,0.0238,0.2937,0.6858,0.6269,0.4872,0.6423,0.4667,0.6478,-0.2303,0.5468,0.12,0.1,0.1,0.08,0.1,0.08,0.04,0.1,ptsd_o21iux
829,433,235,383,0.5281,sadness,0.1932,0.1489,0.1908,0.0137,0.3106,0.1812,0.0145,0.2936,0.1932,0.0145,0.2936,0.0507,0.05,0.0851,0.0894,0.0256,0.166,0.1329,0.0222,0.1915,0.058,0.0435,0.0979,0.1039,0.025,0.1702,0.7686,0.7546,0.6337,0.6499,0.6198,0.1858,0.535,0.475,0.1429,0.1333,0.0952,0.0381,0.0476,0.0381,0.0571,0.0571,ptsd_ri18ph
411,174,128,165,0.5091,anticipation,0.2203,0.1463,0.1299,0.037,0.2109,0.1186,0.0435,0.1797,0.1808,0.0333,0.2344,0.0791,0.0625,0.125,0.1243,0.04,0.1953,0.1017,0.05,0.1562,0.0452,0.0909,0.0859,0.2203,0.0233,0.3359,0.473,0.4479,0.4815,0.098,0.6572,0.4944,0.2465,0.6614,0.0556,0.0556,0.0556,0.0833,0.1389,0.0556,0.0556,0.1944,ptsd_flifw4
427,168,124,166,0.4865,anger,0.1735,0.13,0.1224,0.0333,0.2419,0.1735,0.0233,0.3468,0.1276,0.0303,0.2661,0.1429,0.0345,0.2339,0.0918,0.0435,0.1855,0.1071,0.037,0.2177,0.0969,0.0455,0.1774,0.1378,0.0303,0.2661,0.1707,0.3018,0.218,0.1823,-0.1314,0.3205,-0.1023,0.0794,0.0645,0.0968,0.0645,0.0968,0.0323,0.0968,0.0323,0.0645,ptsd_ckmt9k
1095,407,257,361,0.4861,anticipation,0.1796,0.1308,0.1408,0.0256,0.1518,0.1311,0.0294,0.1323,0.1117,0.0303,0.1284,0.1019,0.037,0.1051,0.1214,0.0303,0.1284,0.0825,0.0385,0.1012,0.1311,0.0294,0.1323,0.1796,0.0227,0.1712,0.201,0.2785,0.326,0.2171,0.2251,0.2162,0.6512,0.4197,0.0,0.0,0.0119,0.0238,0.0238,0.0,0.0952,0.0357,ptsd_iwvgv3
926,429,246,392,0.5733,anticipation,0.1874,0.1422,0.167,0.0133,0.3049,0.1535,0.0132,0.3089,0.1196,0.0159,0.2561,0.1151,0.0172,0.2358,0.149,0.0137,0.2967,0.0564,0.0312,0.1301,0.0519,0.0333,0.122,0.1874,0.0122,0.3333,0.5595,0.5056,0.3569,0.2816,0.3366,0.0954,-0.0484,0.3247,0.1216,0.1081,0.0811,0.0676,0.0811,0.027,0.0405,0.0676,ptsd_r6rgvr
432,165,113,153,0.2717,anticipation,0.3333,0.1839,0.05,0.2,0.0442,0.15,0.2,0.0885,0.05,0.2,0.0442,0.0833,0.1111,0.0796,0.1167,0.0909,0.0973,0.1333,0.0909,0.0973,0.0833,0.4,0.0442,0.3333,0.04,0.2212,-0.2496,0.7721,-0.2446,-0.1189,0.5249,0.3116,0.5649,0.5301,0.0,0.0476,0.0,0.0238,0.0476,0.0476,0.0476,0.119,ptsd_jwkehq
352,200,106,162,0.5575,joy,0.2056,0.1609,0.0935,0.0435,0.217,0.0701,0.0526,0.1792,0.1355,0.1111,0.2547,0.2056,0.0968,0.2925,0.2056,0.1034,0.2736,0.0467,0.0714,0.1321,0.0421,0.0909,0.1038,0.2009,0.1,0.283,0.7424,0.4274,0.4121,0.4963,0.5046,-0.1292,0.629,0.4951,0.1579,0.0789,0.0789,0.0789,0.1053,0.0263,0.1053,0.0789,ptsd_ffwxl0
309,192,94,153,0.5109,anticipation,0.1657,0.1337,0.1215,0.0667,0.1596,0.1436,0.0476,0.2234,0.1547,0.0556,0.1915,0.0552,0.0769,0.1383,0.105,0.087,0.2447,0.1436,0.0476,0.2234,0.1105,0.0714,0.1489,0.1657,0.0385,0.2766,0.5104,0.5616,0.5508,-0.1675,0.174,0.5622,0.4166,0.3792,0.125,0.1042,0.1458,0.0208,0.0417,0.1042,0.0833,0.0417,ptsd_offrtf
802,334,232,308,0.4308,trust,0.1959,0.1428,0.1755,0.0189,0.2284,0.1184,0.0278,0.1552,0.1633,0.0204,0.2112,0.0857,0.04,0.1078,0.1959,0.0182,0.2371,0.0449,0.0667,0.0647,0.098,0.0345,0.125,0.1184,0.027,0.1595,0.5273,0.358,0.5189,0.4306,0.4753,0.2368,0.6276,0.2897,0.0508,0.0339,0.0678,0.0339,0.0678,0.0169,0.0678,0.0169,depression_r50o7r
380,162,114,150,0.5112,anger,0.1739,0.1437,0.0994,0.0556,0.1579,0.1739,0.037,0.2368,0.1739,0.0345,0.2544,0.1366,0.0435,0.2018,0.118,0.0476,0.1842,0.0994,0.0476,0.1842,0.0248,0.1429,0.0614,0.1739,0.0345,0.2544,0.7958,0.5822,0.6067,0.3641,0.5092,0.3791,-0.199,0.5009,0.1333,0.1333,0.1333,0.0667,0.0667,0.0667,0.0,0.1111,ptsd_f4tbre
412,166,116,156,0.5341,anticipation,0.2314,0.1531,0.0744,0.0833,0.1034,0.1322,0.0588,0.1466,0.0909,0.0667,0.1293,0.1736,0.0476,0.181,0.1488,0.05,0.1724,0.0248,0.2,0.0431,0.124,0.0667,0.1293,0.2314,0.0357,0.2414,0.6836,0.7334,0.5349,0.6526,0.5706,-0.2332,0.6105,0.7414,0.1081,0.1351,0.0811,0.1892,0.1081,0.027,0.1081,0.1351,depression_r2o6dl
582,223,170,210,0.5617,fear,0.1869,0.1403,0.1869,0.0222,0.2647,0.1667,0.0256,0.2294,0.1515,0.027,0.2176,0.0758,0.05,0.1176,0.0606,0.0667,0.0882,0.1465,0.0294,0.2,0.0808,0.0455,0.1294,0.1313,0.0303,0.1941,0.8267,0.8163,0.7549,0.1429,0.753,0.8319,0.7583,0.4941,0.1667,0.15,0.1167,0.0333,0.0667,0.15,0.0667,0.0667,ptsd_cyynlo
431,218,132,195,0.4636,trust,0.3217,0.2243,0.0839,0.1111,0.0682,0.028,0.1667,0.0455,0.028,0.1667,0.0455,0.1189,0.0909,0.1667,0.3217,0.0385,0.3939,0.007,0.5,0.0152,0.1259,0.1053,0.1439,0.2867,0.0286,0.2652,0.2182,-0.1683,-0.1683,0.4417,0.346,,0.2868,0.502,0.0,0.0,0.0,0.1304,0.1739,0.0,0.087,0.0435,ptsd_mw6m5l
586,267,175,254,0.523,sadness,0.2634,0.1696,0.2258,0.0227,0.2514,0.0699,0.0526,0.1086,0.2634,0.0192,0.2971,0.1022,0.04,0.1429,0.0699,0.0556,0.1029,0.0323,0.1111,0.0514,0.1183,0.04,0.1429,0.1183,0.0323,0.1771,0.2953,-0.2217,0.6752,0.1128,-0.0628,-0.1915,0.0742,-0.0709,0.0357,0.0,0.1429,0.0,0.0,0.0,0.0179,0.0,depression_rgs3ve
352,201,100,189,0.2584,sadness,0.2376,0.1652,0.0693,0.1,0.1,0.0891,0.0769,0.13,0.2376,0.0588,0.17,0.0891,0.0769,0.13,0.1287,0.0625,0.16,0.1386,0.0714,0.14,0.0198,0.3333,0.03,0.2277,0.0833,0.24,0.185,0.2006,0.2009,-0.056,-0.0211,0.0128,,0.6494,0.0667,0.0333,0.1,0.0,0.0,0.0667,0.0,0.1667,ptsd_dx76p6
365,176,110,167,0.5151,sadness,0.1882,0.1419,0.1824,0.0286,0.3182,0.1588,0.0385,0.2364,0.1882,0.027,0.3364,0.0647,0.0714,0.1273,0.0706,0.0667,0.1364,0.1,0.0476,0.1909,0.0941,0.0588,0.1545,0.1412,0.0323,0.2818,0.4701,0.3213,0.6871,0.1238,0.0939,0.4684,0.5071,0.2433,0.1087,0.087,0.1522,0.0,0.0217,0.087,0.1087,0.0652,ptsd_pzpcoy
645,318,156,274,0.3991,trust,0.2036,0.1461,0.1377,0.04,0.1603,0.1138,0.0556,0.1154,0.1677,0.0357,0.1795,0.0838,0.0476,0.1346,0.2036,0.0263,0.2436,0.1737,0.0741,0.1731,0.0479,0.0833,0.0769,0.0719,0.0526,0.1218,0.0758,0.0307,0.2861,0.3318,0.2252,0.4601,0.3175,-0.1727,0.0,0.0179,0.0179,0.0714,0.0714,0.0357,0.0179,0.0357,ptsd_dghe81
369,178,112,165,0.6579,anger,0.186,0.1434,0.1667,0.0227,0.3929,0.186,0.0222,0.4018,0.1705,0.0227,0.3929,0.0814,0.0357,0.25,0.1279,0.0263,0.3393,0.1473,0.0286,0.3125,0.0581,0.05,0.1786,0.062,0.0476,0.1875,0.4407,0.4463,0.4951,0.1434,0.2781,0.3489,0.2415,0.1328,0.1667,0.1667,0.1667,0.0833,0.0833,0.0833,0.0417,0.125,ptsd_cmhm2i
351,132,96,124,0.6237,sadness,0.1597,0.131,0.1513,0.0476,0.2188,0.1345,0.0556,0.1875,0.1597,0.0455,0.2292,0.1429,0.0455,0.2292,0.084,0.0769,0.1354,0.1092,0.0667,0.1562,0.084,0.0769,0.1354,0.1345,0.0476,0.2188,0.6333,0.5222,0.7097,0.1396,0.3662,0.2682,-0.1497,0.1145,0.2,0.1667,0.2333,0.0667,0.0,0.1,0.0333,0.0667,depression_qqllvy
463,199,124,186,0.5855,trust,0.1818,0.1397,0.1465,0.0256,0.3145,0.1263,0.069,0.2339,0.1313,0.027,0.2984,0.1212,0.0333,0.2419,0.1818,0.0244,0.3306,0.0758,0.0556,0.1452,0.0455,0.0833,0.0968,0.1717,0.0278,0.2903,0.5134,0.416,0.4738,0.2381,0.2732,0.6683,0.2403,0.6914,0.1081,0.1081,0.0811,0.0541,0.0541,0.1081,0.0541,0.1892,depression_rdihyq
387,186,114,164,0.5408,sadness,0.2313,0.1591,0.1642,0.0455,0.193,0.1642,0.0476,0.1842,0.2313,0.0357,0.2456,0.0597,0.0714,0.1228,0.0373,0.1111,0.0789,0.1418,0.0556,0.1579,0.0448,0.125,0.0702,0.1567,0.0357,0.2456,-0.2238,-0.1072,-0.0334,-0.1638,-0.1554,-0.2172,0.2993,-0.1149,0.0238,0.0238,0.0476,0.0238,0.0238,0.0238,0.0714,0.0238,depression_r1ufk6
795,345,189,307,0.3647,anticipation,0.2398,0.1485,0.1429,0.0323,0.164,0.1122,0.0385,0.1376,0.1122,0.037,0.1429,0.0663,0.0625,0.0847,0.1684,0.0303,0.1746,0.0714,0.0588,0.0899,0.0867,0.05,0.1058,0.2398,0.02,0.2646,0.4691,0.4199,0.5059,-0.297,0.3787,0.3094,0.2559,0.4641,0.0633,0.0506,0.0633,0.0127,0.038,0.038,0.038,0.0506,ptsd_daf34j
315,143,107,135,0.3944,anticipation,0.2388,0.1553,0.194,0.0625,0.1495,0.1045,0.1,0.0935,0.1493,0.0714,0.1308,0.1045,0.1111,0.0841,0.0597,0.25,0.0374,0.1045,0.1,0.0935,0.0448,0.25,0.0374,0.2388,0.0588,0.1589,0.0557,-0.1503,0.1914,-0.3807,,-0.1503,,0.2572,0.0465,0.0233,0.0465,0.0233,0.0,0.0233,0.0465,0.0698,depression_r8zbye
654,295,190,281,0.4568,anticipation,0.2826,0.1701,0.0815,0.0455,0.1158,0.0543,0.0714,0.0737,0.0761,0.0556,0.0947,0.1413,0.0345,0.1526,0.1739,0.0256,0.2053,0.038,0.1,0.0526,0.1522,0.0312,0.1684,0.2826,0.0172,0.3053,-0.0102,-0.16,0.1026,0.0918,0.2821,0.938,0.2921,0.594,0.0204,0.0,0.0204,0.0408,0.0408,0.0,0.0612,0.1224,ptsd_cpp7wx
311,125,97,116,0.6381,trust,0.183,0.1314,0.1307,0.037,0.2784,0.1176,0.0476,0.2165,0.085,0.0588,0.1753,0.1111,0.0417,0.2474,0.183,0.0357,0.2887,0.1046,0.05,0.2062,0.1176,0.0417,0.2474,0.1503,0.0345,0.299,0.1383,0.2755,0.1432,0.1773,0.3608,0.3153,0.3257,0.3221,0.0625,0.0938,0.0625,0.0625,0.0938,0.0938,0.0938,0.0938,depression_rhmbgi
387,163,118,151,0.5535,anticipation,0.1707,0.1394,0.1545,0.1818,0.1864,0.1301,0.2222,0.1525,0.1545,0.0455,0.1864,0.0976,0.0667,0.1271,0.1626,0.0417,0.2034,0.0894,0.0714,0.1186,0.0407,0.2,0.0424,0.1707,0.0385,0.2203,0.7074,0.7197,0.4312,0.0656,0.5142,0.3684,0.594,0.6259,0.0833,0.0556,0.0278,0.0556,0.0556,0.0278,0.0278,0.1111,ptsd_cbwyez
516,261,162,243,0.469,sadness,0.2332,0.1496,0.0942,0.04,0.1543,0.1659,0.025,0.2469,0.2332,0.027,0.2284,0.0942,0.0385,0.1605,0.1345,0.0278,0.2222,0.139,0.0323,0.1914,0.0314,0.1111,0.0556,0.1076,0.0312,0.1975,-0.1119,0.3752,0.4019,-0.0044,0.291,0.3181,0.1926,0.6665,0.0364,0.0909,0.0909,0.0182,0.0727,0.0545,0.0364,0.0909,depression_r4typq
649,329,162,278,0.4121,anticipation,0.2877,0.1824,0.0479,0.0909,0.0679,0.0548,0.0833,0.0741,0.089,0.0667,0.0926,0.1164,0.05,0.1235,0.2329,0.0294,0.2099,0.0411,0.1429,0.0432,0.1301,0.0476,0.1296,0.2877,0.0233,0.2654,0.5195,0.2987,-0.2229,0.1254,0.2106,0.4944,-0.2713,0.6124,0.0,0.0,0.0204,0.0408,0.0408,0.0,0.0408,0.102,depression_r7phgf
306,137,100,129,0.5952,trust,0.1736,0.1361,0.1181,0.0455,0.22,0.1111,0.05,0.2,0.1111,0.0476,0.21,0.0833,0.0625,0.16,0.1736,0.0667,0.3,0.0694,0.0769,0.13,0.1667,0.0345,0.29,0.1667,0.0333,0.3,0.2201,0.1167,0.1593,0.2324,0.3389,0.1873,0.6408,0.4841,0.0667,0.0667,0.0667,0.0667,0.1,0.0667,0.1667,0.1333,depression_rkgdku
350,159,109,148,0.4225,anger,0.2331,0.153,0.1504,0.0417,0.2202,0.2331,0.0333,0.2752,0.0451,0.0909,0.1009,0.0451,0.1429,0.0642,0.1053,0.0556,0.1651,0.1353,0.0556,0.1651,0.1128,0.0526,0.1743,0.1729,0.0455,0.2018,0.4326,0.3944,-0.1058,0.207,0.1584,-0.0353,0.4238,0.6225,0.1,0.0333,0.0333,0.0667,0.0333,0.0333,0.1,0.1333,ptsd_oueevd
337,157,105,140,0.5834,joy,0.1969,0.1451,0.126,0.0417,0.2286,0.1024,0.0556,0.1714,0.1496,0.0455,0.2095,0.1969,0.0435,0.219,0.1496,0.05,0.1905,0.0472,0.1111,0.0857,0.0551,0.1111,0.0857,0.1732,0.0417,0.2286,0.305,0.2713,0.8087,0.4641,0.5547,-0.3541,0.3899,0.299,0.069,0.069,0.2069,0.0345,0.069,0.0345,0.069,0.0345,ptsd_li4jqg
515,245,159,229,0.4555,anticipation,0.1939,0.1381,0.1531,0.0286,0.2201,0.0816,0.05,0.1258,0.1378,0.0312,0.2013,0.1276,0.04,0.1572,0.1276,0.037,0.1698,0.051,0.0833,0.0755,0.1276,0.0417,0.1509,0.1939,0.025,0.2516,0.418,-0.0419,0.5151,0.1382,0.2244,0.3026,0.4024,0.3882,0.0294,0.0294,0.0,0.0,0.0,0.0,0.0,0.0,ptsd_e8kwxx
443,212,123,192,0.5711,fear,0.2049,0.1689,0.2049,0.0278,0.2927,0.1885,0.0333,0.2439,0.1926,0.0345,0.2358,0.0369,0.0833,0.0976,0.0656,0.05,0.1626,0.1926,0.0312,0.2602,0.0123,0.25,0.0325,0.1066,0.0312,0.2602,0.4007,0.2721,0.3705,0.2034,0.2719,0.293,,0.2857,0.0811,0.0541,0.0541,0.0541,0.0541,0.0541,0.027,0.1081,ptsd_qg5b5p
362,170,118,159,0.5775,trust,0.1944,0.1373,0.1,0.0417,0.2034,0.1,0.0556,0.1525,0.1611,0.027,0.3136,0.1222,0.037,0.2288,0.1944,0.0263,0.322,0.0556,0.0714,0.1186,0.1333,0.0333,0.2542,0.1333,0.0345,0.2458,-0.1455,-0.1445,0.1847,0.3064,0.2891,-0.2929,0.0175,-0.0994,0.0,0.0,0.0312,0.0938,0.125,0.0,0.0312,0.0312,depression_rmnfrf
331,164,94,152,0.5042,anger,0.2761,0.172,0.0896,0.0667,0.1596,0.2761,0.027,0.3936,0.1791,0.0909,0.234,0.0224,0.25,0.0426,0.0448,0.125,0.0851,0.1194,0.0435,0.2447,0.097,0.1333,0.1596,0.1716,0.2,0.2128,0.674,0.4932,0.2127,,0.2894,0.1212,0.6348,0.3302,0.0833,0.0417,0.0417,0.0,0.0833,0.0417,0.0417,0.0,ptsd_lacl3n
335,160,108,147,0.4504,anger,0.2658,0.1524,0.1456,0.0417,0.2222,0.2658,0.0244,0.3796,0.1203,0.0417,0.2222,0.0886,0.1538,0.1204,0.1139,0.0952,0.1944,0.057,0.0769,0.1204,0.1139,0.0526,0.1759,0.0949,0.0952,0.1944,0.0314,0.3572,-0.0398,-0.1785,0.3885,-0.3119,0.0704,0.1028,0.069,0.1034,0.0345,0.0345,0.1034,0.0345,0.0345,0.069,ptsd_hf9d6a
354,171,101,157,0.6282,fear,0.1368,0.1258,0.1368,0.069,0.2871,0.1368,0.0645,0.3069,0.1368,0.0714,0.2772,0.1105,0.0417,0.2376,0.1263,0.037,0.2673,0.1158,0.0769,0.2574,0.1211,0.0357,0.2772,0.1158,0.0357,0.2772,0.2673,0.1279,0.3441,0.034,0.219,0.1384,0.331,0.0992,0.0488,0.0244,0.0732,0.0488,0.0732,0.0244,0.0976,0.0488,depression_r6cvsg
313,3294,113,672,0.7499,anticipation,0.2224,0.1996,0.0387,0.2941,0.4513,0.0236,0.1163,0.3805,0.0387,0.3,0.4425,0.2204,0.6604,0.469,0.222,0.5932,0.5221,0.0139,0.025,0.354,0.2204,0.6604,0.469,0.2224,0.625,0.4956,0.3783,0.111,0.3747,0.9913,0.992,0.098,0.9913,0.9917,0.05,0.025,0.05,0.325,0.35,0.0,0.325,0.35,depression_r4oujn
365,148,98,137,0.57,anger,0.2121,0.146,0.202,0.2632,0.1939,0.2121,0.25,0.2041,0.1313,0.3077,0.1327,0.0808,0.0909,0.1122,0.0808,0.0909,0.1122,0.0707,0.1111,0.0918,0.1212,0.3077,0.1327,0.101,0.0714,0.1429,0.6841,0.6943,0.4026,0.6342,0.6342,0.2513,0.8488,0.3291,0.1111,0.1111,0.037,0.0741,0.0741,0.0,0.1481,0.037,ptsd_nr6y22
507,261,161,242,0.6423,fear,0.2014,0.1403,0.2014,0.0377,0.3292,0.1763,0.0426,0.2919,0.1511,0.0476,0.2609,0.0612,0.05,0.1242,0.0971,0.0333,0.1863,0.1079,0.0645,0.1925,0.1007,0.0323,0.1925,0.1043,0.0294,0.2112,0.6279,0.5505,0.5036,0.4606,0.4162,0.2114,0.4989,0.3129,0.119,0.119,0.0714,0.0476,0.0238,0.0714,0.119,0.0714,ptsd_o7yfxh
342,157,111,144,0.5753,joy,0.193,0.1524,0.0877,0.0667,0.1351,0.1754,0.0385,0.2342,0.1491,0.0435,0.2072,0.193,0.0526,0.1712,0.1667,0.0417,0.2162,0.1316,0.0526,0.1712,0.0,0.0,0.0,0.0965,0.0588,0.1532,0.2777,0.0443,0.3395,0.2238,0.1497,0.1633,,0.235,0.0,0.0,0.0,0.1739,0.087,0.0,0.0,0.087,ptsd_obc5jb
547,289,147,240,0.6144,trust,0.2139,0.144,0.0695,0.0588,0.1156,0.1283,0.0417,0.1633,0.139,0.0345,0.1973,0.1551,0.0278,0.2449,0.2139,0.0465,0.2925,0.1176,0.0385,0.1769,0.0428,0.0909,0.0748,0.1337,0.0333,0.2041,0.1865,0.1975,0.1826,0.2068,0.4392,0.1243,0.3174,0.0449,0.0227,0.0227,0.0227,0.0455,0.0909,0.0,0.0,0.0455,ptsd_fcw5pp
363,146,99,127,0.6218,fear,0.1783,0.1428,0.1783,0.0833,0.2424,0.1083,0.0556,0.1818,0.1146,0.0417,0.2424,0.1401,0.04,0.2525,0.1783,0.0303,0.3333,0.0382,0.125,0.0808,0.0764,0.0769,0.1313,0.1656,0.0312,0.3232,0.2861,0.1791,0.2647,0.6638,0.4938,0.1208,0.8149,0.6452,0.05,0.05,0.075,0.1,0.1,0.05,0.1,0.1,ptsd_f8ixjo
562,237,160,224,0.4065,fear,0.1726,0.1422,0.1726,0.0345,0.1812,0.1726,0.0385,0.1625,0.1675,0.0417,0.15,0.1269,0.05,0.125,0.0812,0.0476,0.1313,0.1523,0.0476,0.1313,0.0457,0.0769,0.0813,0.0812,0.0455,0.1375,0.4435,0.4581,0.4442,0.6324,0.3838,0.4776,0.4984,0.7418,0.0488,0.0732,0.0488,0.0732,0.0488,0.0732,0.0488,0.0976,ptsd_lo8lms
335,143,96,120,0.5145,sadness,0.1912,0.1497,0.1544,0.0385,0.2708,0.1103,0.0556,0.1875,0.1912,0.0312,0.3333,0.0221,0.2,0.0521,0.1618,0.037,0.2812,0.1471,0.0417,0.25,0.0515,0.125,0.0833,0.1618,0.0588,0.1771,0.3332,0.2621,0.5584,-0.2484,0.5545,0.4193,0.5251,0.5443,0.0667,0.0667,0.1111,0.0,0.0889,0.0889,0.0667,0.1111,depression_rlp71y
779,369,194,333,0.4522,anticipation,0.2059,0.146,0.1324,0.0333,0.1546,0.1275,0.0333,0.1546,0.1765,0.0278,0.1856,0.1225,0.0294,0.1753,0.1373,0.0278,0.1856,0.049,0.1,0.0515,0.049,0.0667,0.0773,0.2059,0.0213,0.2423,0.351,0.3243,0.2197,0.2017,0.5673,0.0683,-0.0661,0.5847,0.0494,0.037,0.0494,0.0494,0.0864,0.0247,0.0123,0.1111,depression_r7zxbb
334,129,90,116,0.6501,joy,0.2119,0.149,0.0596,0.0833,0.1333,0.0927,0.0588,0.1889,0.0861,0.0625,0.1778,0.2119,0.0345,0.3222,0.1722,0.0435,0.2556,0.0728,0.0667,0.1667,0.1126,0.0667,0.1667,0.1921,0.0435,0.2556,0.5956,0.3895,0.4155,0.1314,0.3863,-0.2399,-0.0685,0.0206,0.0,0.0,0.0,0.15,0.15,0.05,0.05,0.15,ptsd_d3knbg
744,363,198,317,0.4803,anticipation,0.201,0.1422,0.1029,0.0417,0.1212,0.0931,0.0417,0.1212,0.0686,0.0588,0.0859,0.1373,0.2593,0.1364,0.1765,0.0303,0.1667,0.0686,0.05,0.101,0.152,0.0714,0.1414,0.201,0.0263,0.1919,0.6468,0.0574,0.4567,0.6622,0.5018,-0.0835,0.6808,0.3819,0.0455,0.0182,0.0273,0.0364,0.0364,0.0,0.0455,0.0364,depression_qtdfdz
635,330,188,305,0.419,anticipation,0.2154,0.146,0.0974,0.087,0.1223,0.0718,0.125,0.0851,0.1282,0.0741,0.1436,0.1333,0.0385,0.1383,0.1795,0.0588,0.1809,0.0462,0.1818,0.0585,0.1282,0.087,0.1223,0.2154,0.0286,0.1862,0.5295,0.4538,0.3296,0.5793,0.3441,0.4407,0.219,0.5655,0.0615,0.0462,0.0462,0.0154,0.0308,0.0308,0.0308,0.0769,depression_r5vbrk
419,185,133,179,0.4462,trust,0.1849,0.1358,0.1644,0.0323,0.2331,0.1233,0.0417,0.1805,0.089,0.0556,0.1353,0.0822,0.0667,0.1128,0.1849,0.0333,0.2256,0.0822,0.0714,0.1053,0.1233,0.05,0.1504,0.1507,0.037,0.203,0.6289,0.5016,0.222,-0.1442,0.2124,0.4342,0.6018,0.5744,0.0556,0.0278,0.0278,0.0278,0.0278,0.0556,0.1111,0.0833,ptsd_dumb5e
330,175,114,168,0.6416,anger,0.1982,0.1535,0.1894,0.0323,0.2719,0.1982,0.027,0.3246,0.1938,0.0278,0.3158,0.0617,0.0556,0.1579,0.1278,0.0333,0.2632,0.0352,0.0833,0.1053,0.0793,0.0588,0.1491,0.1145,0.0556,0.1579,0.5281,0.5085,0.4335,0.0309,0.4977,-0.0967,0.5929,-0.2033,0.1111,0.1111,0.0833,0.0278,0.0833,0.0278,0.0833,0.0556,ptsd_q5frgh
452,203,128,169,0.4809,anticipation,0.2019,0.1418,0.0865,0.0769,0.1016,0.1346,0.05,0.1562,0.1827,0.0385,0.2031,0.125,0.0667,0.1172,0.125,0.0556,0.1406,0.0865,0.0714,0.1094,0.0577,0.1,0.0781,0.2019,0.037,0.2109,-0.1989,0.5692,0.6389,0.6081,0.5415,-0.1957,-0.1443,0.7067,0.0167,0.0333,0.0667,0.0333,0.0333,0.0167,0.0167,0.0667,depression_qq7fad
394,138,94,121,0.6773,sadness,0.2083,0.1516,0.1726,0.0333,0.3191,0.1667,0.037,0.2872,0.2083,0.027,0.3936,0.0655,0.0714,0.1489,0.0595,0.0667,0.1596,0.1548,0.0385,0.2766,0.0417,0.125,0.0851,0.131,0.0435,0.2447,0.3563,0.7019,0.6328,-0.0846,-0.1041,0.6297,0.1399,0.3951,0.1515,0.1818,0.1818,0.0303,0.0303,0.1515,0.0606,0.0909,ptsd_lopbpa
442,177,125,162,0.6256,sadness,0.2222,0.164,0.2,0.025,0.32,0.1889,0.0256,0.312,0.2222,0.0208,0.384,0.0889,0.0476,0.168,0.0889,0.05,0.16,0.0389,0.0833,0.096,0.0278,0.125,0.064,0.1444,0.0303,0.264,0.5792,0.5134,0.4763,0.3872,0.4764,0.4547,-0.2131,0.5746,0.1163,0.093,0.093,0.0465,0.093,0.0,0.0233,0.0698,ptsd_g82fl5
412,176,114,140,0.4855,sadness,0.2967,0.1648,0.1429,0.0526,0.1667,0.1099,0.0667,0.1316,0.2967,0.0312,0.2807,0.0989,0.0769,0.114,0.0659,0.125,0.0702,0.0989,0.0833,0.1053,0.0549,0.1429,0.0614,0.1319,0.0667,0.1316,0.0157,-0.0638,0.4574,0.092,0.0386,0.5013,0.4542,0.05,0.037,0.0,0.0741,0.037,0.037,0.0,0.037,0.037,ptsd_ee0aqe
304,124,86,115,0.612,fear,0.2099,0.1546,0.2099,0.0811,0.4302,0.1358,0.0385,0.3023,0.1605,0.0741,0.314,0.0617,0.1,0.1163,0.1481,0.0345,0.3372,0.1296,0.0357,0.3256,0.0,0.0,0.0,0.1543,0.0833,0.2791,0.7116,0.3046,0.4358,0.6236,0.0618,0.0791,,0.642,0.1071,0.0357,0.0714,0.0,0.0714,0.0357,0.0,0.1786,ptsd_ct3j28
380,218,97,179,0.6228,fear,0.2234,0.1691,0.2234,0.08,0.2577,0.1702,0.1,0.2062,0.2234,0.0833,0.2474,0.0532,0.125,0.0825,0.1277,0.0625,0.1649,0.0319,0.25,0.0412,0.0319,0.2,0.0515,0.1383,0.0625,0.1649,0.3273,0.2363,0.2599,-0.2471,0.1326,,0.0,0.5417,0.0606,0.0303,0.0606,0.0,0.0303,0.0,0.0,0.0909,depression_rilb8p
715,332,202,306,0.5299,anger,0.1642,0.1307,0.1592,0.1176,0.1683,0.1642,0.0278,0.1782,0.0995,0.0385,0.1287,0.1045,0.037,0.1337,0.1493,0.0303,0.1634,0.1045,0.04,0.1238,0.0945,0.05,0.099,0.1244,0.0294,0.1683,0.5203,0.7462,0.5648,0.4344,0.8397,0.1995,0.5898,0.2693,0.0806,0.129,0.0645,0.0484,0.0806,0.0323,0.0968,0.0323,ptsd_i45kfk
1216,593,337,519,0.546,trust,0.1959,0.1338,0.1287,0.0241,0.2463,0.1101,0.0145,0.2047,0.097,0.0167,0.178,0.1194,0.0282,0.2107,0.1959,0.0171,0.3472,0.0858,0.0196,0.1513,0.1082,0.0312,0.1899,0.1549,0.0349,0.2552,0.4933,0.4991,0.5192,0.3365,0.582,0.2432,0.2826,0.4918,0.0288,0.0288,0.0288,0.0385,0.0577,0.0096,0.0192,0.0673,ptsd_cuwgda
1246,621,307,545,0.4406,anger,0.1864,0.1364,0.1162,0.0169,0.1922,0.1864,0.0506,0.2573,0.1294,0.082,0.1987,0.0724,0.0278,0.1173,0.1732,0.0286,0.228,0.0987,0.0227,0.1433,0.0855,0.0256,0.127,0.1382,0.0147,0.2215,0.669,0.7728,0.8049,0.141,0.7375,0.3803,0.3365,0.7066,0.0349,0.0465,0.0581,0.0233,0.0698,0.0,0.0465,0.0698,ptsd_ihzsc0
354,133,100,127,0.5136,trust,0.232,0.145,0.152,0.0455,0.22,0.144,0.04,0.25,0.104,0.0526,0.19,0.096,0.0625,0.16,0.232,0.0357,0.28,0.056,0.1111,0.09,0.128,0.0526,0.19,0.088,0.0588,0.17,0.2445,0.1609,0.2487,0.2153,0.3364,0.2558,0.5694,-0.1526,0.0909,0.0909,0.0455,0.0,0.0,0.0455,0.0,0.0455,ptsd_gbe2lb
594,256,187,241,0.4119,fear,0.2202,0.1568,0.2202,0.0192,0.2781,0.2018,0.0208,0.2567,0.1606,0.0278,0.1925,0.0229,0.125,0.0428,0.0642,0.0556,0.0963,0.133,0.0303,0.1765,0.0963,0.0385,0.139,0.1009,0.0323,0.1658,0.6715,0.6614,0.5554,-0.3266,0.1828,0.5453,0.4992,0.6926,0.1132,0.0943,0.0943,0.0189,0.0377,0.0943,0.0755,0.0755,ptsd_g7h8qc
1684,756,428,693,0.4807,anticipation,0.1796,0.1305,0.1246,0.0814,0.2009,0.0971,0.1,0.1636,0.1278,0.046,0.2033,0.0922,0.0161,0.1449,0.1343,0.0465,0.2009,0.1392,0.0341,0.2056,0.1052,0.0635,0.1472,0.1796,0.0091,0.257,0.7018,0.8573,0.7824,0.5209,0.7129,0.5262,0.5898,0.7137,0.0701,0.0637,0.0828,0.0382,0.0828,0.0573,0.0382,0.1083,ptsd_e4qghg
350,286,117,222,0.6409,fear,0.3077,0.1723,0.3077,0.0484,0.5299,0.0909,0.0333,0.2564,0.1503,0.0323,0.265,0.049,0.0455,0.188,0.049,0.0455,0.188,0.1329,0.0938,0.2735,0.1049,0.0294,0.2906,0.1154,0.027,0.3162,0.7113,0.437,0.2221,-0.0829,-0.0829,0.1841,0.3059,0.1957,0.2,0.0667,0.1,0.0,0.0,0.0333,0.0333,0.0,depression_qsjysl
1122,576,311,518,0.4813,anticipation,0.1806,0.1316,0.1387,0.0196,0.164,0.0968,0.0256,0.1254,0.1516,0.0172,0.1865,0.1065,0.025,0.1286,0.129,0.0217,0.1479,0.1032,0.025,0.1286,0.0935,0.0294,0.1093,0.1806,0.0143,0.2251,0.5244,0.3861,0.6877,0.3705,0.3249,0.4827,0.2005,0.2952,0.0438,0.0292,0.0657,0.0365,0.0219,0.0365,0.0146,0.0219,depression_rlyke7
482,204,148,199,0.498,fear,0.2381,0.1578,0.2381,0.0204,0.3311,0.1012,0.0476,0.1419,0.1429,0.0333,0.2027,0.0774,0.125,0.1081,0.131,0.04,0.1689,0.0357,0.1429,0.0473,0.0714,0.0588,0.1149,0.2024,0.0278,0.2432,0.2737,0.2089,0.0663,0.354,0.4401,-0.0547,-0.119,0.0675,0.0789,0.0789,0.0526,0.0,0.0789,0.0526,0.0263,0.0526,ptsd_ghfd1j
783,409,219,365,0.533,fear,0.1908,0.1403,0.1908,0.0185,0.2466,0.1513,0.0204,0.2237,0.1151,0.0227,0.2009,0.0855,0.0333,0.137,0.0921,0.0303,0.1507,0.1118,0.0233,0.1963,0.0658,0.0435,0.105,0.1875,0.0185,0.2466,0.4343,0.4717,0.488,0.0198,0.2358,0.1672,0.0146,0.4728,0.0435,0.0145,0.0435,0.0145,0.029,0.0145,0.029,0.087,ptsd_df80va
374,180,104,161,0.5044,fear,0.1824,0.1387,0.1824,0.0588,0.3269,0.1647,0.0741,0.2596,0.1765,0.0625,0.3077,0.0647,0.0714,0.1346,0.1176,0.0455,0.2115,0.0941,0.1053,0.1827,0.0882,0.0588,0.1635,0.1118,0.0417,0.2308,0.6898,0.3395,0.3389,0.0615,0.6961,0.2079,0.7078,0.3768,0.1707,0.0976,0.0976,0.0488,0.1707,0.0732,0.122,0.0488,ptsd_lkvigj
