comparison,metric,a_mean,b_mean,cohens_d,p_value,effect,n_pairs,significant
OCD vs Cancer,Recurrence Rate,0.2373,0.0761,1.566,0.0,LARGE,63,True
OCD vs Cancer,Determinism,0.4145,0.2124,1.187,0.0,LARGE,63,True
OCD vs Cancer,Laminarity (stuck on topic),0.5937,0.3671,1.24,0.0,LARGE,63,True
OCD vs Cancer,Trapping Time,2.8813,2.245,0.876,0.0,LARGE,63,True
OCD vs Cancer,Mean Diagonal Length,2.327,1.8404,0.632,1.9e-05,medium,63,True
OCD vs Cancer,Max Diagonal (longest repeat),5.8095,4.0794,0.566,0.004812,medium,63,True
OCD vs Cancer,Recurrence Entropy,1.026,0.5804,0.848,1.4e-05,LARGE,63,True
OCD vs Dep/PTSD,Recurrence Rate,0.2073,0.283,-0.528,0.003357,medium,78,True
OCD vs Dep/PTSD,Determinism,0.3529,0.4722,-0.598,0.000321,medium,78,True
OCD vs Dep/PTSD,Laminarity (stuck on topic),0.5382,0.6352,-0.565,0.000426,medium,78,True
OCD vs Dep/PTSD,Trapping Time,2.7071,3.0845,-0.514,0.000759,medium,78,True
OCD vs Dep/PTSD,Mean Diagonal Length,2.2384,2.5956,-0.503,0.000553,medium,78,True
OCD vs Dep/PTSD,Max Diagonal (longest repeat),4.2051,5.141,-0.389,0.021807,small,78,True
OCD vs Dep/PTSD,Recurrence Entropy,0.8229,1.1853,-0.617,0.000268,medium,78,True
