n_sentences,RR,DET,LAM,TT,L,Lmax,ENTR,slug,n_words
442,0.073403720462544,0.23693038859379367,0.4422001677383282,2.5615384615384613,2.2539893617021276,6,0.9068029891307131,living-with-a-monster,6634
91,0.09768009768009768,0.1375,0.405,2.25,2.037037037037037,3,0.228538143953528,my-ocd-journey,1167
110,0.02652210175145955,0.06289308176100629,0.2641509433962264,2.4705882352941178,2.5,3,1.0,sword-and-shield,1505
32,0.2318548387096774,0.20869565217391303,0.47391304347826085,2.369565217391304,2.0,2,-0.0,my-ocd-story-irrational-and-rational-themes,741
124,0.34552845528455284,0.5347248576850094,0.7451612903225806,3.0994475138121547,2.416809605488851,6,1.2336421226876624,there-is-hope-for-me-and-for-you,2411
43,0.37320044296788485,0.6528189910979229,0.7863501483679525,3.486842105263158,2.7848101265822787,4,1.5278841401259775,ocd-existential-questions-and-treatment,992
71,0.07203219315895372,0.03910614525139665,0.2206703910614525,2.135135135135135,2.3333333333333335,3,0.9182958340544896,ocd-land,852
47,0.13783533765032377,0.26174496644295303,0.4899328859060403,2.56140350877193,2.4375,5,0.8683927290103626,this-is-ocd,700
74,0.1251388374676046,0.23964497041420119,0.4940828402366864,2.62992125984252,2.1315789473684212,3,0.5617526078313282,a-worthwhile-struggle-for-freedom,1371
92,0.08838987099856666,0.12972972972972974,0.35135135135135137,2.3008849557522124,2.0869565217391304,4,0.2580186686648155,somatic-ocd-and-the-fear-of-forever,1565
128,0.04343011811023622,0.16997167138810199,0.311614730878187,2.528735632183908,2.2222222222222223,5,0.725375928405144,my-no-googling-symptoms-rule,1565
88,0.2416405433646813,0.4518918918918919,0.6216216216216216,3.125,2.473372781065089,6,1.275024528139598,toughness-and-beauty-in-ocd-recovery,1642
185,0.06063454759106933,0.14437984496124032,0.39098837209302323,2.2231404958677685,2.041095890410959,4,0.20856366182751823,in-my-mind-there-was-a-war,2524
47,0.14801110083256244,0.4625,0.70625,2.5681818181818183,2.3125,5,0.8683927290103626,the-warrior-within,691
99,0.2453102453102453,0.4294117647058823,0.6512605042016807,2.6405451448040886,2.174468085106383,5,0.7076661925570938,this-is-my-story-but-it-is-still-being-written,1851
85,0.16554621848739495,0.3790186125211506,0.577834179357022,2.688976377952756,2.196078431372549,4,0.7490241377778055,that-is-progress-and-that-is-a-good-day,1543
87,0.22346966051857792,0.4892344497607656,0.6465311004784688,3.011142061281337,2.5246913580246915,8,1.3886605796928224,we-are-not-the-only-ones-with-these-thoughts,1361
56,0.2766233766233766,0.4647887323943662,0.6232394366197183,2.9664804469273744,2.4146341463414633,6,1.2047889598014272,my-acceptance-of-its-permanence,991
61,0.3699453551912568,0.5406203840472673,0.7326440177252584,3.5428571428571427,2.652173913043478,8,1.5387877773545788,im-getting-there,1629
167,0.2853329485607099,0.45461441213653603,0.6614412136536031,3.134811264230078,2.46978021978022,9,1.3240497659009647,i-stepped-onto-the-road-to-recovery,3215
29,0.1625615763546798,0.45454545454545453,0.553030303030303,2.8076923076923075,2.142857142857143,3,0.5916727785823275,yesterday-i-couldnt-today-i-could,441
129,0.21172480620155038,0.38329519450800914,0.6198512585812357,3.0564174894217206,2.4814814814814814,10,1.3206782115634184,i-assumed-that-this-ocd-was-too-weird,2699
63,0.26216077828981055,0.392578125,0.6123046875,3.7771084337349397,2.6103896103896105,7,1.4663510615149038,i-am-growing-and-so-are-you-finding-beauty-in-ocd-growth,1010
160,0.10778301886792453,0.22027716994894236,0.4434719183078045,2.538622129436326,2.204379562043796,4,0.7832964285761219,a-human-mental-health-issue,2389
88,0.16901776384535006,0.2704791344667697,0.5139103554868625,2.5675675675675675,2.1604938271604937,4,0.6664927766784032,my-post-partum-ocd,1277
125,0.31290322580645163,0.4688659793814433,0.6723711340206185,3.0138632162661736,2.445161290322581,6,1.2777045709544261,wedding-bells-or-alarm-bells,1973
47,0.393154486586494,0.6729411764705883,0.7729411764705882,3.7542857142857144,2.948453608247423,9,1.8578045348498367,ocd-realization-the-long-story,1333
288,0.2660181958962447,0.5048208113516464,0.7010187374931781,3.006436512580456,2.391210685049548,7,1.187187290247947,life-along-the-path-of-obsessive-compulsive-disorder,5479
60,0.06892655367231638,0.2540983606557377,0.4672131147540984,2.533333333333333,2.2142857142857144,3,0.74959525725948,keep-strong-it-gets-better,828
65,0.11971153846153847,0.20080321285140562,0.42971887550200805,2.3777777777777778,2.0,2,-0.0,psychic-scrupulosity-evil-spirits-and-bad-vibes,1122
118,0.4069245255685934,0.6739053043787825,0.797436810252759,3.6129032258064515,2.7474600870827284,7,1.7069955239347352,it-wasnt-easy-but-i-could-feel-myself-getting-better,2855
113,0.31716182048040453,0.5994020926756353,0.7491280518186347,3.4965116279069766,2.7094594594594597,8,1.660935833489939,reflections-on-relapse,2238
70,0.2873706004140787,0.47262247838616717,0.6844380403458213,3.177257525083612,2.4661654135338344,6,1.2688524357031012,i-have-hope-now,1371
38,0.11379800853485064,0.025,0.3875,2.1379310344827585,2.0,2,-0.0,i-worked-hard-every-single-day,576
71,0.17987927565392353,0.3534675615212528,0.6006711409395973,2.685,2.289855072463768,4,0.9711226922229992,the-intangible-demons-in-my-head,1187
15,0.5714285714285714,0.75,0.85,3.5172413793103448,2.8125,4,1.4772170014624826,my-ocd-took-all-of-my-primary-school-years,510
138,0.2531471490532106,0.49519431675720854,0.6709151692436273,2.8415929203539823,2.3326771653543306,5,1.0729856203195423,baby-steps,2759
54,0.11320754716981132,0.2037037037037037,0.49691358024691357,2.236111111111111,2.0625,3,0.3372900666170139,our-thoughts-do-not-define-who-we-are,627
37,0.484984984984985,0.8111455108359134,0.8359133126934984,4.576271186440678,3.4025974025974026,12,2.23349518248617,living-with-brian,1053
100,0.011717171717171718,0.0,0.08620689655172414,2.0,0,0,0,ocd-and-the-prince-of-peace,783
70,0.1349896480331263,0.2361963190184049,0.47392638036809814,2.395348837209302,2.026315789473684,3,0.17556502585750278,taking-ocd-for-a-drive,1366
89,0.2510214504596527,0.49643947100712105,0.6683621566632757,2.9330357142857144,2.4158415841584158,5,1.2178002136359047,my-ocd-story-part-one-living-with-ocd,1907
161,0.3615683229813665,0.6212153747047455,0.7620785913678334,3.5243296921549154,2.716431924882629,12,1.6717281096440184,80-happiness-and-20-fleeting-what-ifs,3534
123,0.10089297614287618,0.2311756935270806,0.40290620871862615,2.6406926406926408,2.1875,6,0.6967091882539314,time-to-stop-hiding,1809
57,0.2825814536340852,0.5432372505543237,0.7184035476718403,2.958904109589041,2.5,6,1.3499525221804423,recovering-from-postnatal-ocd,1295
115,0.45598779557589625,0.7544329207092673,0.8599866175978588,3.774596182085169,2.811720698254364,12,1.7728591272210954,my-still-undiagnosed-ocd-story,2993
120,0.1369747899159664,0.24539877300613497,0.46983640081799594,2.648414985590778,2.2429906542056073,6,0.8626507118758204,the-one-you-should-keep,1419
179,0.10024480572468772,0.24107701941139636,0.44990607388854104,2.5706618962432914,2.1875,6,0.6906922625260506,the-illness-that-haunted-my-life,2591
60,0.47401129943502823,0.7222884386174017,0.8384982121573301,4.212574850299402,3.2934782608695654,14,2.1721240928251517,ocd-collapse-and-rebuilding,2036
88,0.5679205851619644,0.7916283348666053,0.8882244710211592,4.692588092345079,3.3877952755905514,18,2.2890052911813306,summer-2015,2383
181,0.16856967464702272,0.309905316824472,0.5395120174799709,2.541166380789022,2.204663212435233,4,0.7841014455768225,facing-my-fears-with-cbt,2755
109,0.12691131498470948,0.3132530120481928,0.5214190093708166,2.529220779220779,2.1666666666666665,5,0.678521893192347,im-standing-im-living,1203
73,0.12595129375951294,0.26586102719033233,0.4471299093655589,2.6194690265486726,2.2564102564102564,4,0.8954863760864649,overcoming-ocd-is-not-a-fight-is-an-act-of-love,1295
98,0.14580265095729014,0.2886002886002886,0.5036075036075036,2.585185185185185,2.2222222222222223,4,0.8261303273384393,just-another-day-and-new-realities,1560
55,0.2760942760942761,0.5292682926829269,0.6695121951219513,3.0670391061452515,2.6144578313253013,6,1.4976345197412404,90-better-from-ocd,1053
168,0.1675220986598232,0.3646808510638298,0.5842553191489361,2.7107601184600196,2.267195767195767,5,0.9373180484054054,learning-to-give-thoughts-less-attention,2904
84,0.46012621916236374,0.7331670822942643,0.8360349127182045,3.5807743658210947,2.697247706422018,12,1.6161364794820943,my-ocd-struggle,2190
36,0.2634920634920635,0.536144578313253,0.7168674698795181,2.9382716049382718,2.282051282051282,5,0.9497647669053235,free-at-last,693
80,0.22183544303797467,0.44650499286733236,0.6169757489300999,3.1684981684981683,2.5447154471544717,4,1.3509738086163106,embracing-uncertainty-in-ocd-recovery,1600
33,0.2859848484848485,0.41721854304635764,0.6688741721854304,2.6578947368421053,2.25,5,0.8059584928680418,help-hope-and-healing,679
62,0.29296668429402434,0.592057761732852,0.7554151624548736,3.2192307692307693,2.5625,7,1.466193618714677,punching-ocd-in-the-face,1268
66,0.14358974358974358,0.22727272727272727,0.4366883116883117,2.831578947368421,2.3333333333333335,3,0.9182958340544896,taming-olivia,1208
125,0.22296774193548388,0.3993055555555556,0.65625,2.7524271844660193,2.277227722772277,5,0.9568840661059307,it-started-as-a-thought-of-hit-and-run,2036
43,0.41971207087486156,0.6094986807387863,0.737467018469657,3.408536585365854,2.566666666666667,8,1.411812246004011,taking-the-necessary-steps-to-recovery,765
48,0.2721631205673759,0.3973941368078176,0.6221498371335505,3.183333333333333,2.489795918367347,7,1.1923917590231405,recovery-through-faith-and-exposure,871
102,0.0823141137643176,0.2429245283018868,0.4516509433962264,2.4394904458598727,2.1914893617021276,4,0.7507128731663414,how-do-you-know-its-right,1607
120,0.22899159663865545,0.4776758409785933,0.6694189602446483,2.6793145654834762,2.2314285714285713,7,0.8471739303214345,my-disorder-does-not-define-me,2334
40,0.25384615384615383,0.35858585858585856,0.5984848484848485,2.443298969072165,2.1515151515151514,3,0.6136190195993708,ocd-focused-on-racism-and-anti-semitism,835
83,0.14575374669409344,0.21169354838709678,0.45161290322580644,2.5895953757225434,2.1875,3,0.6962122601251458,lessons-learned-from-relationship-focused-ocd,1260
76,0.49122807017543857,0.745,0.8410714285714286,4.067357512953368,3.0949554896142435,11,2.039847202707059,conquering-my-battle,1983
33,0.35795454545454547,0.5767195767195767,0.7142857142857143,3.8028169014084505,2.8684210526315788,9,1.6711846721215193,it-started-with-a-thought,681
109,0.3076792388718994,0.5908337934842628,0.7374378796245168,3.542440318302387,2.8157894736842106,11,1.7741375984680219,the-ocd-burglar,2057
128,0.11429625984251969,0.24757804090419805,0.5016146393972013,2.341708542713568,2.0720720720720722,3,0.3736090708557683,little-victories,1933
95,0.32945128779395294,0.4663494221617947,0.6961250849762066,2.7939972714870396,2.271523178807947,5,0.9458623664419249,finding-a-way,2406
121,0.0684573002754821,0.14084507042253522,0.3682092555331992,2.259259259259259,2.0588235294117645,3,0.3227569588973982,ocd-or-recovery-the-choice,1663
48,0.10283687943262411,0.1810344827586207,0.34913793103448276,2.3823529411764706,2.1,3,0.4689955935892812,transmuting-pain-into-art,890
73,0.2165144596651446,0.36203866432337434,0.5843585237258347,2.5576923076923075,2.2637362637362637,4,0.9184315030027357,the-rise-and-fall-of-ocd,954
63,0.18330773169482847,0.4441340782122905,0.6215083798882681,2.5872093023255816,2.2083333333333335,4,0.7828609173696265,the-millions-of-intrusive-thoughts-that-took-over-my-life,1188
16,0.31666666666666665,0.631578947368421,0.6973684210526315,2.789473684210526,3.0,7,1.061278124459133,ocd-caused-me-to,369
100,0.037171717171717175,0.03260869565217391,0.1766304347826087,2.1666666666666665,2.0,2,-0.0,in-the-midst,1399
41,0.2914634146341463,0.4309623430962343,0.6506276150627615,2.827272727272727,2.1914893617021276,4,0.6786440177697997,on-the-road-to-recovery,624
68,0.027216856892010536,0.03225806451612903,0.23387096774193547,2.4166666666666665,2.0,2,-0.0,early-memories-of-ocd,879
53,0.07111756168359942,0.2653061224489796,0.3622448979591837,2.3666666666666667,2.1666666666666665,4,0.41381685030363374,pit-of-despair,723
46,0.4,0.7077294685990339,0.8514492753623188,3.263888888888889,2.483050847457627,7,1.2748239442368356,from-ocd-to-university,824
42,0.3077816492450639,0.4528301886792453,0.6509433962264151,3.108108108108108,2.4489795918367347,6,1.1833455571646547,learning-in-recovery-from-ocd,705
42,0.37398373983739835,0.6583850931677019,0.7795031055900621,2.9529411764705884,2.5542168674698793,6,1.366637980329403,it-all-started-when-i-was-3-years-old,1001
63,0.05427547363031234,0.07547169811320754,0.3018867924528302,2.064516129032258,2.0,2,-0.0,what-if-i-harm-my-child-an-ocd-story,659
18,0.2549019607843137,0.41025641025641024,0.6666666666666666,2.08,2.0,2,-0.0,it-all-seemed-too-weird,343
13,0.46153846153846156,0.4722222222222222,0.6805555555555556,3.2666666666666666,4.25,8,1.5,my-pure-o-and-harm-ocd-story,380
25,0.4866666666666667,0.7602739726027398,0.8527397260273972,3.830769230769231,3.264705882352941,7,2.118214212920643,meditation-and-other-methods-my-ocd-recovery,633
32,0.17338709677419356,0.5465116279069767,0.5581395348837209,2.909090909090909,2.473684210526316,4,1.215533232382473,you-deserve-to-be-happy,544
28,0.04497354497354497,0.0,0.17647058823529413,2.0,0,0,0,dear-ocd,326
174,0.048568201448408746,0.13132694938440492,0.28454172366621067,2.3636363636363638,2.1333333333333333,4,0.5834725675409083,a-mothers-journey-helping-her-son-recover-from-ocd,2756
87,0.10879443998930767,0.29484029484029484,0.5319410319410319,2.4189944134078214,2.1052631578947367,4,0.4921379905974296,the-daily-struggle-have-hope,1674
88,0.12434691745036573,0.23109243697478993,0.4338235294117647,2.664516129032258,2.3404255319148937,5,1.075361787667213,the-ocd-rabbit-hole,1785
21,0.30952380952380953,0.3076923076923077,0.47692307692307695,2.6956521739130435,2.5,4,1.2987949406953985,the-ocd-nightmare,389
61,0.10491803278688525,0.20833333333333334,0.3802083333333333,2.3934426229508197,2.1052631578947367,4,0.2974722489192896,a-strange-thing-to-talk-about-my-life-with-ocd,977
31,0.13763440860215054,0.09375,0.328125,2.210526315789474,2.0,2,-0.0,the-blessing-of-accepting-uncertainty-in-ocd,479
33,0.1268939393939394,0.44776119402985076,0.664179104477612,2.6176470588235294,2.142857142857143,3,0.5916727785823275,petrified-of-plagiarism,453
71,0.33601609657947684,0.5413173652694611,0.7029940119760479,3.402898550724638,2.5681818181818183,8,1.4242550864261048,on-avoiding-writing-this-essay,1583
13,0.2692307692307692,0.42857142857142855,0.40476190476190477,2.4285714285714284,2.25,3,0.8112781244591328,beating-ocd-by-embracing-uncertainty,388
50,0.14775510204081632,0.3812154696132597,0.5248618784530387,2.6027397260273974,2.3793103448275863,5,1.0056659577324911,emotional-abusive-relationship-with-somatosensory-ocd,970
86,0.10506155950752394,0.4322916666666667,0.6080729166666666,2.9556962025316458,2.3714285714285714,4,1.1130423017938647,taming-the-beast-ocd-body-dysmorphia-and-depression,1413
79,0.24764686790003246,0.42463958060288337,0.6664482306684142,2.8487394957983194,2.297872340425532,5,1.0028439805376166,university-rugby-and-sexual-orientation-ocd,1654
94,0.19400594829558454,0.49292452830188677,0.6780660377358491,3.2670454545454546,2.580246913580247,7,1.4850421088303254,from-abuse-and-ocd-to-travelling-the-world-and-inspiring-others,1513
27,0.08831908831908832,0.0,0.25806451612903225,2.2857142857142856,0,0,0,my-40-year-journey-with-ocd,335
102,0.10172781984080762,0.20610687022900764,0.43416030534351147,2.3333333333333335,2.1176470588235294,4,0.5335263227828173,i-hate-you-an-ocd-obsession,1549
89,0.32788559754851887,0.5685358255451713,0.7227414330218068,3.119327731092437,2.491467576791809,8,1.3441849173070746,rational-and-irrational-parts,1542
67,0.47218453188602444,0.7624521072796935,0.8309386973180076,4.294554455445544,3.1215686274509804,10,2.0678737079364433,february-fifteenth-my-obsession-with-obsession,1555
65,0.16778846153846153,0.2148997134670487,0.5171919770773639,2.45578231292517,2.027027027027027,3,0.1792560669283215,ocd-recovery-i-am-going-to-achieve-my-dreams,1279
37,0.12612612612612611,0.23809523809523808,0.49404761904761907,2.59375,2.2222222222222223,4,0.5032583347756457,whack-a-mole-brain-a-poem,535
39,0.3616734143049933,0.5634328358208955,0.6940298507462687,3.576923076923077,2.6491228070175437,6,1.549582809738747,ocd-wanted-it-not-me,861
42,0.4367015098722416,0.4787234042553192,0.6875,3.335483870967742,2.608695652173913,5,1.4522557447184141,maternal-ocd-and-facing-the-ocd-monster-head-on,1020
28,0.4603174603174603,0.5,0.7270114942528736,2.976470588235294,2.5588235294117645,6,1.3804304878001115,ocd-and-education,1045
257,0.18196741245136186,0.3722018042098229,0.5905446040761777,2.8728159284843557,2.3551797040169133,6,1.1190389477750855,standing-at-the-gate-of-the-journey,4128
214,0.2367601246105919,0.5048183839881394,0.6791141586360266,3.156330749354005,2.4854014598540144,9,1.3488528474792478,my-ocd-transformation,3800
66,0.17715617715617715,0.32894736842105265,0.5473684210526316,2.3240223463687153,2.1186440677966103,3,0.5254506799086206,postpartum-ocd-and-faith,1100
215,0.08267767876548576,0.250788643533123,0.4647739221871714,2.8333333333333335,2.3497536945812807,6,1.1017944469972265,erics-ocd-story-version-2,2612
183,0.20837086410856903,0.37838616714697404,0.6063400576368876,2.711340206185567,2.283478260869565,6,0.9718367648140095,my-naturopathic-ocd-recovery,3477
144,0.1482128982128982,0.29685452162516385,0.5376802096985583,2.6901639344262294,2.1990291262135924,4,0.7552947438267239,glimpses-of-a-life-without-ocd,2629
61,0.11693989071038251,0.2383177570093458,0.4696261682242991,2.392857142857143,2.217391304347826,4,0.8076702057269436,i-am-not-an-ocd-unicorn,934
129,0.18023255813953487,0.31048387096774194,0.5191532258064516,2.809090909090909,2.298507462686567,6,0.9690750834789283,parenting-with-intrusive-thoughts,1731
67,0.11216644052464948,0.25,0.4576612903225806,2.3645833333333335,2.2142857142857144,4,0.8058576010107721,my-ocd-story-experience-hope-and-recovery,1323
64,0.12748015873015872,0.20233463035019456,0.4494163424124514,2.783132530120482,2.3636363636363638,3,0.9456603046006401,postpartum-ocd-intrusive-thoughts-and-recovery,848
27,0.022792022792022793,0.25,0.0,0,2.0,2,-0.0,so-much-better-than-i-was,297
59,0.10929281122150789,0.1443850267379679,0.4144385026737968,2.3134328358208953,2.25,4,0.8166890883150209,a-true-paradox,878
74,0.35431321732691595,0.6468129571577848,0.7523510971786834,3.902439024390244,2.947619047619048,7,1.8776325682882904,ocd-the-monster-in-my-mind,1583
29,0.26108374384236455,0.27358490566037735,0.5188679245283019,2.8947368421052633,2.230769230769231,3,0.7793498372920851,my-obsession-the-fear-of-farting,486
88,0.15830721003134796,0.32673267326732675,0.5602310231023102,2.673228346456693,2.2758620689655173,5,0.939596870256773,chasing-calm-my-life-with-pure-ocd,1399
52,0.14856711915535445,0.28426395939086296,0.4213197969543147,2.5538461538461537,2.24,5,0.7641140545540274,exiting-the-maze-a-spiritual-answer-to-psychological-chaos,959
123,0.10702385712381714,0.11581569115815692,0.3356164383561644,2.227272727272727,2.066666666666667,3,0.35335933502142136,my-road-to-recovery,1747
35,0.17647058823529413,0.4666666666666667,0.6,2.5714285714285716,2.0416666666666665,3,0.24988229283318544,what-if-im-a-paedophile,602
30,0.020689655172413793,0.0,0.4444444444444444,2.0,0,0,0,but-he-had-everything-to-live-for,342
97,0.13208762886597938,0.32682926829268294,0.5056910569105691,2.591666666666667,2.208791208791209,4,0.7640415729357839,learning-to-live,1431
26,0.3415384615384615,0.6936936936936937,0.7837837837837838,3.107142857142857,2.40625,5,1.2015093751988053,me-and-my-bully,573
53,0.14658925979680695,0.16336633663366337,0.3811881188118812,2.566666666666667,2.0625,3,0.3372900666170139,the-intruder,875
59,0.053185271770894216,0.26373626373626374,0.34615384615384615,2.52,2.6666666666666665,4,1.3921472236645345,recovering-from-ocd-one-day-at-a-time,831
101,0.23485148514851484,0.3996627318718381,0.6138279932546374,3.027027027027027,2.4947368421052634,6,1.3214591642870073,ocd-is-not-a-disease-that-bothers-its-a-disease-that-tortures,2441
23,0.391304347826087,0.6565656565656566,0.803030303030303,3.4565217391304346,2.7083333333333335,5,1.5943609377704335,the-fear-of-bad-things-and-the-optimism-of-recovery,551
49,0.24404761904761904,0.3205574912891986,0.5557491289198606,3.288659793814433,2.4210526315789473,5,1.1852442882221736,overcoming-ocd-and-ptsd,738
52,0.24962292609351433,0.43202416918429004,0.649546827794562,2.7044025157232703,2.234375,4,0.8539462461631789,ocd-and-emetophobia-gaining-my-life-back,1143
33,0.22537878787878787,0.5294117647058824,0.634453781512605,2.603448275862069,2.1724137931034484,3,0.6631968402398287,defeating-the-pain-of-ocd,618
87,0.12055600106923282,0.24611973392461198,0.5266075388026608,2.5815217391304346,2.22,6,0.7212798655525016,living-with-obsessive-compulsive-disorder,1207
59,0.07656341320864991,0.183206106870229,0.3244274809160305,2.2972972972972974,2.0,2,-0.0,ignorance-total-annihilation-two-odd-supports-for-ocd-recovery,857
31,0.06881720430107527,0.21875,0.40625,2.1666666666666665,2.3333333333333335,3,0.9182958340544896,pien-suffers-from-obsessive-compulsive-disorder,431
53,0.2880986937590711,0.49370277078085645,0.6561712846347607,2.8784530386740332,2.3058823529411763,6,0.994885279826356,from-contamination-ocd-to-the-bbc,1115
120,0.1588235294117647,0.345679012345679,0.5423280423280423,2.6973684210526314,2.214689265536723,4,0.8062026177238718,extracts-of-my-life,2149
38,0.2716927453769559,0.4397905759162304,0.6387434554973822,2.975609756097561,2.4705882352941178,5,1.309571754606869,fear-of-death-writing-the-alphabet-and-the-importance-of-embracing-ocd,578
82,0.2264378199337549,0.3337765957446808,0.5837765957446809,2.718266253869969,2.2818181818181817,4,0.9558781692864173,succeeding-despite-ocd,1487
