n_words,n_triplets,n_nodes,n_edges,density,avg_degree,repetition_idx,max_edge_weight,mean_edge_weight,lscc_size,lscc_frac,lwcc_frac,avg_clustering,n_agents,n_events,n_targets,first_person_ratio,node_ttr,top_edges,slug,title
6634,3472,1487,3160,0.0014,4.67,0.0538,20,1.1,540,0.3631,0.9644,0.2931,182,619,686,0.1175,0.2141,i->be(20); i->feel(14); it->be(10); i->think(8); this->be(8); it->’(8); i->know(7); that->’(7); i->have(6); i->sit(6),living-with-a-monster,
1167,527,327,495,0.0046,3.22,0.0404,6,1.06,68,0.208,0.9021,0.2485,37,145,145,0.2125,0.3102,i->have(6); i->think(5); it->be(4); i->know(3); i->feel(3); this->be(3); i->be(2); i->start get(2); i->go(2); i->tell(2),my-ocd-journey,
1505,688,429,644,0.0035,3.21,0.0559,4,1.07,76,0.1772,0.8974,0.2618,47,201,181,0.1788,0.3118,be->afraid(4); i->lose(3); i->’d(3); bear->’ back(3); we->be(3); safe->secure(3); consciousness->be(3); i->say(2); i->take(2); i->be(2),sword-and-shield,
741,404,216,373,0.008,3.74,0.0697,4,1.08,46,0.213,0.9074,0.2982,29,85,102,0.1683,0.2673,i->be(4); it->be(3); i->feel(3); in front->it(3); they->in front(2); they->it(2); i->’m not(2); i->can not be(2); i->read(2); i->get(2),my-ocd-story-irrational-and-rational-themes,
2411,1255,587,1146,0.0033,4.28,0.0462,16,1.1,196,0.3339,0.9727,0.2715,47,254,286,0.1745,0.2339,i->be(16); i->worry(8); i->have(8); i->think(8); he->be(8); it->be(6); this->be(5); i->love(4); i->see(4); i->do not think(3),there-is-hope-for-me-and-for-you,
992,463,283,449,0.0056,3.27,0.0245,4,1.03,53,0.1873,0.8763,0.2951,40,120,123,0.121,0.3056,i->be(4); youneedto->know(3); what->in life(2); i->ask(2); i->’d(2); be->able(2); it->be(2); my brain->for every answer(2); at very least->something(2); at very least->with time(2),ocd-existential-questions-and-treatment,
852,346,238,329,0.0058,2.91,0.0395,4,1.05,36,0.1513,0.8655,0.2257,32,108,98,0.1618,0.3439,it->’(4); i->be(3); that->’(3); you->be(2); you->know(2); it->be not(2); right->first time(2); right->even hundredth(2); first time->even hundredth(2); be not->right(2),ocd-land,
700,345,230,329,0.0062,3.0,0.0486,2,1.05,21,0.0913,0.9435,0.2254,42,101,87,0.058,0.3333,i->let(2); i->from you(2); i->god(2); sit->on her bed(2); she->write(2); she->forget(2); she->do(2); she->wonder(2); she->be not(2); she->be(2),this-is-ocd,
1371,593,374,553,0.004,3.17,0.0452,9,1.07,26,0.0695,0.9332,0.2691,54,137,183,0.1501,0.3153,i->have(9); i->be(7); i->find(3); who->have(3); give->i(3); i->’ve find(2); i->know(2); i->spend(2); i->assault(2); i->ask(2),a-worthwhile-struggle-for-freedom,
1565,602,403,571,0.0035,2.99,0.0455,6,1.05,47,0.1166,0.9132,0.2308,59,167,177,0.1412,0.3347,i->be(6); yourself->into thought loop(3); i->be not(2); i->think(2); i->have(2); i->in my own dream(2); what->for dinner(2); what->last night(2); what->seem(2); for dinner->last night(2),somatic-ocd-and-the-fear-of-forever,
1565,689,397,644,0.0041,3.47,0.0497,6,1.07,71,0.1788,0.9572,0.2391,50,158,189,0.1567,0.2881,i->be(6); it->be(5); i->have(4); i->tell(4); i->make(3); tell->she(3); i->feel(2); i->die(2); i->think(2); i->start(2),my-no-googling-symptoms-rule,
1642,913,448,839,0.0042,4.08,0.0524,12,1.09,108,0.2411,0.9598,0.2573,55,198,195,0.1698,0.2453,it->be(12); i->be(7); i->feel(6); i->think(6); i->have(5); be->asshole(3); i->be not(3); at their nail->that way(3); football->my life(3); it->feel(2),toughness-and-beauty-in-ocd-recovery,
2524,1445,664,1272,0.0029,4.35,0.0778,25,1.14,144,0.2169,0.9774,0.2696,79,282,303,0.1758,0.2298,i->be(25); tell->i(11); this->be(10); i->make(6); i->have(6); i->’m(5); my mind->tell(5); i->’d(4); i->cry(4); i->know(4),in-my-mind-there-was-a-war,
691,285,203,268,0.0065,2.81,0.0448,4,1.06,26,0.1281,0.8719,0.2361,30,82,91,0.2246,0.3561,it->be(4); i->be(4); i->feel(3); ocd->be(2); be->part(2); i->spend(2); i->get(2); i->convince(2); i->work hard(2); i->have(2),the-warrior-within,
1851,908,464,812,0.0038,3.91,0.069,13,1.12,89,0.1918,0.9763,0.2653,57,192,215,0.1751,0.2555,i->be(13); i->feel(8); i->have(6); i->find(5); i->remember(5); i->confess(4); this->be(3); i->question(3); i->think(3); it->be(3),this-is-my-story-but-it-is-still-being-written,
1543,719,414,662,0.0039,3.47,0.0498,12,1.09,81,0.1957,0.9638,0.2812,41,166,207,0.1933,0.2879,i->be(12); i->have(7); it->be(4); give->i(4); i->know(3); i->see(3); that->be(3); she->give(3); crossword puzzle->with cup(3); i->get(2),that-is-progress-and-that-is-a-good-day,
1361,603,309,520,0.0055,3.9,0.0962,11,1.16,71,0.2298,0.9741,0.2425,38,132,139,0.2023,0.2562,i->be(11); i->think(6); i->get(6); i->have(5); i->become(5); that->be(5); be->gay(4); i->share(3); i->know(3); i->see(3),we-are-not-the-only-ones-with-these-thoughts,
991,398,254,367,0.0057,3.13,0.0409,6,1.08,2,0.0079,0.9567,0.2261,21,114,119,0.2085,0.3191,i->be(6); it->be(6); i->know(5); it->’(4); i->’m(3); i->have(3); this->be(3); i->feel(2); i->do(2); be->obsession(2),my-acceptance-of-its-permanence,
1629,792,411,710,0.0042,3.85,0.0789,13,1.12,60,0.146,0.9684,0.2872,50,166,195,0.1742,0.2595,i->be(13); i->feel(6); i->have(5); i->think(3); i->short translation(3); that book->about ocd(3); that book->last summer(3); about ocd->last summer(3); weird->weak(3); weird->nuisance(3),im-getting-there,
3215,1551,740,1419,0.0026,4.19,0.05,24,1.09,224,0.3027,0.9757,0.265,85,301,354,0.1754,0.2386,i->be(24); i->feel(17); i->have(7); i->’m(6); i->do(4); i->make(4); i->’d(4); it->be(4); he->be(4); i->get(3),i-stepped-onto-the-road-to-recovery,
441,197,132,185,0.0107,2.98,0.0649,2,1.06,14,0.1061,0.9242,0.1938,21,54,57,0.1777,0.335,i->yesterday could not(2); i->today could(2); i->see(2); i->have(2); i->think(2); yesterday could not->yesterday(2); today could->today(2); one->on top(2); it->be(2); my storywith emetophobia->fear(2),yesterday-i-couldnt-today-i-could,
2699,1192,638,1069,0.0026,3.74,0.0711,11,1.12,108,0.1693,0.9624,0.2357,79,257,302,0.1518,0.2676,i->have(11); i->be(8); it->be(6); i->go(6); i->take(5); i->think(5); you->’re not(4); obsession->follow(4); ’re not->alone(4); i->run(3),i-assumed-that-this-ocd-was-too-weird,
1010,446,271,417,0.0057,3.29,0.0432,5,1.07,40,0.1476,0.9705,0.243,32,112,127,0.2063,0.3038,i->be(5); i->do(4); i->know(4); i->go(4); i->get(3); you->be(3); be->ocd(2); i->feel(2); i->think(2); i->find(2),i-am-growing-and-so-are-you-finding-beauty-in-ocd-growth,
2389,1225,592,1080,0.0031,4.14,0.0676,19,1.13,163,0.2753,0.9848,0.2929,51,231,310,0.1812,0.2416,i->be(19); i->have(12); tell->i(7); i->tell(6); it->be(6); he->be(6); i->feel(4); i->get(4); i->think(4); i->lesbian(4),a-human-mental-health-issue,
1277,635,338,573,0.005,3.76,0.0698,6,1.11,61,0.1805,0.9704,0.2567,31,153,154,0.1984,0.2661,i->be(6); i->think(5); it->be(4); i->say(4); i->go(4); i->have(4); she->be(3); i->remember(3); i->tell(3); i->wait(3),my-post-partum-ocd,
1973,925,474,831,0.0037,3.9,0.0469,17,1.11,138,0.2911,0.981,0.2014,41,221,212,0.2335,0.2562,i->be(17); i->feel(13); i->have(9); i->think(7); it->be(5); be->gay(5); i->realize(4); i->get(4); be->attractive(4); i->could not figure(3),wedding-bells-or-alarm-bells,
1333,585,361,554,0.0043,3.24,0.0397,9,1.06,32,0.0886,0.9418,0.2934,56,143,162,0.1368,0.3085,i->have(9); i->be(4); i->think(2); i->jealous(2); i->do(2); i->take(2); i->go(2); i->know(2); ocd->whole time(2); thing->be(2),ocd-realization-the-long-story,
5479,2930,1251,2661,0.0017,4.68,0.0571,34,1.1,454,0.3629,0.9728,0.2947,142,528,581,0.1444,0.2135,i->be(34); i->have(19); it->be(19); i->do(11); i->go(7); i->know(7); i->think(6); i->believe(4); i->work(4); i->leave(4),life-along-the-path-of-obsessive-compulsive-disorder,
828,376,239,345,0.0061,3.15,0.0609,7,1.09,29,0.1213,0.9749,0.2263,25,105,109,0.1436,0.3178,it->be(7); i->be(4); be->what(3); i->feel(3); ocd->be(3); i->find(2); i->hear(2); i->doubt(2); that->’(2); supportive->well meaning(2),keep-strong-it-gets-better,
1122,652,313,577,0.0059,4.17,0.0745,10,1.13,59,0.1885,0.9872,0.2594,32,137,144,0.1365,0.24,i->be(10); it->be(4); people->thought(4); -avoiding object->people(4); -avoiding object->thought(4); i->believe(3); i->say(3); i->feel(3); i->recognize(3); be->evil(3),psychic-scrupulosity-evil-spirits-and-bad-vibes,
2855,1413,678,1247,0.0027,4.17,0.0666,14,1.13,201,0.2965,0.9425,0.2377,76,305,297,0.1691,0.2399,i->be(14); it->be(14); i->feel(10); i->think(8); i->have(5); i->know(5); i->go(5); i->at end(5); that->be(4); friend->part(4),it-wasnt-easy-but-i-could-feel-myself-getting-better,
2238,945,532,886,0.0031,3.55,0.0429,9,1.07,62,0.1165,0.9737,0.2947,54,220,258,0.182,0.2815,i->feel(9); i->be(8); i->’m(6); i->have(3); i->go(3); it->be(3); more intimate relationship->on regular basis(3); i->’ve feel(2); i->feel back(2); i->’ve do(2),reflections-on-relapse,
1371,726,378,651,0.0046,3.84,0.0722,9,1.12,50,0.1323,0.9603,0.2841,34,149,195,0.2163,0.2603,i->be(9); i->know(7); i->have(6); i->become(5); i->feel(4); that->help(4); i->obsess(3); i->ask(3); i->live(3); i->get(3),i-have-hope-now,
576,266,174,241,0.008,3.06,0.0705,9,1.1,4,0.023,0.954,0.2328,18,78,78,0.2293,0.3271,i->be(9); i->’d(3); i->do(2); i->have(2); i->say(2); be->dangerous criminal(2); clean->they(2); hour->by seven(2); hour->phrase(2); hour->to everything(2),i-worked-hard-every-single-day,
1187,585,335,537,0.0048,3.49,0.0428,11,1.09,55,0.1642,0.9672,0.2353,37,147,151,0.2085,0.2863,i->be(11); it->be(6); i->write(5); i->have(4); i->know(4); i->feel(3); it->’(3); myintrusive thought->bad thought(3); what->what lifestyle(3); very different->highly sensitive(3),the-intangible-demons-in-my-head,
510,242,149,230,0.0104,3.25,0.0391,5,1.05,9,0.0604,0.9799,0.2468,17,68,64,0.2066,0.3079,i->be(5); i->have(2); i->through whole thing(2); it->be(2); it->get(2); all->secondary school year(2); all->my head(2); secondary school year->my head(2); hard->for she(2); i->battle(1),my-ocd-took-all-of-my-primary-school-years,
2759,1416,664,1294,0.0029,4.27,0.0526,11,1.09,127,0.1913,0.9774,0.2605,62,267,335,0.1857,0.2345,i->be(11); i->think(9); i->feel(8); i->know(8); i->have(7); it->be(6); i->make(5); i->become(4); i->still have(4); i->check(4),baby-steps,
627,309,186,281,0.0082,3.32,0.0676,6,1.1,19,0.1022,1.0,0.206,15,87,84,0.2557,0.301,i->have(6); i->be(5); i->’m(3); i->do(3); i->do not know(2); i->think(2); i->love(2); i->find(2); i->know(2); much->about ocd(2),our-thoughts-do-not-define-who-we-are,
1053,465,274,416,0.0056,3.39,0.0793,12,1.12,39,0.1423,0.9453,0.2014,36,120,118,0.2194,0.2946,i->be(12); i->have(4); i->find(4); i->know(3); be->year old(3); i->have give(2); i->get(2); i->feel(2); be->true(2); what->happen(2),living-with-brian,
783,312,225,290,0.0058,2.77,0.0621,3,1.08,8,0.0356,0.9333,0.1854,43,99,83,0.141,0.3606,be->just ocd(3); it->’(3); i->get(3); god->i(3); draw near->to god(2); you->stop(2); you->try act(2); it->be(2); i->know(2); i->pray(2),ocd-and-the-prince-of-peace,
1366,615,376,573,0.0041,3.27,0.0576,6,1.07,49,0.1303,0.891,0.3112,67,162,147,0.1268,0.3057,i->be(6); tell->i(4); i->what(3); it->be(3); my mind->tell(3); i->fake(2); i->one(2); it->in right spot(2); you->real(2); my ocd->creature(2),taking-ocd-for-a-drive,
1907,975,470,849,0.0039,4.15,0.086,6,1.15,97,0.2064,0.9638,0.3085,47,202,221,0.1292,0.241,i->be(6); i->not know(6); i->now know(5); these scary thought->all possible variation(5); these scary thought->he(5); all possible variation->he(5); i->do(4); it->be(4); you->’re(4); you->stay(4),my-ocd-story-part-one-living-with-ocd,
3534,1794,780,1565,0.0026,4.6,0.0818,15,1.15,209,0.2679,0.9872,0.274,77,341,362,0.1371,0.2174,i->be(15); this->be(10); i->have(8); i->feel(8); it->be(8); i->think(7); i->know(6); it->’(6); that->’(6); i->find(5),80-happiness-and-20-fleeting-what-ifs,
1809,917,463,824,0.0039,3.96,0.074,8,1.11,89,0.1922,0.9417,0.2485,43,208,212,0.1614,0.2525,you->be(8); i->be(7); be->who(6); i->know(6); it->’(5); be->people(3); be->you(3); it->take(3); i->have(3); i->go(3),time-to-stop-hiding,
1295,653,347,604,0.005,3.76,0.0613,5,1.08,77,0.2219,0.9683,0.2985,41,139,167,0.1455,0.2657,i->have(5); i->be(4); i->confess(4); i->lie(3); i->do(3); i->to post - natal phycologist(3); which->as way(3); crazy->bad(3); i->’m(2); i->seek(2),recovering-from-postnatal-ocd,
2993,1614,691,1398,0.0029,4.67,0.1023,10,1.15,246,0.356,0.9768,0.264,61,321,309,0.1599,0.2141,i->be(10); i->feel(10); he->be(9); i->know(7); it->be(7); i->think(6); i->have(4); i->get(4); i->see(4); i->he(4),my-still-undiagnosed-ocd-story,
1419,601,360,547,0.0042,3.34,0.0622,8,1.1,77,0.2139,0.9361,0.1887,47,169,144,0.2047,0.2995,i->be(8); i->’m(5); i->feel(4); you->leave(4); leave->he(4); i->do not want leave(3); ’m->thankful(3); you->’re(3); my boyfriend->in order(3); that->be(3),the-one-you-should-keep,
2591,1154,623,1014,0.0026,3.7,0.0631,21,1.14,109,0.175,0.9599,0.247,59,256,308,0.1967,0.2699,i->be(21); i->have(16); it->be(14); it->’(8); i->think(7); i->do(5); i->make(5); i->go(5); i->feel(4); that->be(4),the-illness-that-haunted-my-life,
2036,1138,494,1058,0.0043,4.61,0.0624,9,1.08,123,0.249,0.9818,0.348,65,189,240,0.0404,0.217,it->be(9); yourself->this(4); they->be(3); sudden thought->fleeting thought(3); intrusive thought->sudden thought(3); intrusive thought->fleeting thought(3); some non->- existent deep meaning(3); you->to beauty(2); you->variety(2); you->yourself(2),ocd-collapse-and-rebuilding,
2383,1137,563,1034,0.0033,4.04,0.0629,10,1.1,112,0.1989,0.9734,0.2643,71,245,247,0.1583,0.2476,it->be(10); i->be(8); i->have(7); i->’m(5); i->think(4); i->know(4); in my have->same(4); i->find(3); i->go(3); i->live(3),summer-2015,
2755,1281,689,1151,0.0024,3.72,0.0513,28,1.11,120,0.1742,0.9666,0.2268,66,305,318,0.2373,0.2689,i->be(28); i->have(12); i->go(10); i->become(7); be->sick(5); it->be(5); i->feel(4); i->vomit(4); i->see(4); i->convince(3),facing-my-fears-with-cbt,
1203,557,320,488,0.0048,3.48,0.0758,10,1.14,33,0.1031,0.9437,0.2189,30,148,142,0.2585,0.2873,i->be(10); i->get(7); i->’m(7); i->have(6); i->think(5); i->tell(4); i->do(4); it->be(4); i->feel(3); i->write(2),im-standing-im-living,
1295,560,332,514,0.0047,3.37,0.0623,11,1.09,38,0.1145,0.9398,0.2783,49,119,164,0.1375,0.2964,i->be(11); i->think(4); be->year old(3); i->feel(3); our gene->into next generation(3); overcome ocd->be not(2); be not->fight(2); be->act(2); be->fight(2); be->interested(2),overcoming-ocd-is-not-a-fight-is-an-act-of-love,
1560,793,435,719,0.0038,3.65,0.0834,5,1.1,20,0.046,0.9494,0.2687,41,188,206,0.1803,0.2743,i->have(5); i->be(5); it->be(4); i->know(3); i->’m not(3); i->write(3); i->make(3); i->find(3); my phone->for time(3); i->act way(2),just-another-day-and-new-realities,
1053,470,276,432,0.0057,3.41,0.0602,8,1.09,16,0.058,0.9529,0.2733,32,120,124,0.1979,0.2936,i->be(8); i->make(5); she->be(4); be->ok(3); i->now consider well(2); i->think(2); i->see(2); i->work hard(2); i->become(2); i->say(2),90-better-from-ocd,
2904,1714,712,1539,0.003,4.81,0.0702,18,1.11,189,0.2654,0.9817,0.2937,79,307,326,0.1447,0.2077,i->be(18); i->have(12); it->be(10); i->think(6); it->be not(6); this->be(6); i->find(4); it->’(4); fill->i(4); full picture->she(4),learning-to-give-thoughts-less-attention,
2190,922,502,817,0.0032,3.67,0.0636,17,1.13,96,0.1912,0.9661,0.2349,52,218,232,0.2072,0.2722,i->be(17); i->feel(10); i->think(8); i->go(8); you->be(6); i->have(5); that->doubt disease(4); i->do(3); i->tell(3); i->read(3),my-ocd-struggle,
693,399,215,345,0.0075,3.71,0.1217,6,1.16,8,0.0372,0.9535,0.2458,25,99,91,0.1278,0.2694,it->’(6); i->be(5); this->be(3); gay->for few minute(3); gay->for day(3); dick->at time(3); tv show->movie(3); this->still do(2); be->to this day(2); be->gay(2),free-at-last,
1600,770,405,708,0.0043,3.8,0.048,11,1.09,86,0.2123,0.958,0.322,40,165,200,0.1857,0.263,i->feel(11); i->have(8); i->be(6); i->’d(6); i->experience(3); i->be not(3); have->psychotic attack(3); evil->deserving(3); to toilet->day(3); person ’s recovery->require let go(2),embracing-uncertainty-in-ocd-recovery,
679,293,178,241,0.0076,3.29,0.0913,9,1.22,12,0.0674,0.9438,0.2831,23,74,81,0.1604,0.3038,check->-(9); check->re(9); re->-(9); i->be(5); i->get(3); it->be(3); get->sick(3); -->-(3); -->re(3); re->re(3),help-hope-and-healing,
1268,539,315,481,0.0049,3.42,0.0707,7,1.12,63,0.2,0.9556,0.2066,41,135,139,0.2096,0.2922,i->’m(7); i->be(7); i->say(5); i->have(5); i->see(5); it->be(3); i->become(3); i->realize(3); ’m->able(3); every night->most night(3),punching-ocd-in-the-face,
116,104,47,91,0.0421,4.43,0.1319,3,1.14,3,0.0638,0.9149,0.3324,6,20,21,0.1154,0.226,to bad thought->in my headsometime(3); i->feel(2); mess->little bit(2); queen->pain(2); queen->in my chestbreathe(2); queen->to bad thought(2); queen->in my headsometime(2); pain->in my chestbreathe(2); pain->to bad thought(2); pain->in my headsometime(2),present-moment-a-poem,
1208,597,321,540,0.0053,3.72,0.0889,5,1.11,27,0.0841,0.9844,0.2642,34,138,149,0.1541,0.2688,it->be(5); quick->easy(5); it->take(3); i->get(3); be->ocd(3); you->remember(2); you->about my experience(2); you->be(2); remember->this(2); remember->in many case(2),taming-olivia,
2036,1033,488,940,0.004,4.23,0.0585,9,1.1,117,0.2398,0.9959,0.3057,48,218,222,0.1791,0.2362,i->be(9); i->have(8); it->be(7); i->sure(4); i->do not hurt(4); i->make(4); i->think(4); i->feel(4); it->’(4); tell->i(4),it-started-as-a-thought-of-hit-and-run,
765,374,205,335,0.008,3.65,0.0567,6,1.12,49,0.239,0.9561,0.2127,24,93,88,0.2193,0.2741,i->get(6); i->feel(6); it->be(6); i->be(5); i->have(5); i->’m(3); get->old(3); i->hat(2); i->’d(2); i->break(2),taking-the-necessary-steps-to-recovery,
871,415,243,377,0.0064,3.42,0.0637,6,1.1,37,0.1523,0.9424,0.2226,37,106,100,0.1542,0.2928,it->be(6); be->thatif(4); be->like ocd(4); thatif->like ocd(4); i->feel(4); i->have(3); most help->you(3); another important thing->keep(2); another important thing->be(2); keep->in mind(2),recovery-through-faith-and-exposure,
1607,662,420,612,0.0035,3.15,0.0637,5,1.08,80,0.1905,0.9262,0.2054,51,185,184,0.1662,0.3172,i->know(5); it->be(4); it->’(4); i->have(3); i->’d(3); his dissertation->his responsibility(3); she->’(3); you->can expend(2); you->can choose settle(2); can expend->precious energy(2),how-do-you-know-its-right,
2334,1004,560,939,0.003,3.59,0.0479,6,1.07,112,0.2,0.9625,0.2648,77,224,259,0.1524,0.2789,i->deal(6); i->be(6); it->be(6); i->have(4); i->get(4); i->be not(3); i->lose(3); i->as person(3); lose->control(3); my disorder->do not define(2),my-disorder-does-not-define-me,
835,368,227,329,0.0064,3.24,0.0881,7,1.12,3,0.0132,0.9383,0.3313,33,82,112,0.1766,0.3084,i->be(7); it->be(4); i->have(3); i->be not(3); i->learn(3); be->lot(2); be->so bad(2); be->platform(2); lot->gain(2); know->in same ship(2),ocd-focused-on-racism-and-anti-semitism,
1260,626,321,534,0.0052,3.9,0.1161,13,1.17,47,0.1464,0.9564,0.2399,37,148,136,0.1917,0.2564,i->be(13); it->be(5); some->from podcast(4); some->on ocd story(4); from podcast->on ocd story(4); i->get(3); i->think(3); you->get(3); be not->*(3); this->be(3),lessons-learned-from-relationship-focused-ocd,
1983,949,479,850,0.0037,3.96,0.0706,10,1.12,128,0.2672,0.9562,0.2529,58,220,201,0.1802,0.2524,i->be(10); i->have(8); fear->fear(7); i->know(5); i->want(4); i->think(4); i->do(4); it->be(4); certain time->aloud(4); i->feel(3),conquering-my-battle,
681,304,188,275,0.0078,3.23,0.0691,6,1.11,42,0.2234,0.9362,0.187,14,83,91,0.2138,0.3092,she->be(6); i->get(4); i->go(4); i->be(3); i->have(3); be->time(2); i->’m(2); i->watch(2); i->take(2); i->think(2),it-started-with-a-thought,
2057,1071,500,957,0.0038,4.28,0.0878,11,1.12,157,0.314,0.974,0.2548,57,221,222,0.1429,0.2334,i->be(11); i->have(5); i->think(4); i->do(4); this->be(4); you->can imagine(4); much->i(4); i->know(3); i->’m(3); it->be(3),the-ocd-burglar,
1933,848,498,791,0.0032,3.41,0.043,11,1.07,42,0.0843,0.9237,0.2476,63,209,226,0.1686,0.2936,i->be(11); it->be(8); i->become(6); i->have(4); you->feel(3); myself->each day(3); it->into my life(2); it->every single day(2); be->it(2); i->eat(2),little-victories,
2406,1318,541,1097,0.0038,4.87,0.1212,13,1.2,144,0.2662,0.9556,0.2945,61,230,250,0.1502,0.2052,i->be(13); they->as thoughts(9); i->have(8); it->be(8); i->think(6); nothing->they(6); i->can have(4); i->do(4); i->they(4); it->come(4),finding-a-way,
1663,691,431,639,0.0034,3.21,0.0469,9,1.08,58,0.1346,0.9327,0.2023,65,182,184,0.1664,0.3119,i->be(9); i->have(5); way->be(4); i->feel(4); this->be(4); be->ocd(3); i->think(3); i->learn(3); valuable->in planned way(3); valuable->for people(3),ocd-or-recovery-the-choice,
890,381,258,356,0.0054,2.95,0.059,4,1.07,1,0.0039,0.907,0.2813,42,107,109,0.2047,0.3386,i->do not know(4); i->be(3); i->think(3); lot->can happen(2); can happen->in hour(2); i->focus(2); i->have(2); i->realize(2); i->write(2); focus->on minute(2),transmuting-pain-into-art,
954,505,305,477,0.0051,3.31,0.0294,9,1.06,69,0.2262,0.9475,0.2061,38,150,117,0.1525,0.302,it->’(9); i->know(5); i->be(4); i->see(3); you->know(3); it->be(2); i->think(2); i->feel(2); ocd->last year(2); you->think(2),the-rise-and-fall-of-ocd,
1188,518,331,487,0.0045,3.13,0.0513,4,1.06,38,0.1148,0.9063,0.2326,39,137,155,0.1815,0.3195,i->do(4); i->be(3); i->know(3); be->what(3); it->for monster(3); i->learn discard(2); i->must be(2); i->have(2); i->’m(2); i->see(2),the-millions-of-intrusive-thoughts-that-took-over-my-life,
369,182,100,152,0.0154,3.64,0.1184,13,1.2,1,0.01,0.9,0.1938,11,38,51,0.1264,0.2747,ocd->cause(13); normal->for person(3); ocd->be(2); cause->many thing(2); many thing->blue(2); i->be(2); i->look(2); my favorite color->many thing(2); my favorite color->blue(2); be->gay(2),ocd-caused-me-to,
1399,641,422,616,0.0035,3.04,0.0357,3,1.04,51,0.1209,0.8744,0.2499,76,171,175,0.117,0.3292,i->give(3); i->yearn(3); time->obsess(3); be->legion(2); i->whatever(2); i->have(2); i->for time(2); i->cling(2); i->can not live(2); reality->for i(2),in-the-midst,
624,338,187,298,0.0086,3.61,0.0906,6,1.13,2,0.0107,0.9679,0.2444,15,84,88,0.2456,0.2766,i->be(6); i->have(5); i->know(3); i->believe(3); i->feel(3); i->’m(3); this->be(3); in bed->all day(3); i->can get(2); i->obsess(2),on-the-road-to-recovery,
879,317,241,300,0.0052,2.63,0.0433,4,1.06,3,0.0124,0.7842,0.2521,31,90,120,0.2019,0.3801,i->be(4); it->be(3); number->in each school(3); i->continue look(2); i->deal(2); i->make(2); i->lack(2); i->have(2); continue look->for edge(2); deal->with ocd(2),early-memories-of-ocd,
723,305,188,269,0.0077,3.24,0.0595,9,1.13,29,0.1543,0.9628,0.3057,23,72,93,0.0951,0.3082,i->’m(9); ’m->jealous(9); it->’(3); i->feel(3); you->do not at least have(3); feel->selfish(3); might be->jealous(3); our adversity->trial(3); be->able(2); i->be(2),pit-of-despair,
824,385,218,342,0.0072,3.53,0.0848,11,1.13,40,0.1835,0.9679,0.1972,28,90,100,0.2078,0.2831,i->be(11); you->will be(3); will be->able(3); i->have(3); i->stay(3); lot->about another psychologist(3); you->just know(2); you->be not(2); just know->alone(2); be not->alone(2),from-ocd-to-university,
705,319,188,283,0.008,3.39,0.0707,8,1.13,12,0.0638,0.9574,0.151,19,84,85,0.2571,0.2947,i->be(8); i->think(5); i->feel(5); i->have(4); i->be not(3); i->do(3); you->may feel(2); you->will stick forever(2); you->be(2); may feel->hope(2),learning-in-recovery-from-ocd,
1001,417,270,373,0.0051,3.09,0.0831,10,1.12,8,0.0296,0.9259,0.2261,37,105,128,0.2326,0.3237,i->be(10); i->have(5); i->get(3); that->be(3); i->be nowhere(2); i->near completely recover(2); i->treat(2); i->be certainly each day(2); i->vomit(2); i->eat(2),it-all-started-when-i-was-3-years-old,
659,273,177,236,0.0076,3.08,0.0763,7,1.16,11,0.0621,0.8927,0.1994,27,70,80,0.2051,0.3242,i->have(7); it->be(7); i->be(5); this->be(4); i->become(3); i->think(3); i->know(3); have->ocd(3); i->will never quit(2); i->die(2),what-if-i-harm-my-child-an-ocd-story,
343,146,108,130,0.0112,2.7,0.1,5,1.12,2,0.0185,0.8704,0.1987,17,45,46,0.2123,0.3699,i->be(5); it->seem(2); seem->too weird(2); seem->embarrassing(2); seem->ridiculous(2); too weird->embarrassing(2); too weird->ridiculous(2); embarrassing->ridiculous(2); i->discover(2); i->lose(2),it-all-seemed-too-weird,
380,171,108,154,0.0133,3.17,0.1039,3,1.11,2,0.0185,0.9074,0.2686,19,40,49,0.1287,0.3158,i->be(3); she->confirm again time(2); confirm again time->to i(2); confirm again time->again time(2); confirm again time->time(2); confirm again time->on these intrusive thought(2); to i->again time(2); to i->time(2); to i->on these intrusive thought(2); again time->time(2),my-pure-o-and-harm-ocd-story,
633,330,163,280,0.0106,4.05,0.1143,7,1.18,9,0.0552,0.9387,0.3361,16,67,80,0.1303,0.247,i->be(7); your fault->ocd(5); ocd->someone ’s fault(4); it->’ not(3); your fault->someone ’s fault(3); you->have(3); have->ocd(3); i->know(3); i->think(3); that->’(3),meditation-and-other-methods-my-ocd-recovery,
544,189,142,179,0.0089,2.66,0.0447,4,1.06,7,0.0493,0.7606,0.2501,25,58,59,0.1481,0.3757,i->be(4); tell someone->not go fix(2); tell someone->itisthe first step(2); not go fix->problem(2); itisthe first step->not go fix(2); i->do(2); it->be(2); be all->in my mind(2); scary moment->be(1); be->for i(1),you-deserve-to-be-happy,
326,159,102,140,0.0136,3.12,0.0786,5,1.14,4,0.0392,0.8235,0.2267,15,47,40,0.0818,0.3208,tell->you(5); you->you(4); you->doubt(3); you->worthless(3); doubt->you(3); you->have(2); for some time->for my now old son(2); i->be(2); it->tell(2); give->you(2),dear-ocd,
2756,1304,712,1222,0.0024,3.66,0.0516,6,1.07,71,0.0997,0.9396,0.245,108,284,320,0.0836,0.273,it->be(6); i->find(4); i->wonder(4); he->go(4); i->be(3); i->look(3); he->say(3); my husband->i(3); we->be(3); make even->thing(3),a-mothers-journey-helping-her-son-recover-from-ocd,
1674,797,485,742,0.0032,3.29,0.0499,14,1.07,21,0.0433,0.9773,0.2723,56,197,232,0.187,0.3043,i->be(14); i->know(4); i->have(4); i->feel(3); bad->over time(3); other->may not be(2); may not be->quick(2); i->ask(2); i->become(2); i->obsess(2),the-daily-struggle-have-hope,
1785,795,435,711,0.0038,3.66,0.0717,14,1.12,63,0.1448,0.9724,0.2693,56,164,215,0.1358,0.2736,i->be(14); it->be(7); this->be(6); i->have(5); i->go(5); i->worry(4); i->find(3); go->to hell(3); which->gay(3); fight->ocd(3),the-ocd-rabbit-hole,
389,169,116,158,0.0118,2.91,0.0633,3,1.07,18,0.1552,0.8534,0.1859,18,54,44,0.1893,0.3432,i->have(3); what i ’ve learn from therapy->be(2); be->guilty(2); i->not feel(2); not feel->guilty(2); have->these thought(2); have->feeling(2); these thought->feeling(2); they->do not define(2); do not define->i(2),the-ocd-nightmare,
977,414,278,370,0.0048,2.98,0.0757,7,1.12,5,0.018,0.9065,0.2135,40,110,128,0.2295,0.3357,i->’d(7); these feeling->thought(5); i->be(4); these feeling->as gospel(4); thought->as gospel(4); i->still have(3); certain question->doubt(3); i->’ve start realize(2); i->not take(2); i->know(2),a-strange-thing-to-talk-about-my-life-with-ocd,
479,215,126,186,0.0118,3.41,0.1022,7,1.16,8,0.0635,0.9603,0.2636,12,48,66,0.2558,0.293,i->have(7); i->feel(6); i->be(3); i->recover(2); i->begin(2); i->want get(2); i->do(2); i->think(2); i->notice(2); i->to my ocd(2),the-blessing-of-accepting-uncertainty-in-ocd,
453,169,129,161,0.0098,2.62,0.0311,4,1.05,5,0.0388,0.845,0.14,22,56,51,0.2189,0.3817,it->be(4); i->be(3); so fight welcome->to everyone(2); i->write(2); i->steal(2); i->’ve always love(1); i->could type(1); i->anytime think(1); i->doubt(1); i->often be(1),petrified-of-plagiarism,
1583,681,417,633,0.0036,3.27,0.049,8,1.08,47,0.1127,0.9233,0.2243,44,189,184,0.2261,0.3062,i->have(8); i->be(4); i->see(4); i->tell(3); i->do(3); i->feel(3); i->say(3); i->make(3); myself->this essay(3); tell->myself(3),on-avoiding-writing-this-essay,
388,190,117,177,0.013,3.25,0.0678,3,1.07,1,0.0085,0.9402,0.3124,15,46,56,0.1684,0.3079,erp->act(3); i->now embrace(2); i->’m(2); i->do(2); now embrace->uncertainty(2); be->every step(2); stove top->door lock(2); stove top->light(2); door lock->light(2); some->be(2),beating-ocd-by-embracing-uncertainty,
970,395,252,362,0.0057,3.13,0.0718,6,1.09,33,0.131,0.9325,0.2568,37,112,103,0.1367,0.319,i->be(6); i->have(4); my obsession->any other associated physiological sensation(3); i->now share(2); i->prove(2); now share->my story(2); now share->with people(2); my story->with people(2); who->still struggle(2); who->hand(2),emotional-abusive-relationship-with-somatosensory-ocd,
1413,788,389,655,0.0043,4.05,0.1603,6,1.2,39,0.1003,0.9434,0.2767,46,155,188,0.1168,0.2468,this->be(6); be->first time(6); this->with hope(4); people->with infectious disease(4); people->murderer(4); with infectious disease->murderer(4); you->’re(4); i->’m write(3); i->think(3); i->admit(3),taming-the-beast-ocd-body-dysmorphia-and-depression,
181,104,63,101,0.0259,3.3,0.0297,2,1.03,5,0.0794,0.9524,0.3536,15,21,27,0.0865,0.3029,ocd->anxiety(2); overcome->ocd(2); overcome->anxiety(2); anxiety->be(1); anxiety->ocd(1); anxiety->for past year(1); be->difficult(1); be->for some people(1); be->with it(1); be->really big discomfort(1),have-hope-in-ocd-recovery,
1654,653,400,588,0.0037,3.26,0.0731,13,1.11,24,0.06,0.9375,0.2554,53,157,190,0.2067,0.3063,i->be(13); i->terrify(4); i->go(4); be->gay(4); i->smoke(3); i->see(3); i->fail(3); i->make(3); it->be(3); ocd sufferer->can make(2),university-rugby-and-sexual-orientation-ocd,
1513,661,381,597,0.0041,3.47,0.0737,10,1.11,46,0.1207,0.9606,0.2381,48,172,161,0.1619,0.2882,it->be(10); i->do(5); it->’(4); she->tell(3); tell->i(3); i->think(3); i->be(3); i->feel(3); i->learn(3); that->’(3),from-abuse-and-ocd-to-travelling-the-world-and-inspiring-others,
335,141,101,127,0.0126,2.79,0.0787,4,1.11,2,0.0198,0.901,0.2158,19,40,42,0.1915,0.3582,i->have(4); i->come(3); come->to term(3); i->start see(2); i->gain(2); come->with fact(2); to term->with fact(2); thought->be just(2); be just->thought(2); to intrusive thought->in first place(2),my-40-year-journey-with-ocd,
1549,738,404,662,0.0041,3.65,0.0695,9,1.11,58,0.1436,0.9356,0.2632,46,172,186,0.1463,0.2737,i->be(9); i->have(9); i->think(6); i->hate(5); you->know(4); he->be(4); it->’(3); hate->my son(3); what->in life(3); father->complete(3),i-hate-you-an-ocd-obsession,
1542,702,368,618,0.0046,3.82,0.0777,12,1.14,68,0.1848,0.9783,0.1861,36,165,167,0.1752,0.2621,i->feel(12); i->be(11); you->have(5); i->hope(4); i->have(4); i->make(4); be->who(4); you->who(4); i->write(3); that->’(3),rational-and-irrational-parts,
1555,744,414,668,0.0039,3.59,0.0674,10,1.11,32,0.0773,0.9469,0.2446,50,177,187,0.1935,0.2782,i->be(10); it->be(9); i->feel(6); i->have(4); i->’d(4); i->get(4); this->be(4); i->realize(3); be->too afraid(3); be->my proud moment(3),february-fifteenth-my-obsession-with-obsession,
1279,619,349,565,0.0047,3.55,0.0743,6,1.1,39,0.1117,0.9226,0.2662,51,143,155,0.1454,0.2819,i->have(6); i->believe(5); i->be(4); be->something(3); ocd->be(3); it->be(3); i->paint(2); i->’d(2); i->think(2); i->give(2),ocd-recovery-i-am-going-to-achieve-my-dreams,
535,252,172,236,0.008,2.93,0.0593,3,1.07,4,0.0233,0.9535,0.1905,27,75,70,0.1706,0.3413,i->have(3); under water->in figurative sense(3); be->under water(2); be->in figurative sense(2); be->enough big(2); it->’(2); what->capable(2); from rooftop barbecue->yesterday(2); from rooftop barbecue->under water(2); from rooftop barbecue->in figurative sense(2),whack-a-mole-brain-a-poem,
861,392,224,360,0.0072,3.5,0.0583,11,1.09,35,0.1562,0.9554,0.2045,37,93,94,0.1454,0.2857,i->have(11); i->be(3); will tell->you(3); i->take away(2); i->remember(2); i->will tell(2); i->know(2); i->in wrong direction(2); i->continue sit(2); take away->that(2),ocd-wanted-it-not-me,
1020,500,281,455,0.0058,3.56,0.0527,11,1.1,55,0.1957,0.9075,0.2866,36,118,127,0.194,0.281,i->be(11); i->have(8); i->go(4); have->baby(3); my anorexia->from few blip(3); my anorexia->along way(3); from few blip->along way(3); i->tell(2); i->give(2); i->understand(2),maternal-ocd-and-facing-the-ocd-monster-head-on,
1045,526,289,480,0.0058,3.64,0.0688,5,1.1,38,0.1315,0.9619,0.2917,38,107,144,0.173,0.2747,i->have(5); i->get(5); it->be(4); i->be(4); i->fail(3); have->no idea(3); time->my hand(3); it->’(2); it->overconfidence(2); it->turn(2),ocd-and-education,
4128,2307,934,1996,0.0023,4.94,0.0907,28,1.16,302,0.3233,0.9839,0.3012,94,399,441,0.1495,0.2024,i->be(28); it->be(15); i->have(14); i->’m(13); what->about i(9); that->’(8); i->think(6); it->’(6); i->like(5); i->feel(5),standing-at-the-gate-of-the-journey,
3800,1756,886,1610,0.0021,3.96,0.0571,13,1.09,196,0.2212,0.9594,0.2439,100,402,384,0.1606,0.2523,i->be(13); it->be(9); i->have(6); i->know(5); we->believe(5); i->find(4); i->be not(4); i->realize(4); be->what(4); it->feel(4),my-ocd-transformation,
1100,472,292,425,0.005,3.23,0.0753,10,1.11,17,0.0582,0.8733,0.2475,40,116,136,0.178,0.3093,i->be(10); it->be(4); i->believe(3); i->’d(3); i->have(3); i->feel(3); ocd->be(3); i->let(2); i->terrify(2); i->go(2),postpartum-ocd-and-faith,
2612,1348,648,1211,0.0029,4.16,0.0776,13,1.11,115,0.1775,0.9599,0.2883,58,262,328,0.0045,0.2404,he->be(13); he->have(7); he->do(6); it->be(4); he->worry(4); he->say(4); he->tell(4); have->sex(4); fall->in love(4); possible->value(4),erics-ocd-story-version-2,
3477,1691,798,1525,0.0024,4.24,0.0597,40,1.11,173,0.2168,0.9699,0.2823,93,334,371,0.165,0.236,i->be(40); i->have(10); it->be(9); i->know(6); have->ocd(6); you->know(4); be->nothing(3); be->able(3); i->hate(3); i->terrify(3),my-naturopathic-ocd-recovery,
2629,1052,639,985,0.0024,3.29,0.0416,13,1.07,56,0.0876,0.9311,0.2691,72,270,297,0.1835,0.3037,i->be(13); it->be(6); i->feel(5); i->’m(4); i->do(3); i->think(3); i->with my meditation practice(3); i->onto spiritual path(3); help->i(3); my fear->be(3),glimpses-of-a-life-without-ocd,
934,422,233,366,0.0068,3.62,0.0984,8,1.15,16,0.0687,0.9485,0.2503,47,84,102,0.1493,0.2761,it->be(8); be->what(6); i->be(4); i->have(4); we->be(4); be->possible(3); you->be(3); i->be now(3); blasphemous fear->sexual fear(3); be->struggle(2),i-am-not-an-ocd-unicorn,
1731,910,423,782,0.0044,4.3,0.0895,12,1.16,123,0.2908,0.9764,0.2338,36,193,194,0.2209,0.2324,i->be(12); i->have(12); i->feel(7); be->wrong(7); what->be(7); i->go(6); he->say(6); it->be(5); have->ocd(4); he->be(4),parenting-with-intrusive-thoughts,
1323,586,351,546,0.0044,3.34,0.0604,4,1.07,62,0.1766,0.9117,0.3069,51,139,161,0.1041,0.2995,it->be(4); i->be(4); i->’m(3); in middle->in flood(3); ocd action->ocd uk(3); it->can always treat now(2); it->’(2); be always->great hope(2); last few year->be(2); be->good year(2),my-ocd-story-experience-hope-and-recovery,
848,365,225,335,0.0066,3.24,0.0567,6,1.09,30,0.1333,0.9778,0.2165,23,94,108,0.2082,0.3082,i->be(6); it->be(6); i->have(3); be not->alone(3); he->be(3); i->decide share(2); i->want(2); i->remember(2); i->cry(2); i->realize(2),postpartum-ocd-intrusive-thoughts-and-recovery,
297,129,88,122,0.0159,2.93,0.041,4,1.06,2,0.0227,0.9545,0.3525,13,28,47,0.1705,0.3411,i->be(4); be->so much well(2); be->in january(2); any unexpected noise->at night(2); she->be(2); i->do little know(1); i->in month(1); i->never dream(1); i->never ask(1); i->never expect(1),so-much-better-than-i-was,
878,355,247,331,0.0054,2.87,0.0574,5,1.07,6,0.0243,0.8745,0.279,32,96,119,0.1408,0.3479,it->be(5); it->’(4); i->show(2); show->those(2); it->’ all(2); be->just important(2); be->most convenient(2); you->can see(2); we->go(2); doctor->for antibiotic(2),a-true-paradox,
1583,696,414,656,0.0038,3.36,0.0412,11,1.06,63,0.1522,0.9517,0.2912,61,157,196,0.1379,0.2974,i->be(11); i->become(4); i->feel(3); it->be(3); these->course be(2); course be->just couple(2); course be->on long list(2); just couple->on long list(2); they->matter(2); matter->to i(2),ocd-the-monster-in-my-mind,
486,208,136,180,0.0098,3.06,0.1,8,1.16,25,0.1838,0.8529,0.1629,24,56,56,0.1827,0.3269,i->be(8); myself->as unique individual(4); i->tell(3); i->feel(3); go to therapy->also help(2); also help->myself(2); also help->as unique individual(2); i->accept(2); i->fear(2); i->of charlie brown ’s teacher(2),my-obsession-the-fear-of-farting,
1399,625,382,574,0.0039,3.27,0.0523,12,1.09,36,0.0942,0.9031,0.2769,59,142,181,0.176,0.3056,i->be(12); i->get(5); i->go(4); be->wrong(3); i->think(3); i->feel(3); i->lose(3); i->tell(3); my ex->i(3); what be important->be(2),chasing-calm-my-life-with-pure-ocd,
959,370,265,356,0.0051,2.79,0.0365,3,1.04,9,0.034,0.8792,0.2931,42,107,116,0.1838,0.3581,light->off right way(3); god->you(2); i->could not escape(2); i->go(2); i->have(2); i->think(2); i->touch(2); for some reason->light(2); for some reason->off right way(2); through bottle->after bottle(2),exiting-the-maze-a-spiritual-answer-to-psychological-chaos,
1747,764,413,673,0.004,3.7,0.0847,14,1.14,76,0.184,0.9613,0.2205,43,178,192,0.1361,0.2703,i->be(14); it->’(8); i->know(5); i->mean(5); it->be(4); you->’re(4); i->have(3); i->to psychiatric facility(3); i->wish(3); she->enjoy(3),my-road-to-recovery,
602,271,178,246,0.0078,3.04,0.0935,3,1.1,3,0.0169,0.9663,0.2292,31,76,71,0.1513,0.3284,i->lose(3); i->be(3); i->feel(2); lose->huge boulder(2); huge boulder->sit(2); sit->heavy(2); sit->on my shoulder(2); sit->in my heart(2); sit->for year(2); heavy->on my shoulder(2),what-if-im-a-paedophile,
342,142,96,127,0.0139,2.96,0.0787,6,1.12,5,0.0521,0.5312,0.2936,18,35,43,0.0352,0.338,he->have(6); stigma->barrier(3); people->do not choose(2); really well pay job->”“why(2); really well pay job->diabetes(2); ”“why->diabetes(2); be not->lifestyle(2); that->power(2); that->mystique(2); power->mystique(2),but-he-had-everything-to-live-for,
1431,682,359,621,0.0048,3.8,0.0676,8,1.1,89,0.2479,0.9582,0.2839,47,148,164,0.1261,0.2632,i->be(8); i->have(6); you->be(4); have->ocd(4); it->be(4); be->what(3); i->think(3); who->have(3); you->be never(2); you->feel(2),learning-to-live,
573,249,171,229,0.0079,2.91,0.0611,4,1.09,5,0.0292,0.9532,0.227,23,72,76,0.1446,0.3434,it->be(4); i->crazy(3); for help->from my friend(3); my thought->onto paper(3); life->be(3); never feel->ashamed(2); card->deal(2); i->’m(2); i->be(2); his flow word->i(2),me-and-my-bully,
875,394,256,372,0.0057,3.08,0.0511,4,1.06,23,0.0898,0.9805,0.2708,33,102,121,0.1929,0.3249,i->be(4); who->be(3); i->hope(2); i->see(2); i->now know(2); i->friend(2); i->send(2); i->feel(2); i->have(2); hope->to it(2),the-intruder,
831,360,251,336,0.0054,2.87,0.0536,8,1.07,3,0.012,0.8725,0.2508,30,107,114,0.175,0.3486,i->be not(8); i->can acknowledge(2); i->have(2); i->wish(2); i->be(2); i->need(2); can acknowledge->my thought(2); be not->my thought(2); be not->my obsession(2); be not->my compulsion(2),recovering-from-ocd-one-day-at-a-time,
2441,1265,638,1185,0.0029,3.97,0.0506,8,1.07,125,0.1959,0.9389,0.2976,87,264,287,0.132,0.2522,i->be(8); i->check(6); it->be(6); i->go(4); i->find(3); it->be not(3); it->today(3); end->to it(3); ocd->bring(2); i->do not think(2),ocd-is-not-a-disease-that-bothers-its-a-disease-that-tortures,
551,236,156,213,0.0088,3.03,0.061,6,1.11,2,0.0128,0.9551,0.3101,19,62,75,0.2415,0.3305,i->feel(6); i->be(5); more positive->in year(4); i->take(3); my therapeutic journey->barely begin(2); barely begin->more positive(2); barely begin->in year(2); i->have(2); i->let(2); i->go(2),the-fear-of-bad-things-and-the-optimism-of-recovery,
738,312,192,273,0.0074,3.25,0.1209,5,1.14,29,0.151,0.9896,0.1752,22,92,78,0.2436,0.3077,i->be(5); i->have(4); i->do(3); i->can say(2); i->know(2); i->start(2); i->feel(2); i->make(2); i->get(2); i->go(2),overcoming-ocd-and-ptsd,
1143,577,322,528,0.0051,3.58,0.0739,5,1.09,37,0.1149,0.9068,0.3052,35,135,152,0.1664,0.279,it->be(5); to people->mess(4); possible->your life(3); i->go(3); i->be(3); goal->myself(3); 12th august->day(3); it->be gain(2); it->be not(2); be gain->possible(2),ocd-and-emetophobia-gaining-my-life-back,
618,267,184,246,0.0073,2.9,0.0732,5,1.09,14,0.0761,0.9022,0.2061,20,83,81,0.2172,0.3446,i->be(5); i->try share(2); i->have(2); i->know(2); try share->my story(2); try share->at every possible opportunity(2); try share->through my writing(2); try share->through talk(2); my story->at every possible opportunity(2); my story->through my writing(2),defeating-the-pain-of-ocd,
1207,535,319,487,0.0048,3.35,0.0575,8,1.1,15,0.047,0.9561,0.231,45,139,135,0.2168,0.2981,i->be(8); i->know(6); it->be(5); for year->name(4); with what->for year(4); with what->name(4); i->live(3); i->always know(2); i->do(2); i->cut(2),living-with-obsessive-compulsive-disorder,
857,378,225,335,0.0066,3.36,0.0985,5,1.13,16,0.0711,0.9378,0.1645,34,96,95,0.1164,0.2976,plan->you(5); ocd->be(4); give->plan(4); give->you(4); i->have(3); i->think(2); i->do not know(2); i->be(2); i->get(2); it->go(2),ignorance-total-annihilation-two-odd-supports-for-ocd-recovery,
51,11,17,11,0.0404,1.29,0.0,1,1.0,1,0.0588,0.4118,0.0,5,8,4,0.2727,0.7727,be->so many benefit(1); have->ocd haley(1); bravely share->her story(1); we->find(1); we->hope(1); hope->in haley ’s story(1); you->do too(1); you->find(1); such topic->come(1); i->hope(1),harm-ocd-religious-ocd-recovery-from-them-haleys-ocd-story,
431,171,120,158,0.0111,2.85,0.0696,3,1.08,7,0.0583,0.9583,0.2389,14,56,50,0.2573,0.3509,i->be(3); i->work(3); my ocd->be still(2); my ocd->under control(2); be still->with this fallback prevention(2); be still->at livable level(2); with this fallback prevention->at livable level(2); i->have(2); i->check(2); i->know(2),pien-suffers-from-obsessive-compulsive-disorder,
1115,514,298,458,0.0052,3.45,0.0764,12,1.12,2,0.0067,0.9463,0.2759,35,121,142,0.216,0.2899,i->be(12); it->be(6); who->today(4); i->do(3); i->become(3); few people->rid(3); my friend->family(3); acceptance->commitment therapy(3); i->recently interview(2); i->ask(2),from-contamination-ocd-to-the-bbc,
2149,999,538,894,0.0031,3.71,0.0794,8,1.12,128,0.2379,0.9572,0.2236,69,226,243,0.1391,0.2693,i->have(8); i->be(6); it->be(6); i->feel(5); this->be(4); be->what(4); i->get(4); get->help(4); be->breakthrough moment(3); be->next(3),extracts-of-my-life,
578,297,171,269,0.0093,3.47,0.0967,3,1.1,25,0.1462,0.9298,0.2024,24,83,64,0.1852,0.2879,i->’m(3); i->get(3); you->do not worry(2); you->embrace(2); you->will find(2); you->have(2); be->different(2); people->think(2); think->what(2); embrace->it(2),fear-of-death-writing-the-alphabet-and-the-importance-of-embracing-ocd,
1487,649,373,589,0.0042,3.48,0.0628,12,1.1,81,0.2172,0.9062,0.2499,49,159,165,0.1418,0.2874,i->have(12); i->be(6); have->thought(6); it->be(4); i->get(3); friend->acquaintance(3); many other->in different way(3); be->good nothing(2); be->in one ’s life(2); be->able(2),succeeding-despite-ocd,
