slug,n_words,node_recurrence_rate,semantic_recurrence,agent_hhi,target_hhi
great-expectations-dickens-seg004,3356,0.09973753280839895,0.9945359945297241,0.0692155612244898,0.005065830152191857
up-from-slavery-washington-seg018,4733,0.10256410256410256,0.9916169881820679,0.05658691406249999,0.004367940247055444
adventures-of-tom-sawyer-seg034,3315,0.09534883720930233,0.9840586483478546,0.046371775356513385,0.006571697714923901
adventures-of-tom-sawyer-seg019,2880,0.10238429172510519,0.9861665427684784,0.08512373428834283,0.00893853305785124
adventures-of-tom-sawyer-seg008,1908,0.11836734693877551,0.9820603847503662,0.0867735781893192,0.010111941198057436
great-expectations-dickens-seg021,1754,0.11004784688995216,0.9871338903903961,0.11549948060941828,0.007894554283732223
picture-of-dorian-gray-seg005,4422,0.11879259980525804,0.9899042844772339,0.05769853490262423,0.004104477611940298
story-of-my-life-helen-keller-seg004,919,0.11627906976744186,0.9802648484706878,0.10880067212770428,0.012525510204081632
adventures-huckleberry-finn-seg031,1193,0.14186851211072665,0.988439416885376,0.13981604329094677,0.02618764808676563
picture-of-dorian-gray-seg006,4377,0.15625,0.9925151109695435,0.08728486488807329,0.005180626823104639
peter-pan-seg014,2301,0.1153184165232358,0.9862691998481751,0.070825,0.008333247174863783
adventures-of-tom-sawyer-seg033,1020,0.08116883116883117,0.980381453037262,0.062338408503303654,0.014214876033057851
narrative-frederick-douglass-seg012,2031,0.10970464135021098,0.9880401492118835,0.09922845142439737,0.007059212929145363
adventures-huckleberry-finn-seg009,4499,0.11519845111326234,0.9598684132099151,0.2157833312608897,0.004916052326253633
adventures-of-tom-sawyer-seg002,2382,0.08233532934131736,0.9839600205421448,0.08047075579543113,0.009068614360234293
up-from-slavery-washington-seg011,3448,0.11378848728246319,0.9910069167613983,0.04948397391487022,0.004059488399762046
up-from-slavery-washington-seg010,3352,0.12637362637362637,0.993958467245102,0.0415144874604334,0.0043170899054664836
story-of-my-life-helen-keller-seg001,477,0.05434782608695652,0.9431388676166534,0.06382978723404255,0.02599243856332703
great-expectations-dickens-seg002,3408,0.10165184243964422,0.9928281128406524,0.1245211004929954,0.006269597465213256
great-expectations-dickens-seg006,776,0.06532663316582915,0.9803290367126465,0.1640946502057613,0.013240997229916897
adventures-of-tom-sawyer-seg023,1006,0.07368421052631578,0.9875623762607575,0.14117801850796016,0.010171430127585408
adventures-huckleberry-finn-seg012,2884,0.1361573373676248,0.9910836219787598,0.1334949142849362,0.007628038194444445
up-from-slavery-washington-seg009,3475,0.11994609164420485,0.9924583613872529,0.05889565992865636,0.004988348280488666
adventures-huckleberry-finn-seg001,1146,0.09561752988047809,0.937720787525177,0.028848576467624083,0.018440457907176855
personal-memoirs-ulysses-grant-v1-seg011,4391,0.08527918781725888,0.9929376900196075,0.012399077277970011,0.003635703404541751
adventures-huckleberry-finn-seg041,2294,0.11071428571428571,0.9917408704757691,0.097994333209024,0.009890494640794953
adventures-huckleberry-finn-seg024,2234,0.10727272727272727,0.964287918806076,0.08942590237270295,0.008196793977315644
adventures-huckleberry-finn-seg037,2149,0.13409961685823754,0.9857711017131805,0.12514878892733564,0.008857308074503939
jane-eyre-bronte-seg025,3893,0.09211873080859775,0.9854850351810456,0.12875694085743802,0.006688132519947997
adventures-of-tom-sawyer-seg001,984,0.033816425120772944,0.9260124087333679,0.04623073719283632,0.022833803897919468
great-expectations-dickens-seg003,1948,0.10714285714285714,0.9889189839363098,0.16618775510204084,0.009828974723100603
jane-eyre-bronte-seg035,4765,0.12103004291845494,0.9921645164489746,0.1007514177693762,0.005250478162501904
adventures-huckleberry-finn-seg008,2682,0.12980769230769232,0.9946108877658844,0.21870614990080806,0.006524081632653061
jane-eyre-bronte-seg033,4554,0.09908256880733946,0.9915407359600067,0.11129741878617638,0.0037502163434024274
alices-adventures-in-wonderland-seg005,2185,0.1303501945525292,0.9892122089862824,0.09807986967492781,0.013454409469302809
peter-pan-seg008,3911,0.13710554951033732,0.9896054565906525,0.05403935185185185,0.004356146227339981
up-from-slavery-washington-seg004,4361,0.13665943600867678,0.9920233249664306,0.08727831172529273,0.003995567338579585
picture-of-dorian-gray-seg013,2761,0.12957317073170732,0.9914996802806855,0.12370756514118551,0.007292444538431546
alices-adventures-in-wonderland-seg004,2615,0.13136288998357964,0.9915908336639404,0.10663547571887168,0.0076062819074654885
story-of-my-life-helen-keller-seg018,1534,0.11873350923482849,0.989249974489212,0.2221467523142308,0.0085128908930497
adventures-huckleberry-finn-seg036,2652,0.1559792027729636,0.9925668418407441,0.09136358805399086,0.010364729185164947
jane-eyre-bronte-seg019,3735,0.08586956521739131,0.9901968836784363,0.10861073554416628,0.004534419080121995
great-expectations-dickens-seg037,2818,0.09144542772861357,0.9926352620124816,0.1259664965958672,0.005997525325357403
peter-pan-seg013,2861,0.11292517006802721,0.9902475237846374,0.10351192818725286,0.006995829626603851
story-of-my-life-helen-keller-seg017,1749,0.11529411764705882,0.9812849283218383,0.11612191663311217,0.007995528046458629
jane-eyre-bronte-seg013,4172,0.09767441860465116,0.9881974458694458,0.10198200627315834,0.004957336108220604
picture-of-dorian-gray-seg014,2500,0.1277602523659306,0.9870495617389679,0.1177235557318874,0.007140248356464573
great-expectations-dickens-seg036,2513,0.1317157712305026,0.9890022337436676,0.11336108719025319,0.007226239430899604
jane-eyre-bronte-seg031,3694,0.09750812567713976,0.9895714282989502,0.0609228431761131,0.005342664928119504
jane-eyre-bronte-seg014,4022,0.08761329305135952,0.9866689324378968,0.08590612244897959,0.004954048361034164
great-expectations-dickens-seg048,2692,0.0912,0.9888613760471344,0.09062571672817496,0.005834424634010874
story-of-my-life-helen-keller-seg002,1491,0.07936507936507936,0.9701959788799286,0.08770751098793426,0.008648317466302196
great-expectations-dickens-seg042,2975,0.1161764705882353,0.9895118653774262,0.13908339572231762,0.00753150452422374
great-expectations-dickens-seg038,4841,0.09829867674858223,0.9947918355464935,0.0818462150310924,0.005635599068026985
jane-eyre-bronte-seg009,2989,0.11734693877551021,0.9914941310882568,0.08739162727173526,0.007088688082215858
great-expectations-dickens-seg015,4221,0.09368421052631579,0.9932534337043762,0.0879980970066221,0.005296549289414702
up-from-slavery-washington-seg014,4721,0.12366737739872068,0.9918173372745513,0.1007702999501321,0.00365371854258124
picture-of-dorian-gray-seg001,425,0.12871287128712872,0.9120340168476104,0.041651833392666426,0.030310348991667676
adventures-of-tom-sawyer-seg011,2031,0.10211267605633803,0.9734307289123535,0.06933729042109735,0.008277414006865595
adventures-of-tom-sawyer-seg031,2999,0.12289780077619664,0.9905762314796448,0.039352315225231235,0.006387850014124949
story-of-my-life-helen-keller-seg009,1675,0.0894854586129754,0.9892313241958618,0.19717099610020494,0.0076063777028367386
great-expectations-dickens-seg047,2553,0.09929078014184398,0.9883599638938904,0.1954872483973013,0.0069843975661150175
narrative-frederick-douglass-seg008,2457,0.11565836298932385,0.9878026902675628,0.18626923947487553,0.007400624349635797
adventures-of-tom-sawyer-seg035,865,0.1062992125984252,0.9761122286319732,0.05365244536940687,0.014494978290425859
great-expectations-dickens-seg025,2932,0.10315186246418338,0.9864177286624909,0.090687362338799,0.007334352860397615
adventures-huckleberry-finn-seg018,3322,0.11284046692607004,0.9862514019012452,0.06400885019799216,0.005977253511966701
adventures-huckleberry-finn-seg016,2431,0.11578947368421053,0.9818086802959443,0.18835521449704143,0.008188062442607898
great-expectations-dickens-seg043,1944,0.12780269058295965,0.9858437716960907,0.14651449423045193,0.009338887395861327
adventures-huckleberry-finn-seg005,1375,0.1048158640226629,0.9724508881568908,0.1712811226799457,0.017193356934610576
personal-memoirs-ulysses-grant-v1-seg010,4866,0.11573604060913706,0.9942974865436554,0.01307178300840206,0.003172083654602033
adventures-huckleberry-finn-seg038,2560,0.11904761904761904,0.9864440143108368,0.08827664859629114,0.011464497041420118
narrative-frederick-douglass-seg005,1570,0.09020618556701031,0.9849356830120086,0.08086167800453514,0.00961973743775464
alices-adventures-in-wonderland-seg002,2098,0.11740890688259109,0.9940961062908172,0.13849834593572777,0.007449353237562312
adventures-huckleberry-finn-seg027,2891,0.13897280966767372,0.9892623484134674,0.11374095989480604,0.007737870195337114
great-expectations-dickens-seg005,4164,0.12200208550573514,0.9950326561927796,0.05112748458439601,0.005751487531983831
great-expectations-dickens-seg024,2276,0.10193321616871705,0.9891999781131744,0.10339944214914197,0.006515535941464396
picture-of-dorian-gray-seg017,3106,0.11524163568773234,0.9837359249591827,0.05792441630391769,0.005098319695465389
jane-eyre-bronte-seg012,4354,0.11214953271028037,0.9895049929618835,0.10863576476224697,0.004705513180775944
story-of-my-life-helen-keller-seg003,2265,0.09369676320272573,0.9917909681797028,0.19044366595427473,0.005993012631013169
alices-adventures-in-wonderland-seg008,2486,0.14516129032258066,0.9898064613342286,0.060908641975308646,0.007828673408685307
peter-pan-seg003,4123,0.13804713804713806,0.9936593532562256,0.07579931887879765,0.006412100422894894
adventures-of-tom-sawyer-seg010,2129,0.10945273631840796,0.9804950594902039,0.06161393458583802,0.008406099933863067
adventures-huckleberry-finn-seg020,3285,0.11825192802056556,0.9870570719242096,0.06357052308841304,0.007418041333751824
great-expectations-dickens-seg044,2879,0.10477657935285054,0.9914459526538849,0.17826165685830692,0.009083164782867342
story-of-my-life-helen-keller-seg019,2462,0.10423452768729642,0.9906771719455719,0.11465389408316567,0.0050643342435854445
great-expectations-dickens-seg045,2933,0.10176991150442478,0.9901936471462249,0.14035641270568508,0.006893713930308165
great-expectations-dickens-seg041,2157,0.09883720930232558,0.992234343290329,0.13390632151757106,0.008765243902439024
personal-memoirs-ulysses-grant-v2-seg005,494,0.1271186440677966,0.9860466897487641,0.19593425605536335,0.028261756307907466
adventures-huckleberry-finn-seg029,3561,0.11567164179104478,0.9951766729354858,0.14748727705112963,0.014886134928508335
great-expectations-dickens-seg016,1918,0.08541666666666667,0.9889864504337311,0.06713436385255649,0.007223439655872088
adventures-huckleberry-finn-seg023,2025,0.11530815109343936,0.9873957633972168,0.06133316963497825,0.009096320066249159
narrative-frederick-douglass-seg006,1655,0.09774436090225563,0.9855746984481811,0.2452089014320856,0.00801216548220227
adventures-huckleberry-finn-seg013,2855,0.1221264367816092,0.9883810341358185,0.09009044421653725,0.006570846536894522
peter-pan-seg006,2485,0.14067796610169492,0.9917974174022675,0.06600020551665418,0.00782006920415225
story-of-my-life-helen-keller-seg022,3688,0.08758314855875832,0.9901143431663513,0.08863869505198768,0.0037959090962038
adventures-of-tom-sawyer-seg030,2540,0.09724238026124818,0.981568455696106,0.056445977814656295,0.006577200081238576
great-expectations-dickens-seg009,2598,0.12478920741989882,0.9881021022796631,0.10826307630232113,0.007993280526877892
adventures-huckleberry-finn-seg034,2620,0.13675213675213677,0.9921904265880584,0.12975440759824428,0.008981122972403409
adventures-of-tom-sawyer-seg012,1468,0.0851581508515815,0.982242900133133,0.054855824682814296,0.011812916370962203
adventures-huckleberry-finn-seg039,2498,0.12283737024221453,0.9850708782672882,0.09133714003635829,0.012224326130541323
great-expectations-dickens-seg019,3345,0.10679611650485436,0.9954035997390747,0.18414745779281375,0.007528948463014397
adventures-of-tom-sawyer-seg036,1879,0.10505836575875487,0.9669585764408112,0.0705604825465078,0.013675951454559509
peter-pan-seg016,2965,0.13043478260869565,0.9881847500801086,0.06730563780104393,0.005087858128398669
great-expectations-dickens-seg033,2692,0.07890499194847021,0.9895041644573211,0.12434702109369834,0.008096424976179068
narrative-frederick-douglass-seg002,2041,0.08847736625514403,0.9870655834674835,0.09900018261504748,0.007147571056252167
alices-adventures-in-wonderland-seg001,2185,0.116,0.9878962695598602,0.12938695810348286,0.008317540275378356
jane-eyre-bronte-seg016,4995,0.10857142857142857,0.9916970074176789,0.14387577326095188,0.004558095824525914
great-expectations-dickens-seg030,3308,0.09637046307884856,0.9924412131309509,0.1455980781336314,0.006298375371661699
great-expectations-dickens-seg055,2837,0.11538461538461539,0.9898369908332825,0.0836940836940837,0.005803542641157534
adventures-huckleberry-finn-seg030,3690,0.1383495145631068,0.9922514796257019,0.08311506104054062,0.007718462263916809
narrative-frederick-douglass-seg004,1449,0.08,0.9826969683170319,0.06445759368836292,0.01311120891540472
great-expectations-dickens-seg001,1816,0.09655172413793103,0.9751497209072113,0.0883251591543467,0.009808831970284686
adventures-huckleberry-finn-seg003,2371,0.13725490196078433,0.9830568790435791,0.07088390519466824,0.01090126656560223
adventures-huckleberry-finn-seg011,1439,0.11764705882352941,0.9882717967033386,0.14215372064565002,0.011356850310476944
adventures-huckleberry-finn-seg007,2950,0.14523449319213314,0.9927752196788788,0.17533295293132126,0.007945693660133181
adventures-of-tom-sawyer-seg021,1674,0.11063829787234042,0.9886795341968536,0.07549672067901235,0.007775342910478046
great-expectations-dickens-seg054,2024,0.09473684210526316,0.9880901277065277,0.1345209416776088,0.007836651651240067
picture-of-dorian-gray-seg021,1922,0.13973799126637554,0.9890241503715516,0.1559336068350333,0.010496893160932252
story-of-my-life-helen-keller-seg014,2742,0.13851351351351351,0.9924431800842285,0.16140949870538238,0.008102870221808164
alices-adventures-in-wonderland-seg003,1701,0.13333333333333333,0.9889318168163299,0.06330905306971904,0.01221907482440309
story-of-my-life-helen-keller-seg013,1437,0.09814323607427056,0.9903219699859619,0.15095923506889702,0.011098147963580721
great-expectations-dickens-seg011,2494,0.10204081632653061,0.983596658706665,0.06090902472760805,0.007946589687867187
picture-of-dorian-gray-seg020,3585,0.117096018735363,0.9935472667217254,0.09857650688956365,0.006721225562576344
picture-of-dorian-gray-seg016,3136,0.1041388518024032,0.9848474442958832,0.07624192470483403,0.006531201199918361
adventures-of-tom-sawyer-seg003,1845,0.08888888888888889,0.9737938344478607,0.05780586676880846,0.008736998159532992
adventures-huckleberry-finn-seg010,1602,0.09137055837563451,0.9855556190013885,0.06173912368774296,0.008124203509459858
picture-of-dorian-gray-seg012,3225,0.12702702702702703,0.9937602400779724,0.07583840441787523,0.006573785750137665
peter-pan-seg009,1055,0.11971830985915492,0.9781781196594238,0.08427755102040817,0.01345427059712774
jane-eyre-bronte-seg038,3887,0.10749185667752444,0.9913530468940734,0.0950962110692323,0.004975002450740123
adventures-of-tom-sawyer-seg024,1914,0.09647495361781076,0.9778676807880402,0.04475392103839913,0.00807452959803684
adventures-of-tom-sawyer-seg020,778,0.12444444444444444,0.9866434872150421,0.18675977007059916,0.03050833705221307
alices-adventures-in-wonderland-seg009,2271,0.13682092555331993,0.9908976316452026,0.05869834710743802,0.009860513677913402
dracula-stoker-seg015,3555,0.1331521739130435,0.9917036712169647,0.18798227838614553,0.008029506181271772
story-of-my-life-helen-keller-seg006,995,0.09608540925266904,0.9842761874198913,0.18801806938292182,0.011911931325215118
narrative-frederick-douglass-seg007,1280,0.07407407407407407,0.981108820438385,0.07548664554096876,0.014198368871785971
picture-of-dorian-gray-seg010,3890,0.1411764705882353,0.995865398645401,0.12480336177723862,0.008662594034737877
adventures-huckleberry-finn-seg042,2645,0.11791730474732007,0.9874728798866272,0.09461789266278851,0.010709827782974055
adventures-huckleberry-finn-seg002,1409,0.12087912087912088,0.9904449820518494,0.15196230392460786,0.011457201274659693
peter-pan-seg004,2876,0.12426900584795321,0.9877613365650177,0.0654172251034322,0.006822041564736416
adventures-huckleberry-finn-seg004,1682,0.1275,0.987111097574234,0.12728363023541941,0.01049729814394236
great-expectations-dickens-seg026,2832,0.12539184952978055,0.9902192771434783,0.09646502835538753,0.005684634721082409
peter-pan-seg011,2314,0.09911504424778761,0.988087922334671,0.061447646644216466,0.009561007051818202
picture-of-dorian-gray-seg009,4421,0.13202247191011235,0.9880875706672668,0.06589633956952438,0.004302740031187347
personal-memoirs-ulysses-grant-v1-seg009,4428,0.10138740661686232,0.9944975435733795,0.012345560678239033,0.0045201055788947585
adventures-of-tom-sawyer-seg014,2448,0.10112359550561797,0.9848348259925842,0.06831915677124521,0.007005113221329439
jane-eyre-bronte-seg005,3191,0.10218978102189781,0.9881757855415344,0.08069799529258989,0.00617978959756654
adventures-of-tom-sawyer-seg032,2991,0.1016949152542373,0.9851861953735351,0.06889492735591454,0.008500219138056975
story-of-my-life-helen-keller-seg010,704,0.06666666666666667,0.9807447373867035,0.13931695127030402,0.015311909262759923
great-expectations-dickens-seg020,3125,0.11095505617977527,0.98708855509758,0.10117258157685026,0.007117295352283098
adventures-of-tom-sawyer-seg004,2248,0.08585858585858586,0.9902665436267852,0.13270005993382647,0.0068161256353701195
peter-pan-seg010,1948,0.11464968152866242,0.989588838815689,0.0674783446420118,0.0085208286923591
adventures-of-tom-sawyer-seg016,1677,0.08628318584070796,0.9805413782596588,0.13609467455621302,0.008805542769352168
